{"type":"FeatureCollection","features":[
{"type":"Feature","geometry":{"type":"Polygon","coordinates":[[[86.27341,26.08949],[86.2738,26.08947],[86.27583,26.08938],[86.27689,26.08857],[86.27711,26.08839],[86.27757,26.08714],[86.27766,26.08607],[86.27775,26.08565],[86.27821,26.08532],[86.27978,26.0854],[86.28116,26.08507],[86.283,26.08507],[86.28429,26.08474],[86.28568,26.08449],[86.28697,26.08483],[86.28864,26.08533],[86.29012,26.08533],[86.2915,26.08566],[86.29317,26.08641],[86.29399,26.08682],[86.29464,26.08683],[86.29501,26.08707],[86.29557,26.08757],[86.29807,26.08799],[86.29852,26.08807],[86.30157,26.08849],[86.30235,26.08868],[86.30306,26.08829],[86.30322,26.08794],[86.30259,26.08662],[86.30251,26.08586],[86.30289,26.08538],[86.3032,26.08517],[86.30389,26.08531],[86.30428,26.08524],[86.30458,26.08469],[86.30495,26.08324],[86.30549,26.08289],[86.30656,26.08241],[86.30779,26.08234],[86.30848,26.08144],[86.30933,26.08124],[86.3101,26.08137],[86.31102,26.08144],[86.31241,26.08145],[86.3131,26.08158],[86.31457,26.08255],[86.31541,26.08262],[86.31596,26.08249],[86.31664,26.082],[86.31695,26.082],[86.31741,26.08214],[86.31919,26.0829],[86.31989,26.08353],[86.32104,26.0845],[86.32214,26.08627],[86.3243,26.08582],[86.32507,26.08562],[86.32538,26.08569],[86.32554,26.08603],[86.32578,26.08638],[86.32639,26.08659],[86.32723,26.08666],[86.32806,26.08652],[86.32868,26.08479],[86.32906,26.08438],[86.33022,26.08458],[86.33084,26.08465],[86.33145,26.08431],[86.33138,26.08403],[86.33106,26.08382],[86.33044,26.08334],[86.33044,26.08299],[86.33113,26.08237],[86.33198,26.0823],[86.33228,26.08265],[86.3326,26.08293],[86.33314,26.08293],[86.33367,26.08224],[86.33451,26.08175],[86.33521,26.08154],[86.33582,26.08154],[86.33659,26.08217],[86.33721,26.08238],[86.33792,26.08242],[86.33792,26.08205],[86.33761,26.08157],[86.33699,26.08087],[86.33629,26.07984],[86.33628,26.07894],[86.33641,26.07846],[86.33541,26.07871],[86.33487,26.07878],[86.33295,26.07857],[86.33086,26.07871],[86.3304,26.07802],[86.3303,26.07518],[86.32976,26.07414],[86.32937,26.0738],[86.3269,26.07393],[86.32568,26.07421],[86.32498,26.07393],[86.3232,26.0722],[86.32274,26.07172],[86.32197,26.07172],[86.32181,26.07144],[86.32134,26.07013],[86.32002,26.06881],[86.31979,26.0686],[86.31879,26.06853],[86.31824,26.06819],[86.31809,26.06784],[86.31802,26.06756],[86.31801,26.06749],[86.31786,26.06736],[86.31763,26.06729],[86.31655,26.06777],[86.31463,26.06811],[86.31371,26.06839],[86.31286,26.06787],[86.31185,26.06711],[86.31185,26.06683],[86.31223,26.06621],[86.31223,26.06593],[86.31192,26.06579],[86.31084,26.06579],[86.31023,26.06579],[86.30952,26.06483],[86.30914,26.06462],[86.30875,26.06455],[86.30668,26.06482],[86.30291,26.06523],[86.30237,26.06523],[86.30214,26.06496],[86.30112,26.06226],[86.30096,26.06205],[86.30058,26.06205],[86.29904,26.06212],[86.2985,26.06205],[86.29787,26.06087],[86.29756,26.06053],[86.29733,26.06018],[86.29709,26.05817],[86.29721,26.05784],[86.2968,26.05776],[86.29595,26.05776],[86.29589,26.05787],[86.29588,26.0579],[86.29488,26.05811],[86.2938,26.05811],[86.29272,26.05831],[86.29257,26.059],[86.29211,26.05963],[86.29173,26.05963],[86.2915,26.05963],[86.29073,26.05914],[86.29011,26.059],[86.28896,26.05935],[86.28781,26.05983],[86.28658,26.06017],[86.28543,26.06066],[86.28435,26.06059],[86.28288,26.06031],[86.28188,26.06031],[86.28158,26.06031],[86.28111,26.06031],[86.28065,26.06024],[86.28035,26.06024],[86.28012,26.06134],[86.27914,26.06328],[86.27853,26.06554],[86.27862,26.06566],[86.27863,26.06745],[86.27863,26.06749],[86.27956,26.06897],[86.27994,26.07021],[86.27995,26.07121],[86.27913,26.07303],[86.27886,26.07436],[86.27915,26.07577],[86.27943,26.07668],[86.27934,26.07702],[86.27861,26.07727],[86.27824,26.07793],[86.27769,26.07901],[86.27769,26.07917],[86.27751,26.07951],[86.27677,26.07934],[86.27567,26.0795],[86.27465,26.07984],[86.27318,26.07992],[86.27216,26.07967],[86.27106,26.08008],[86.27051,26.08116],[86.27052,26.08282],[86.27062,26.08382],[86.27062,26.08448],[86.27035,26.0849],[86.26952,26.08514],[86.26943,26.08539],[86.26972,26.08706],[86.27094,26.0888],[86.27168,26.08988],[86.2726,26.08955],[86.27341,26.08949]]]},"properties":{"SUB_DIST":"Ghanshyampur","CEN_2001":"1013001401181200","TYPE":"Village","STATE":"Bihar","NAME":"Pohadi","DISTRICT":"Darbhanga"}},
{"type":"Feature","geometry":{"type":"Polygon","coordinates":[[[86.35909,26.08663],[86.35969,26.08699],[86.36204,26.08712],[86.36577,26.08709],[86.36823,26.08785],[86.36959,26.08819],[86.37139,26.08815],[86.37236,26.08812],[86.37305,26.0881],[86.37339,26.08835],[86.37336,26.089],[86.37451,26.08858],[86.3755,26.08817],[86.37662,26.08777],[86.37698,26.08732],[86.37722,26.08643],[86.3775,26.08624],[86.37778,26.08623],[86.37792,26.08623],[86.37816,26.08534],[86.37817,26.08503],[86.37826,26.08257],[86.37831,26.0813],[86.37798,26.08093],[86.37778,26.08069],[86.37766,26.08031],[86.3774,26.07988],[86.37735,26.07919],[86.37737,26.07868],[86.37786,26.07666],[86.37791,26.07508],[86.37753,26.07398],[86.37683,26.07331],[86.37593,26.07245],[86.37467,26.0714],[86.37352,26.07043],[86.37113,26.06961],[86.36968,26.06964],[86.36823,26.06949],[86.3677,26.06913],[86.36736,26.06888],[86.36701,26.06889],[86.36698,26.0689],[86.36692,26.06896],[86.36623,26.06975],[86.3656,26.07117],[86.36431,26.07309],[86.36292,26.0752],[86.36227,26.07693],[86.36224,26.07703],[86.36205,26.07799],[86.36161,26.07924],[86.36129,26.07992],[86.36101,26.08011],[86.36086,26.0802],[86.36012,26.08029],[86.35872,26.08009],[86.35616,26.07988],[86.35497,26.07977],[86.35337,26.07976],[86.35176,26.07985],[86.35061,26.07991],[86.35016,26.07993],[86.34962,26.08015],[86.34876,26.0805],[86.34823,26.08108],[86.34986,26.082],[86.35117,26.08222],[86.35308,26.08268],[86.35609,26.08368],[86.35763,26.0849],[86.35868,26.08638],[86.35909,26.08663]]]},"properties":{"SUB_DIST":"Madhepur","CEN_2001":"1005002100490600","TYPE":"Village","STATE":"Bihar","NAME":"Daldal","DISTRICT":"Madhubani"}},
{"type":"Feature","geometry":{"type":"Polygon","coordinates":[[[86.38316,26.08679],[86.38384,26.08677],[86.3844,26.08663],[86.38495,26.08662],[86.38544,26.08661],[86.38578,26.08666],[86.38612,26.08678],[86.38654,26.08677],[86.38722,26.08675],[86.3884,26.08672],[86.3901,26.08648],[86.39026,26.08468],[86.3904,26.08442],[86.39083,26.08422],[86.39146,26.08402],[86.39182,26.0837],[86.3923,26.08368],[86.39258,26.08368],[86.39326,26.08366],[86.39383,26.08312],[86.39434,26.08235],[86.39443,26.08178],[86.39467,26.08102],[86.3951,26.08057],[86.39566,26.08018],[86.39622,26.07991],[86.39706,26.0797],[86.39762,26.07956],[86.39803,26.07955],[86.39853,26.07935],[86.39881,26.07915],[86.39919,26.07845],[86.39981,26.07825],[86.40018,26.07774],[86.40054,26.07703],[86.40091,26.07658],[86.4012,26.07614],[86.40185,26.07549],[86.4024,26.07548],[86.40266,26.07549],[86.40269,26.0744],[86.40237,26.06979],[86.4021,26.06734],[86.40157,26.06769],[86.40109,26.06776],[86.40034,26.06778],[86.39882,26.06676],[86.39814,26.06666],[86.3976,26.06667],[86.39592,26.06603],[86.39569,26.06564],[86.39522,26.06655],[86.39436,26.06744],[86.39353,26.0679],[86.39278,26.0681],[86.39209,26.06824],[86.3912,26.06851],[86.3905,26.0689],[86.38878,26.0695],[86.38803,26.06952],[86.38701,26.06955],[86.38619,26.06956],[86.38538,26.06959],[86.38463,26.0696],[86.38367,26.06956],[86.3828,26.06921],[86.3818,26.0705],[86.38054,26.07152],[86.37956,26.07216],[86.37838,26.07287],[86.37683,26.07331],[86.37753,26.07398],[86.37791,26.07508],[86.37786,26.07666],[86.37737,26.07868],[86.37735,26.07919],[86.3774,26.07988],[86.37766,26.08031],[86.37778,26.08069],[86.37798,26.08093],[86.37831,26.0813],[86.37826,26.08257],[86.37817,26.08503],[86.37859,26.08495],[86.37908,26.08469],[86.37944,26.08436],[86.37979,26.08404],[86.38016,26.08353],[86.38039,26.08302],[86.3804,26.08251],[86.38042,26.08207],[86.38029,26.08195],[86.37981,26.08165],[86.37962,26.08146],[86.37956,26.08096],[86.37965,26.08052],[86.37988,26.08001],[86.38017,26.07956],[86.38046,26.07936],[86.38122,26.07915],[86.38164,26.07908],[86.38198,26.07907],[86.38254,26.07906],[86.38322,26.07904],[86.38356,26.07941],[86.38383,26.07953],[86.38396,26.07991],[86.38393,26.08047],[86.38363,26.08124],[86.38309,26.08276],[86.38297,26.08421],[86.38291,26.08573],[86.38316,26.08679]]]},"properties":{"SUB_DIST":"Madhepur","CEN_2001":"1005002100492200","TYPE":"Village","STATE":"Bihar","NAME":"Khajuri","DISTRICT":"Madhubani"}},
{"type":"Feature","geometry":{"type":"Polygon","coordinates":[[[86.33792,26.08242],[86.33793,26.08281],[86.3387,26.08357],[86.33926,26.08544],[86.33933,26.08572],[86.33956,26.08586],[86.34026,26.08572],[86.34148,26.08489],[86.3424,26.08427],[86.34432,26.08392],[86.3464,26.08351],[86.34758,26.08346],[86.34758,26.08271],[86.34769,26.08242],[86.34791,26.08185],[86.34823,26.08108],[86.34876,26.0805],[86.34962,26.08015],[86.35016,26.07993],[86.35061,26.07991],[86.35176,26.07985],[86.35337,26.07976],[86.35497,26.07977],[86.35616,26.07988],[86.35872,26.08009],[86.36012,26.08029],[86.36086,26.0802],[86.36101,26.08011],[86.36129,26.07992],[86.36161,26.07924],[86.36205,26.07799],[86.36224,26.07703],[86.36227,26.07693],[86.36292,26.0752],[86.36431,26.07309],[86.3656,26.07117],[86.36623,26.06975],[86.36692,26.06896],[86.36279,26.06888],[86.36253,26.06865],[86.36236,26.06762],[86.36252,26.06684],[86.36227,26.06681],[86.36201,26.06677],[86.36072,26.06715],[86.3596,26.06707],[86.35762,26.06707],[86.35719,26.067],[86.35693,26.06676],[86.35693,26.06568],[86.35666,26.06514],[86.35623,26.06499],[86.3552,26.06498],[86.35486,26.06498],[86.35451,26.06483],[86.35451,26.06444],[86.35433,26.06398],[86.35399,26.06398],[86.35356,26.06421],[86.35313,26.06421],[86.35321,26.06382],[86.35295,26.06351],[86.35264,26.06351],[86.35261,26.06351],[86.3502,26.06374],[86.34969,26.06357],[86.34941,26.06435],[86.34918,26.06498],[86.34895,26.06511],[86.3485,26.06511],[86.34834,26.06497],[86.34818,26.06463],[86.34788,26.06456],[86.34526,26.06456],[86.34488,26.06504],[86.34442,26.06615],[86.34412,26.06642],[86.34373,26.06649],[86.3425,26.0658],[86.34172,26.06511],[86.34149,26.06518],[86.34119,26.06559],[86.34088,26.06566],[86.34042,26.06559],[86.33994,26.064],[86.33964,26.06386],[86.33863,26.06386],[86.33772,26.06427],[86.33687,26.06427],[86.33533,26.06393],[86.33495,26.06389],[86.33463,26.06386],[86.33433,26.06413],[86.33425,26.0642],[86.33418,26.06531],[86.33472,26.06565],[86.33566,26.06683],[86.33604,26.06725],[86.33712,26.06732],[86.33843,26.06739],[86.33882,26.06794],[86.34068,26.07085],[86.3413,26.07099],[86.34192,26.07106],[86.3423,26.07106],[86.34238,26.07147],[86.34238,26.07175],[86.342,26.07195],[86.34123,26.07202],[86.34077,26.07223],[86.34055,26.07265],[86.34055,26.07355],[86.34017,26.07389],[86.33986,26.07403],[86.33925,26.07403],[86.33824,26.07389],[86.33771,26.07403],[86.33678,26.07451],[86.33679,26.07472],[86.33679,26.07506],[86.33718,26.07582],[86.33719,26.07624],[86.33712,26.07742],[86.33643,26.07838],[86.33641,26.07846],[86.33628,26.07894],[86.33629,26.07984],[86.33699,26.08087],[86.33761,26.08157],[86.33792,26.08205],[86.33792,26.08242]]]},"properties":{"SUB_DIST":"Ghanshyampur","CEN_2001":"1013001401182300","TYPE":"Village","STATE":"Bihar","NAME":"Burheb Inaitpur","DISTRICT":"Darbhanga"}},
{"type":"Feature","geometry":{"type":"Polygon","coordinates":[[[86.31802,26.06756],[86.31809,26.06784],[86.31824,26.06819],[86.31879,26.06853],[86.31979,26.0686],[86.32002,26.06881],[86.32134,26.07013],[86.32181,26.07144],[86.32197,26.07172],[86.32274,26.07172],[86.3232,26.0722],[86.32498,26.07393],[86.32568,26.07421],[86.3269,26.07393],[86.32937,26.0738],[86.32976,26.07414],[86.3303,26.07518],[86.3304,26.07802],[86.33086,26.07871],[86.33295,26.07857],[86.33487,26.07878],[86.33541,26.07871],[86.33641,26.07846],[86.33643,26.07838],[86.33712,26.07742],[86.33719,26.07624],[86.33718,26.07582],[86.33679,26.07506],[86.33679,26.07472],[86.33678,26.07451],[86.33771,26.07403],[86.33824,26.07389],[86.33925,26.07403],[86.33986,26.07403],[86.34017,26.07389],[86.34055,26.07355],[86.34055,26.07265],[86.34077,26.07223],[86.34123,26.07202],[86.342,26.07195],[86.34238,26.07175],[86.34238,26.07147],[86.3423,26.07106],[86.34192,26.07106],[86.3413,26.07099],[86.34068,26.07085],[86.33882,26.06794],[86.33843,26.06739],[86.33712,26.06732],[86.33604,26.06725],[86.33566,26.06683],[86.33472,26.06565],[86.33418,26.06531],[86.33425,26.0642],[86.33433,26.06413],[86.3323,26.06402],[86.33207,26.06374],[86.33206,26.06319],[86.33236,26.06188],[86.33298,26.06174],[86.33421,26.06167],[86.33436,26.06133],[86.33466,26.06133],[86.33482,26.06139],[86.33482,26.06174],[86.33482,26.06215],[86.33475,26.0625],[86.33475,26.06326],[86.33476,26.06375],[86.33495,26.06389],[86.33533,26.06393],[86.33687,26.06427],[86.33772,26.06427],[86.33863,26.06386],[86.33964,26.06386],[86.33994,26.064],[86.34042,26.06559],[86.34088,26.06566],[86.34119,26.06559],[86.34149,26.06518],[86.34172,26.06511],[86.3425,26.0658],[86.34373,26.06649],[86.34412,26.06642],[86.34442,26.06615],[86.34488,26.06504],[86.34526,26.06456],[86.34788,26.06456],[86.34818,26.06463],[86.34834,26.06497],[86.3485,26.06511],[86.34895,26.06511],[86.34918,26.06498],[86.34941,26.06435],[86.34969,26.06357],[86.34951,26.06351],[86.34908,26.06297],[86.34908,26.06189],[86.34907,26.06166],[86.34959,26.06135],[86.35044,26.06127],[86.3507,26.06119],[86.35087,26.06088],[86.35095,26.06042],[86.3506,26.05949],[86.35034,26.05918],[86.34957,26.0591],[86.34905,26.0591],[86.34904,26.05833],[86.34896,26.05802],[86.34861,26.05787],[86.34792,26.05787],[86.34475,26.05833],[86.34165,26.05825],[86.34071,26.05802],[86.34044,26.05763],[86.34008,26.055],[86.3391,26.04967],[86.33734,26.04534],[86.33708,26.04487],[86.33694,26.04472],[86.33682,26.04457],[86.33648,26.04441],[86.33545,26.04464],[86.33487,26.04436],[86.33476,26.04428],[86.3342,26.04462],[86.33377,26.04477],[86.33378,26.0457],[86.33379,26.04655],[86.33379,26.04694],[86.33276,26.0474],[86.32898,26.04832],[86.32709,26.04809],[86.32606,26.04824],[86.32452,26.04902],[86.32426,26.04902],[86.32426,26.04907],[86.32427,26.05011],[86.3245,26.05039],[86.32489,26.05059],[86.32497,26.05087],[86.32497,26.05149],[86.3243,26.05322],[86.32393,26.05544],[86.32248,26.05602],[86.32394,26.05661],[86.32563,26.05724],[86.32633,26.05779],[86.32648,26.0582],[86.3261,26.05869],[86.3258,26.0589],[86.32565,26.05952],[86.32565,26.06],[86.32611,26.06014],[86.32705,26.06118],[86.32713,26.0618],[86.32682,26.06236],[86.32621,26.06263],[86.32398,26.06284],[86.32098,26.06333],[86.32098,26.0638],[86.32099,26.0645],[86.32077,26.0665],[86.32031,26.06698],[86.31901,26.06705],[86.31802,26.06756]]]},"properties":{"SUB_DIST":"Ghanshyampur","CEN_2001":"1013001401182600","TYPE":"Village","STATE":"Bihar","NAME":"Ghanshyampur","DISTRICT":"Darbhanga"}},
{"type":"Feature","geometry":{"type":"Polygon","coordinates":[[[86.40266,26.07549],[86.40337,26.07552],[86.40582,26.0764],[86.40671,26.07676],[86.40753,26.07674],[86.40851,26.07652],[86.40991,26.07592],[86.41209,26.0748],[86.41273,26.07447],[86.4135,26.07426],[86.41412,26.07418],[86.41447,26.07417],[86.41474,26.07429],[86.41501,26.07447],[86.41534,26.07484],[86.41569,26.07483],[86.41651,26.075],[86.41662,26.07542],[86.41956,26.07402],[86.42485,26.07137],[86.43013,26.06902],[86.43365,26.06703],[86.43497,26.06589],[86.43561,26.06514],[86.43633,26.06371],[86.43851,26.06302],[86.43828,26.06249],[86.4369,26.06084],[86.43519,26.05948],[86.43414,26.05863],[86.43372,26.05766],[86.43372,26.05679],[86.43415,26.05554],[86.43427,26.05438],[86.43384,26.05303],[86.4331,26.05235],[86.43288,26.05216],[86.4316,26.05128],[86.42978,26.05107],[86.42858,26.05125],[86.42721,26.05144],[86.42507,26.05191],[86.42389,26.05229],[86.42218,26.05227],[86.42122,26.05179],[86.42079,26.0512],[86.42076,26.05117],[86.42064,26.05146],[86.42088,26.05232],[86.42088,26.05257],[86.42059,26.05308],[86.4203,26.05339],[86.41982,26.05359],[86.4192,26.05367],[86.41886,26.05368],[86.41845,26.05375],[86.41817,26.05388],[86.41795,26.05413],[86.41759,26.05464],[86.41737,26.05514],[86.41696,26.05533],[86.41648,26.05535],[86.41534,26.05513],[86.41499,26.05514],[86.41451,26.05533],[86.41416,26.05553],[86.4133,26.05679],[86.41274,26.05897],[86.4123,26.05985],[86.41222,26.06016],[86.41207,26.06054],[86.41225,26.06103],[86.4128,26.06127],[86.41326,26.06144],[86.41344,26.06218],[86.41348,26.06305],[86.41332,26.06348],[86.41277,26.06381],[86.41241,26.06407],[86.4122,26.06438],[86.41212,26.06457],[86.41183,26.06513],[86.41148,26.06558],[86.41099,26.0659],[86.41071,26.06603],[86.4101,26.06598],[86.4095,26.06569],[86.40891,26.06514],[86.4085,26.06515],[86.40816,26.06522],[86.4076,26.06542],[86.40733,26.06543],[86.40693,26.06532],[86.40672,26.06526],[86.40618,26.06527],[86.40584,26.06528],[86.4053,26.06536],[86.40364,26.06583],[86.40237,26.06717],[86.4021,26.06734],[86.40237,26.06979],[86.40269,26.0744],[86.40266,26.07549]]]},"properties":{"SUB_DIST":"Madhepur","CEN_2001":"1005002100492700","TYPE":"Village","STATE":"Bihar","NAME":"Bhargawan","DISTRICT":"Madhubani"}},
{"type":"Feature","geometry":{"type":"Polygon","coordinates":[[[86.37467,26.0714],[86.37593,26.07245],[86.37683,26.07331],[86.37838,26.07287],[86.37956,26.07216],[86.38054,26.07152],[86.3818,26.0705],[86.3828,26.06921],[86.38221,26.06867],[86.38161,26.06819],[86.38135,26.06807],[86.381,26.06808],[86.38026,26.0681],[86.37985,26.06811],[86.37965,26.06799],[86.37925,26.06775],[86.37862,26.06697],[86.37781,26.06797],[86.37701,26.06905],[86.37645,26.06962],[86.37581,26.07038],[86.37503,26.07114],[86.37467,26.0714]]]},"properties":{"SUB_DIST":"Madhepur","CEN_2001":"1005002100492300","TYPE":"Village","STATE":"Bihar","NAME":"Parsauni","DISTRICT":"Madhubani"}},
{"type":"Feature","geometry":{"type":"Polygon","coordinates":[[[86.36698,26.0689],[86.36701,26.06889],[86.36736,26.06888],[86.3677,26.06913],[86.36823,26.06949],[86.36968,26.06964],[86.37113,26.06961],[86.37352,26.07043],[86.37467,26.0714],[86.37503,26.07114],[86.37581,26.07038],[86.37645,26.06962],[86.37701,26.06905],[86.37781,26.06797],[86.37862,26.06697],[86.37847,26.06678],[86.37816,26.06598],[86.37805,26.06518],[86.37814,26.06456],[86.3792,26.06354],[86.38073,26.06269],[86.38179,26.06161],[86.38204,26.0603],[86.38275,26.05948],[86.38345,26.05897],[86.38428,26.05888],[86.38501,26.05755],[86.38535,26.05575],[86.38559,26.05481],[86.38562,26.05401],[86.38517,26.05327],[86.38499,26.05253],[86.38501,26.05204],[86.38543,26.05178],[86.38618,26.0517],[86.38678,26.05193],[86.3871,26.0526],[86.3877,26.05284],[86.38838,26.05282],[86.38874,26.05238],[86.38876,26.05182],[86.38847,26.05053],[86.3875,26.04903],[86.38669,26.04868],[86.38624,26.04794],[86.38586,26.04721],[86.38554,26.04672],[86.38486,26.04667],[86.38384,26.04664],[86.38364,26.04639],[86.3836,26.0459],[86.38418,26.04495],[86.38428,26.04384],[86.38451,26.04327],[86.38459,26.0429],[86.38515,26.04239],[86.38517,26.04195],[86.38512,26.04165],[86.38477,26.04159],[86.38444,26.0416],[86.37992,26.03988],[86.37971,26.04005],[86.37929,26.04062],[86.37896,26.04207],[86.37895,26.04284],[86.37949,26.0439],[86.3799,26.04435],[86.38002,26.04449],[86.38066,26.04517],[86.38087,26.04575],[86.38097,26.04652],[86.38097,26.04748],[86.38075,26.04844],[86.38033,26.04931],[86.37978,26.05143],[86.37935,26.05268],[86.37859,26.05364],[86.37785,26.05489],[86.37752,26.05575],[86.37708,26.05642],[86.37676,26.0571],[86.37666,26.05767],[86.37654,26.05825],[86.37643,26.05873],[86.37626,26.05905],[86.37622,26.05912],[86.3759,26.0596],[86.37526,26.05959],[86.37482,26.05968],[86.37418,26.05997],[86.37408,26.06045],[86.37418,26.06084],[86.37413,26.06113],[86.37407,26.06141],[86.3739,26.06159],[86.37354,26.06199],[86.37299,26.06266],[86.37214,26.06343],[86.37128,26.06409],[86.37053,26.06477],[86.36945,26.06572],[86.36871,26.06649],[86.36806,26.06745],[86.36698,26.0689]]]},"properties":{"SUB_DIST":"Madhepur","CEN_2001":"1005002100492500","TYPE":"Village","STATE":"Bihar","NAME":"Parwalpur","DISTRICT":"Madhubani"}},
{"type":"Feature","geometry":{"type":"Polygon","coordinates":[[[86.37862,26.06697],[86.37925,26.06775],[86.37965,26.06799],[86.37985,26.06811],[86.38026,26.0681],[86.381,26.06808],[86.38135,26.06807],[86.38161,26.06819],[86.38221,26.06867],[86.3828,26.06921],[86.38367,26.06956],[86.38463,26.0696],[86.38538,26.06959],[86.38619,26.06956],[86.38701,26.06955],[86.38803,26.06952],[86.38878,26.0695],[86.3905,26.0689],[86.3912,26.06851],[86.39209,26.06824],[86.39278,26.0681],[86.39353,26.0679],[86.39436,26.06744],[86.39522,26.06655],[86.39569,26.06564],[86.39535,26.06505],[86.39445,26.06352],[86.39369,26.06187],[86.39329,26.06002],[86.39264,26.0591],[86.39225,26.05862],[86.3916,26.05764],[86.39052,26.05767],[86.38997,26.05768],[86.38902,26.05777],[86.38813,26.05785],[86.38772,26.05786],[86.38731,26.05787],[86.38676,26.05807],[86.38641,26.05826],[86.38605,26.05858],[86.38564,26.0589],[86.38522,26.05916],[86.38495,26.05923],[86.38474,26.05924],[86.38447,26.05924],[86.38441,26.05912],[86.38428,26.05888],[86.38345,26.05897],[86.38275,26.05948],[86.38204,26.0603],[86.38179,26.06161],[86.38073,26.06269],[86.3792,26.06354],[86.37814,26.06456],[86.37805,26.06518],[86.37816,26.06598],[86.37847,26.06678],[86.37862,26.06697]]]},"properties":{"SUB_DIST":"Madhepur","CEN_2001":"1005002100492400","TYPE":"Village","STATE":"Bihar","NAME":"Balthi","DISTRICT":"Madhubani"}},
{"type":"Feature","geometry":{"type":"Polygon","coordinates":[[[86.36692,26.06896],[86.36698,26.0689],[86.36806,26.06745],[86.36871,26.06649],[86.36945,26.06572],[86.37053,26.06477],[86.37128,26.06409],[86.37214,26.06343],[86.37299,26.06266],[86.37354,26.06199],[86.3739,26.06159],[86.37407,26.06141],[86.37413,26.06113],[86.37418,26.06084],[86.37408,26.06045],[86.37418,26.05997],[86.37482,26.05968],[86.37526,26.05959],[86.3759,26.0596],[86.37622,26.05912],[86.37626,26.05905],[86.37643,26.05873],[86.37654,26.05825],[86.37666,26.05767],[86.37676,26.0571],[86.37708,26.05642],[86.37752,26.05575],[86.37785,26.05489],[86.37859,26.05364],[86.37935,26.05268],[86.37978,26.05143],[86.38033,26.04931],[86.38075,26.04844],[86.38097,26.04748],[86.38097,26.04652],[86.38087,26.04575],[86.38066,26.04517],[86.38002,26.04449],[86.3799,26.04435],[86.37949,26.0439],[86.37895,26.04284],[86.37896,26.04207],[86.37929,26.04062],[86.37971,26.04005],[86.37992,26.03988],[86.38068,26.03928],[86.38239,26.03862],[86.38336,26.03853],[86.38443,26.03864],[86.38486,26.03864],[86.38528,26.03864],[86.3856,26.03855],[86.38615,26.03819],[86.38625,26.03781],[86.38647,26.03743],[86.38665,26.03731],[86.38689,26.03714],[86.38733,26.03701],[86.38754,26.03695],[86.38781,26.03681],[86.38808,26.03667],[86.3885,26.03609],[86.38861,26.03571],[86.3887,26.03551],[86.38883,26.03522],[86.38926,26.03455],[86.38937,26.03388],[86.38937,26.03311],[86.38927,26.03243],[86.38905,26.03185],[86.38874,26.03127],[86.38831,26.03088],[86.38799,26.03074],[86.38767,26.03059],[86.3867,26.03058],[86.38574,26.03057],[86.38467,26.03028],[86.38425,26.02999],[86.38371,26.0294],[86.38339,26.02863],[86.38332,26.02828],[86.38319,26.02757],[86.38329,26.02632],[86.38351,26.02555],[86.38416,26.02507],[86.38469,26.02497],[86.38534,26.02498],[86.38662,26.02499],[86.38887,26.02501],[86.38951,26.02482],[86.38983,26.02453],[86.38983,26.02385],[86.38931,26.02308],[86.38834,26.02269],[86.38705,26.02229],[86.38673,26.022],[86.38577,26.02161],[86.3847,26.02121],[86.38396,26.02082],[86.383,26.01951],[86.38279,26.01865],[86.38268,26.01816],[86.38268,26.01768],[86.38269,26.01744],[86.38269,26.0172],[86.3829,26.01653],[86.38354,26.01614],[86.38387,26.01605],[86.38494,26.01596],[86.38558,26.01616],[86.38654,26.01626],[86.38718,26.01607],[86.38719,26.01569],[86.38698,26.0153],[86.38666,26.01501],[86.38623,26.01462],[86.3857,26.01423],[86.38516,26.01394],[86.38441,26.01364],[86.38303,26.01286],[86.38261,26.01227],[86.38249,26.01209],[86.38239,26.01131],[86.38239,26.01045],[86.3825,26.00977],[86.38271,26.0092],[86.38304,26.00852],[86.38368,26.00814],[86.38422,26.00795],[86.38529,26.00758],[86.38544,26.00749],[86.38589,26.00722],[86.38457,26.0066],[86.38419,26.00632],[86.3841,26.00591],[86.3838,26.00577],[86.38333,26.00577],[86.38249,26.00612],[86.38172,26.00646],[86.38111,26.00639],[86.38065,26.00625],[86.38056,26.00563],[86.38017,26.00535],[86.37872,26.00549],[86.37756,26.00625],[86.37726,26.00625],[86.37579,26.0048],[86.37555,26.00452],[86.37502,26.00445],[86.37424,26.00438],[86.3717,26.00465],[86.36871,26.00479],[86.36517,26.00555],[86.36478,26.00548],[86.36433,26.00541],[86.36211,26.00714],[86.36134,26.00734],[86.36026,26.00734],[86.35941,26.00769],[86.35941,26.00803],[86.35973,26.00866],[86.35973,26.00914],[86.3595,26.00942],[86.35867,26.01004],[86.35797,26.01038],[86.35782,26.0108],[86.35736,26.0108],[86.35697,26.01045],[86.35643,26.01038],[86.3549,26.01101],[86.35259,26.01176],[86.35083,26.01211],[86.34967,26.01211],[86.34937,26.01287],[86.34906,26.0128],[86.3489,26.01211],[86.34867,26.0119],[86.34805,26.0119],[86.34714,26.01224],[86.34667,26.01224],[86.34559,26.01169],[86.34482,26.01122],[86.34467,26.01186],[86.34475,26.01228],[86.34576,26.01311],[86.34615,26.01414],[86.34592,26.01511],[86.34547,26.01567],[86.34501,26.01608],[86.34479,26.01753],[86.34479,26.01802],[86.34518,26.01829],[86.34572,26.01899],[86.34627,26.01975],[86.34635,26.02072],[86.34613,26.02244],[86.34598,26.02314],[86.34599,26.02362],[86.34615,26.02403],[86.3466,26.02417],[86.34715,26.02417],[86.34784,26.02418],[86.34822,26.02431],[86.34853,26.02452],[86.34892,26.02466],[86.35046,26.02473],[86.35207,26.02418],[86.35336,26.02266],[86.35398,26.02238],[86.35545,26.02238],[86.35613,26.02238],[86.3566,26.02252],[86.35706,26.02294],[86.35753,26.02321],[86.3583,26.02335],[86.35991,26.02301],[86.36107,26.02308],[86.3623,26.02349],[86.36261,26.02363],[86.36269,26.02391],[86.36269,26.0246],[86.36269,26.02516],[86.36288,26.02549],[86.36308,26.02585],[86.36424,26.02592],[86.36509,26.02613],[86.36578,26.02633],[86.36594,26.02654],[86.36594,26.02716],[86.36595,26.02793],[86.36588,26.02848],[86.36542,26.02917],[86.36504,26.03007],[86.3642,26.0309],[86.36343,26.03152],[86.36337,26.03325],[86.3633,26.03498],[86.36269,26.0356],[86.36231,26.0356],[86.36139,26.0356],[86.36115,26.03546],[86.36061,26.03435],[86.36015,26.03421],[86.35922,26.03442],[86.3586,26.03421],[86.35815,26.03407],[86.35745,26.03407],[86.35676,26.03428],[86.35622,26.03421],[86.35599,26.03394],[86.35564,26.03351],[86.35543,26.03362],[86.35397,26.03417],[86.35266,26.03424],[86.35159,26.03424],[86.35112,26.0341],[86.35081,26.03382],[86.35043,26.03382],[86.34927,26.03417],[86.34835,26.03438],[86.3472,26.03431],[86.34681,26.0341],[86.34604,26.03341],[86.34557,26.03313],[86.34457,26.03313],[86.34434,26.03285],[86.34403,26.03285],[86.34396,26.03306],[86.34381,26.03451],[86.34312,26.03527],[86.34144,26.03575],[86.34083,26.03645],[86.34075,26.037],[86.34123,26.03914],[86.34123,26.0397],[86.34077,26.04032],[86.34078,26.04073],[86.34116,26.04115],[86.34117,26.04149],[86.34032,26.0417],[86.34018,26.0426],[86.33956,26.04288],[86.33949,26.04378],[86.33949,26.04419],[86.33942,26.04447],[86.33919,26.04447],[86.33875,26.04447],[86.33875,26.04583],[86.33876,26.04645],[86.33899,26.0468],[86.33923,26.04708],[86.34015,26.04708],[86.34077,26.04735],[86.34077,26.04798],[86.34093,26.04818],[86.34332,26.0486],[86.34525,26.04916],[86.34701,26.04888],[86.34747,26.04888],[86.3477,26.04833],[86.34808,26.04833],[86.34824,26.04847],[86.34847,26.04874],[86.35017,26.04957],[86.35241,26.05068],[86.35342,26.05089],[86.35361,26.05103],[86.35418,26.05048],[86.35495,26.05013],[86.35587,26.04923],[86.35671,26.04917],[86.35832,26.0491],[86.35909,26.04889],[86.35909,26.04875],[86.35893,26.0482],[86.35931,26.04778],[86.35993,26.04723],[86.36047,26.04709],[86.36078,26.04723],[86.36108,26.04744],[86.36109,26.04799],[86.36102,26.04931],[86.36159,26.05353],[86.3616,26.05463],[86.36153,26.05498],[86.36114,26.05512],[86.36091,26.05532],[86.36076,26.0556],[86.36053,26.05629],[86.36072,26.06003],[86.36072,26.06037],[86.36102,26.06044],[86.36141,26.06044],[86.36164,26.06058],[86.36172,26.061],[86.36268,26.06563],[86.36269,26.06619],[86.36227,26.06681],[86.36252,26.06684],[86.36236,26.06762],[86.36253,26.06865],[86.36279,26.06888],[86.36692,26.06896]]]},"properties":{"SUB_DIST":"Kiratpur","CEN_2001":"1013001501183300","TYPE":"Village","STATE":"Bihar","NAME":"Rasiari","DISTRICT":"Darbhanga"}},
{"type":"Feature","geometry":{"type":"Polygon","coordinates":[[[86.39569,26.06564],[86.39592,26.06603],[86.3976,26.06667],[86.39814,26.06666],[86.39882,26.06676],[86.40034,26.06778],[86.40109,26.06776],[86.40157,26.06769],[86.4021,26.06734],[86.40237,26.06717],[86.40364,26.06583],[86.4053,26.06536],[86.40584,26.06528],[86.40618,26.06527],[86.40672,26.06526],[86.40693,26.06532],[86.40733,26.06543],[86.4076,26.06542],[86.40816,26.06522],[86.4085,26.06515],[86.40891,26.06514],[86.4095,26.06569],[86.4101,26.06598],[86.41071,26.06603],[86.41099,26.0659],[86.41148,26.06558],[86.41183,26.06513],[86.41212,26.06457],[86.4122,26.06438],[86.41241,26.06407],[86.41277,26.06381],[86.41332,26.06348],[86.41348,26.06305],[86.41344,26.06218],[86.41326,26.06144],[86.4128,26.06127],[86.41225,26.06103],[86.41207,26.06054],[86.41222,26.06016],[86.4123,26.05985],[86.41274,26.05897],[86.4133,26.05679],[86.41416,26.05553],[86.41451,26.05533],[86.41499,26.05514],[86.41534,26.05513],[86.41648,26.05535],[86.41696,26.05533],[86.41737,26.05514],[86.41759,26.05464],[86.41795,26.05413],[86.41817,26.05388],[86.41845,26.05375],[86.41886,26.05368],[86.4192,26.05367],[86.41982,26.05359],[86.4203,26.05339],[86.42059,26.05308],[86.42088,26.05257],[86.42088,26.05232],[86.42064,26.05146],[86.42076,26.05117],[86.41866,26.04888],[86.41685,26.04732],[86.41471,26.04499],[86.4129,26.04314],[86.41226,26.04083],[86.41163,26.03851],[86.40992,26.03734],[86.40853,26.03704],[86.40682,26.03693],[86.40297,26.037],[86.40104,26.03689],[86.39826,26.03687],[86.39409,26.03646],[86.39281,26.03587],[86.39173,26.03586],[86.39077,26.03653],[86.38959,26.037],[86.38831,26.03719],[86.38733,26.03701],[86.38689,26.03714],[86.38665,26.03731],[86.38647,26.03743],[86.38625,26.03781],[86.38615,26.03819],[86.3856,26.03855],[86.38528,26.03864],[86.38486,26.03864],[86.38443,26.03864],[86.38336,26.03853],[86.38239,26.03862],[86.38068,26.03928],[86.37992,26.03988],[86.38444,26.0416],[86.38477,26.04159],[86.38512,26.04165],[86.38517,26.04195],[86.38515,26.04239],[86.38459,26.0429],[86.38451,26.04327],[86.38428,26.04384],[86.38418,26.04495],[86.3836,26.0459],[86.38364,26.04639],[86.38384,26.04664],[86.38486,26.04667],[86.38554,26.04672],[86.38586,26.04721],[86.38624,26.04794],[86.38669,26.04868],[86.3875,26.04903],[86.38847,26.05053],[86.38876,26.05182],[86.38874,26.05238],[86.38838,26.05282],[86.3877,26.05284],[86.3871,26.0526],[86.38678,26.05193],[86.38618,26.0517],[86.38543,26.05178],[86.38501,26.05204],[86.38499,26.05253],[86.38517,26.05327],[86.38562,26.05401],[86.38559,26.05481],[86.38535,26.05575],[86.38501,26.05755],[86.38428,26.05888],[86.38441,26.05912],[86.38447,26.05924],[86.38474,26.05924],[86.38495,26.05923],[86.38522,26.05916],[86.38564,26.0589],[86.38605,26.05858],[86.38641,26.05826],[86.38676,26.05807],[86.38731,26.05787],[86.38772,26.05786],[86.38813,26.05785],[86.38902,26.05777],[86.38997,26.05768],[86.39052,26.05767],[86.3916,26.05764],[86.39225,26.05862],[86.39264,26.0591],[86.39329,26.06002],[86.39369,26.06187],[86.39445,26.06352],[86.39535,26.06505],[86.39569,26.06564]]]},"properties":{"SUB_DIST":"Madhepur","CEN_2001":"1005002100492600","TYPE":"Village","STATE":"Bihar","NAME":"Bakwa","DISTRICT":"Madhubani"}},
{"type":"Feature","geometry":{"type":"Polygon","coordinates":[[[86.35264,26.06351],[86.35295,26.06351],[86.35321,26.06382],[86.35313,26.06421],[86.35356,26.06421],[86.35399,26.06398],[86.35433,26.06398],[86.35451,26.06444],[86.35451,26.06483],[86.35486,26.06498],[86.3552,26.06498],[86.35623,26.06499],[86.35666,26.06514],[86.35693,26.06568],[86.35693,26.06676],[86.35719,26.067],[86.35762,26.06707],[86.3596,26.06707],[86.36072,26.06715],[86.36201,26.06677],[86.36227,26.06681],[86.36269,26.06619],[86.36268,26.06563],[86.36172,26.061],[86.36164,26.06058],[86.36141,26.06044],[86.36102,26.06044],[86.36072,26.06037],[86.36072,26.06003],[86.36053,26.05629],[86.36076,26.0556],[86.36091,26.05532],[86.36114,26.05512],[86.36153,26.05498],[86.3616,26.05463],[86.36159,26.05353],[86.36102,26.04931],[86.36109,26.04799],[86.36108,26.04744],[86.36078,26.04723],[86.36047,26.04709],[86.35993,26.04723],[86.35931,26.04778],[86.35893,26.0482],[86.35909,26.04875],[86.35909,26.04889],[86.35832,26.0491],[86.35671,26.04917],[86.35587,26.04923],[86.35495,26.05013],[86.35418,26.05048],[86.35361,26.05103],[86.3538,26.05117],[86.35403,26.05145],[86.35474,26.054],[86.3546,26.05511],[86.35445,26.05532],[86.35399,26.05539],[86.3536,26.05539],[86.35322,26.05566],[86.35307,26.05601],[86.35286,26.05954],[86.35311,26.06196],[86.35303,26.06279],[86.35264,26.06351]]]},"properties":{"SUB_DIST":"Ghanshyampur","CEN_2001":"1013001401183200","TYPE":"Village","STATE":"Bihar","NAME":"Asma","DISTRICT":"Darbhanga"}},
{"type":"Feature","geometry":{"type":"Polygon","coordinates":[[[86.33433,26.06413],[86.33463,26.06386],[86.33495,26.06389],[86.33476,26.06375],[86.33475,26.06326],[86.33475,26.0625],[86.33482,26.06215],[86.33482,26.06174],[86.33482,26.06139],[86.33466,26.06133],[86.33436,26.06133],[86.33421,26.06167],[86.33298,26.06174],[86.33236,26.06188],[86.33206,26.06319],[86.33207,26.06374],[86.3323,26.06402],[86.33433,26.06413]]]},"properties":{"SUB_DIST":"Ghanshyampur","CEN_2001":"1013001401182500","TYPE":"Village","STATE":"Bihar","NAME":"Burheb","DISTRICT":"Darbhanga"}},
{"type":"Feature","geometry":{"type":"Polygon","coordinates":[[[86.34969,26.06357],[86.3502,26.06374],[86.35261,26.06351],[86.35264,26.06351],[86.35303,26.06279],[86.35311,26.06196],[86.35286,26.05954],[86.35307,26.05601],[86.35322,26.05566],[86.3536,26.05539],[86.35399,26.05539],[86.35445,26.05532],[86.3546,26.05511],[86.35474,26.054],[86.35403,26.05145],[86.3538,26.05117],[86.35361,26.05103],[86.35342,26.05089],[86.35241,26.05068],[86.35017,26.04957],[86.34847,26.04874],[86.34824,26.04847],[86.34808,26.04833],[86.3477,26.04833],[86.34747,26.04888],[86.34701,26.04888],[86.34525,26.04916],[86.34332,26.0486],[86.34093,26.04818],[86.34077,26.04798],[86.34077,26.04735],[86.34015,26.04708],[86.33923,26.04708],[86.33899,26.0468],[86.33876,26.04645],[86.33875,26.04583],[86.33875,26.04447],[86.33842,26.04447],[86.33796,26.04426],[86.33749,26.04426],[86.33694,26.04472],[86.33708,26.04487],[86.33734,26.04534],[86.3391,26.04967],[86.34008,26.055],[86.34044,26.05763],[86.34071,26.05802],[86.34165,26.05825],[86.34475,26.05833],[86.34792,26.05787],[86.34861,26.05787],[86.34896,26.05802],[86.34904,26.05833],[86.34905,26.0591],[86.34957,26.0591],[86.35034,26.05918],[86.3506,26.05949],[86.35095,26.06042],[86.35087,26.06088],[86.3507,26.06119],[86.35044,26.06127],[86.34959,26.06135],[86.34907,26.06166],[86.34908,26.06189],[86.34908,26.06297],[86.34951,26.06351],[86.34969,26.06357]]]},"properties":{"SUB_DIST":"Ghanshyampur","CEN_2001":"1013001401182400","TYPE":"Village","STATE":"Bihar","NAME":"Faizullahpur","DISTRICT":"Darbhanga"}},
{"type":"Feature","geometry":{"type":"Polygon","coordinates":[[[86.42076,26.05117],[86.42079,26.0512],[86.42122,26.05179],[86.42218,26.05227],[86.42389,26.05229],[86.42507,26.05191],[86.42721,26.05144],[86.42858,26.05125],[86.42978,26.05107],[86.4316,26.05128],[86.43288,26.05216],[86.4331,26.05235],[86.43331,26.0522],[86.43393,26.05212],[86.43399,26.0521],[86.43538,26.05213],[86.43775,26.05241],[86.43893,26.05227],[86.43953,26.05167],[86.44004,26.05116],[86.44007,26.05101],[86.4402,26.0502],[86.44007,26.04934],[86.44004,26.04915],[86.43979,26.04839],[86.43921,26.04755],[86.43866,26.0472],[86.438,26.04703],[86.4378,26.04714],[86.4376,26.04753],[86.43723,26.0486],[86.43672,26.0491],[86.43619,26.04913],[86.43575,26.04895],[86.4352,26.04859],[86.43298,26.04504],[86.43249,26.04358],[86.43247,26.04353],[86.4324,26.04229],[86.43317,26.03861],[86.43309,26.03708],[86.43238,26.03577],[86.43203,26.03511],[86.43242,26.03433],[86.43246,26.03308],[86.43212,26.03108],[86.42824,26.03092],[86.4221,26.03083],[86.41883,26.0304],[86.41465,26.02881],[86.41219,26.02822],[86.41039,26.02703],[86.41038,26.02696],[86.41,26.02549],[86.4104,26.02279],[86.41164,26.01942],[86.41177,26.01782],[86.41135,26.01431],[86.41006,26.01077],[86.40969,26.00975],[86.40829,26.00993],[86.40406,26.00892],[86.40295,26.00868],[86.40217,26.00893],[86.40109,26.00919],[86.40051,26.00872],[86.39974,26.00762],[86.39941,26.00729],[86.39879,26.00746],[86.39776,26.00722],[86.39627,26.00728],[86.39573,26.00759],[86.39505,26.00811],[86.39457,26.00792],[86.39421,26.00709],[86.39323,26.0065],[86.39197,26.00634],[86.39166,26.00649],[86.39043,26.00697],[86.38737,26.00778],[86.38675,26.00775],[86.38621,26.00766],[86.38544,26.00749],[86.38529,26.00758],[86.38422,26.00795],[86.38368,26.00814],[86.38304,26.00852],[86.38271,26.0092],[86.3825,26.00977],[86.38239,26.01045],[86.38239,26.01131],[86.38249,26.01209],[86.38261,26.01227],[86.38303,26.01286],[86.38441,26.01364],[86.38516,26.01394],[86.3857,26.01423],[86.38623,26.01462],[86.38666,26.01501],[86.38698,26.0153],[86.38719,26.01569],[86.38718,26.01607],[86.38654,26.01626],[86.38558,26.01616],[86.38494,26.01596],[86.38387,26.01605],[86.38354,26.01614],[86.3829,26.01653],[86.38269,26.0172],[86.38269,26.01744],[86.38268,26.01768],[86.38268,26.01816],[86.38279,26.01865],[86.383,26.01951],[86.38396,26.02082],[86.3847,26.02121],[86.38577,26.02161],[86.38673,26.022],[86.38705,26.02229],[86.38834,26.02269],[86.38931,26.02308],[86.38983,26.02385],[86.38983,26.02453],[86.38951,26.02482],[86.38887,26.02501],[86.38662,26.02499],[86.38534,26.02498],[86.38469,26.02497],[86.38416,26.02507],[86.38351,26.02555],[86.38329,26.02632],[86.38319,26.02757],[86.38332,26.02828],[86.38339,26.02863],[86.38371,26.0294],[86.38425,26.02999],[86.38467,26.03028],[86.38574,26.03057],[86.3867,26.03058],[86.38767,26.03059],[86.38799,26.03074],[86.38831,26.03088],[86.38874,26.03127],[86.38905,26.03185],[86.38927,26.03243],[86.38937,26.03311],[86.38937,26.03388],[86.38926,26.03455],[86.38883,26.03522],[86.3887,26.03551],[86.38861,26.03571],[86.3885,26.03609],[86.38808,26.03667],[86.38781,26.03681],[86.38754,26.03695],[86.38733,26.03701],[86.38831,26.03719],[86.38959,26.037],[86.39077,26.03653],[86.39173,26.03586],[86.39281,26.03587],[86.39409,26.03646],[86.39826,26.03687],[86.40104,26.03689],[86.40297,26.037],[86.40682,26.03693],[86.40853,26.03704],[86.40992,26.03734],[86.41163,26.03851],[86.41226,26.04083],[86.4129,26.04314],[86.41471,26.04499],[86.41685,26.04732],[86.41866,26.04888],[86.42076,26.05117]]]},"properties":{"SUB_DIST":"Nauhatta","CEN_2001":"1012000101029700","TYPE":"Village","STATE":"Bihar","NAME":"Bakaunia","DISTRICT":"Saharsa"}},
{"type":"Feature","geometry":{"type":"Polygon","coordinates":[[[86.32426,26.04902],[86.32452,26.04902],[86.32606,26.04824],[86.32709,26.04809],[86.32898,26.04832],[86.33276,26.0474],[86.33379,26.04694],[86.33379,26.04655],[86.33378,26.0457],[86.33377,26.04477],[86.3342,26.04462],[86.33476,26.04428],[86.33331,26.04327],[86.33202,26.04204],[86.33115,26.04188],[86.33012,26.04188],[86.32926,26.0418],[86.32883,26.04172],[86.32796,26.04064],[86.32771,26.04041],[86.32658,26.04041],[86.32607,26.04041],[86.32538,26.0401],[86.32512,26.03956],[86.32494,26.03925],[86.3246,26.03925],[86.32391,26.03925],[86.32356,26.03909],[86.32356,26.03871],[86.32356,26.03816],[86.3239,26.03762],[86.32433,26.03693],[86.32432,26.03631],[86.32406,26.036],[86.32372,26.03577],[86.32328,26.03546],[86.32259,26.03538],[86.32216,26.03484],[86.32156,26.03438],[86.32155,26.0336],[86.3212,26.0326],[86.32008,26.03236],[86.31896,26.03283],[86.31844,26.03275],[86.31819,26.03267],[86.31835,26.03151],[86.31844,26.03097],[86.31834,26.03059],[86.318,26.03043],[86.31757,26.03043],[86.31751,26.03043],[86.31731,26.03043],[86.31663,26.03144],[86.31569,26.0319],[86.31397,26.0319],[86.31097,26.03243],[86.31002,26.03274],[86.30968,26.03336],[86.309,26.03375],[86.30814,26.03421],[86.30762,26.0349],[86.30669,26.03544],[86.30515,26.03598],[86.30472,26.03637],[86.30447,26.03722],[86.30353,26.04103],[86.30418,26.04251],[86.3047,26.04305],[86.3053,26.04305],[86.30573,26.04313],[86.30573,26.04343],[86.30591,26.04452],[86.30617,26.04459],[86.30651,26.0446],[86.30986,26.04406],[86.31046,26.04437],[86.31184,26.04452],[86.31253,26.04475],[86.31392,26.0463],[86.31496,26.04708],[86.31539,26.04715],[86.31763,26.04716],[86.31883,26.04762],[86.32107,26.04778],[86.32279,26.04847],[86.32383,26.04902],[86.32426,26.04902]]]},"properties":{"SUB_DIST":"Ghanshyampur","CEN_2001":"1013001401182900","TYPE":"Village","STATE":"Bihar","NAME":"Mahathwar","DISTRICT":"Darbhanga"}},
{"type":"Feature","geometry":{"type":"Polygon","coordinates":[[[86.33476,26.04428],[86.33487,26.04436],[86.33545,26.04464],[86.33648,26.04441],[86.33682,26.04457],[86.33694,26.04472],[86.33749,26.04426],[86.33796,26.04426],[86.33842,26.04447],[86.33875,26.04447],[86.33919,26.04447],[86.33942,26.04447],[86.33949,26.04419],[86.33949,26.04378],[86.33956,26.04288],[86.34018,26.0426],[86.34032,26.0417],[86.34117,26.04149],[86.34116,26.04115],[86.34078,26.04073],[86.34077,26.04032],[86.34123,26.0397],[86.34123,26.03914],[86.34075,26.037],[86.34083,26.03645],[86.34144,26.03575],[86.34312,26.03527],[86.34381,26.03451],[86.34396,26.03306],[86.34403,26.03285],[86.34434,26.03285],[86.34457,26.03313],[86.34557,26.03313],[86.34604,26.03341],[86.34681,26.0341],[86.3472,26.03431],[86.34835,26.03438],[86.34927,26.03417],[86.35043,26.03382],[86.35081,26.03382],[86.35112,26.0341],[86.35159,26.03424],[86.35266,26.03424],[86.35397,26.03417],[86.35543,26.03362],[86.35564,26.03351],[86.35537,26.03317],[86.35496,26.02985],[86.35495,26.02895],[86.35533,26.0284],[86.35648,26.02833],[86.35887,26.02868],[86.35979,26.02875],[86.36134,26.02847],[86.36149,26.02834],[86.36149,26.02785],[86.36079,26.02771],[86.36017,26.02723],[86.35979,26.02688],[86.35978,26.02661],[86.35993,26.02633],[86.3607,26.02647],[86.36102,26.02647],[86.36224,26.02564],[86.36288,26.02549],[86.36269,26.02516],[86.36269,26.0246],[86.36269,26.02391],[86.36261,26.02363],[86.3623,26.02349],[86.36107,26.02308],[86.35991,26.02301],[86.3583,26.02335],[86.35753,26.02321],[86.35706,26.02294],[86.3566,26.02252],[86.35613,26.02238],[86.35545,26.02238],[86.35398,26.02238],[86.35336,26.02266],[86.35207,26.02418],[86.35046,26.02473],[86.34892,26.02466],[86.34853,26.02452],[86.34822,26.02431],[86.34784,26.02418],[86.34715,26.02417],[86.3466,26.02417],[86.34615,26.02403],[86.34599,26.02362],[86.34598,26.02314],[86.34613,26.02244],[86.34635,26.02072],[86.34627,26.01975],[86.34572,26.01899],[86.34518,26.01829],[86.34479,26.01802],[86.34479,26.01753],[86.34501,26.01608],[86.34547,26.01567],[86.34592,26.01511],[86.34615,26.01414],[86.34576,26.01311],[86.34475,26.01228],[86.34467,26.01186],[86.34482,26.01122],[86.34443,26.011],[86.34381,26.01017],[86.34319,26.00989],[86.34258,26.00968],[86.34179,26.00968],[86.34309,26.01123],[86.34309,26.01185],[86.34309,26.01216],[86.3425,26.01246],[86.34224,26.01285],[86.34225,26.01355],[86.34234,26.01486],[86.34217,26.01517],[86.34174,26.0154],[86.34132,26.01594],[86.34073,26.01733],[86.34029,26.01741],[86.33978,26.01733],[86.33952,26.01756],[86.33901,26.01803],[86.33867,26.01803],[86.33824,26.01833],[86.33781,26.01918],[86.33765,26.01965],[86.33722,26.0198],[86.3361,26.01988],[86.33447,26.01972],[86.33369,26.01988],[86.33241,26.02034],[86.33155,26.02049],[86.32906,26.02065],[86.32845,26.02065],[86.32776,26.02003],[86.32646,26.0191],[86.32578,26.01879],[86.32535,26.01879],[86.32431,26.01871],[86.32267,26.0185],[86.32267,26.01857],[86.32224,26.01888],[86.32165,26.01934],[86.3213,26.01965],[86.32097,26.0212],[86.32055,26.02197],[86.31953,26.02328],[86.31824,26.02375],[86.31764,26.02436],[86.31756,26.02467],[86.31756,26.02498],[86.31843,26.02591],[86.31843,26.02622],[86.31826,26.02653],[86.31766,26.0273],[86.31751,26.03032],[86.31751,26.03043],[86.31757,26.03043],[86.318,26.03043],[86.31834,26.03059],[86.31844,26.03097],[86.31835,26.03151],[86.31819,26.03267],[86.31844,26.03275],[86.31896,26.03283],[86.32008,26.03236],[86.3212,26.0326],[86.32155,26.0336],[86.32156,26.03438],[86.32216,26.03484],[86.32259,26.03538],[86.32328,26.03546],[86.32372,26.03577],[86.32406,26.036],[86.32432,26.03631],[86.32433,26.03693],[86.3239,26.03762],[86.32356,26.03816],[86.32356,26.03871],[86.32356,26.03909],[86.32391,26.03925],[86.3246,26.03925],[86.32494,26.03925],[86.32512,26.03956],[86.32538,26.0401],[86.32607,26.04041],[86.32658,26.04041],[86.32771,26.04041],[86.32796,26.04064],[86.32883,26.04172],[86.32926,26.0418],[86.33012,26.04188],[86.33115,26.04188],[86.33202,26.04204],[86.33331,26.04327],[86.33476,26.04428]]]},"properties":{"SUB_DIST":"Ghanshyampur","CEN_2001":"1013001401183000","TYPE":"Village","STATE":"Bihar","NAME":"Salahpur Lagma","DISTRICT":"Darbhanga"}},
{"type":"Feature","geometry":{"type":"Polygon","coordinates":[[[86.35564,26.03351],[86.35599,26.03394],[86.35622,26.03421],[86.35676,26.03428],[86.35745,26.03407],[86.35815,26.03407],[86.3586,26.03421],[86.35922,26.03442],[86.36015,26.03421],[86.36061,26.03435],[86.36115,26.03546],[86.36139,26.0356],[86.36231,26.0356],[86.36269,26.0356],[86.3633,26.03498],[86.36337,26.03325],[86.36343,26.03152],[86.3642,26.0309],[86.36504,26.03007],[86.36542,26.02917],[86.36588,26.02848],[86.36595,26.02793],[86.36594,26.02716],[86.36594,26.02654],[86.36578,26.02633],[86.36509,26.02613],[86.36424,26.02592],[86.36308,26.02585],[86.36288,26.02549],[86.36224,26.02564],[86.36102,26.02647],[86.3607,26.02647],[86.35993,26.02633],[86.35978,26.02661],[86.35979,26.02688],[86.36017,26.02723],[86.36079,26.02771],[86.36149,26.02785],[86.36149,26.02834],[86.36134,26.02847],[86.35979,26.02875],[86.35887,26.02868],[86.35648,26.02833],[86.35533,26.0284],[86.35495,26.02895],[86.35496,26.02985],[86.35537,26.03317],[86.35564,26.03351]]]},"properties":{"SUB_DIST":"Ghanshyampur","CEN_2001":"1013001401183100","TYPE":"Village","STATE":"Bihar","NAME":"Dohatha","DISTRICT":"Darbhanga"}},
{"type":"Feature","geometry":{"type":"Polygon","coordinates":[[[86.32175,26.01581],[86.32179,26.01587],[86.32223,26.01726],[86.32267,26.01818],[86.32267,26.0185],[86.32431,26.01871],[86.32535,26.01879],[86.32578,26.01879],[86.32646,26.0191],[86.32776,26.02003],[86.32845,26.02065],[86.32906,26.02065],[86.33155,26.02049],[86.33241,26.02034],[86.33369,26.01988],[86.33447,26.01972],[86.3361,26.01988],[86.33722,26.0198],[86.33765,26.01965],[86.33781,26.01918],[86.33824,26.01833],[86.33867,26.01803],[86.33901,26.01803],[86.33952,26.01756],[86.33978,26.01733],[86.34029,26.01741],[86.34073,26.01733],[86.34132,26.01594],[86.34174,26.0154],[86.34217,26.01517],[86.34234,26.01486],[86.34225,26.01355],[86.34224,26.01285],[86.3425,26.01246],[86.34309,26.01216],[86.34309,26.01185],[86.34309,26.01123],[86.34179,26.00968],[86.34135,26.00813],[86.34056,26.00682],[86.34021,26.0052],[86.33986,26.00466],[86.33934,26.00442],[86.33924,26.00441],[86.33857,26.00434],[86.33788,26.0045],[86.33728,26.00458],[86.33702,26.00427],[86.33701,26.00388],[86.3365,26.00388],[86.33582,26.00458],[86.33504,26.00457],[86.33436,26.0045],[86.3335,26.00527],[86.33316,26.00519],[86.33281,26.00504],[86.33273,26.00465],[86.33238,26.00457],[86.33066,26.00496],[86.32912,26.00496],[86.32877,26.00472],[86.32868,26.00434],[86.32808,26.00434],[86.32731,26.00526],[86.3268,26.00526],[86.32651,26.00495],[86.32645,26.00488],[86.3237,26.00526],[86.32207,26.00619],[86.32105,26.00758],[86.32123,26.0082],[86.32124,26.00974],[86.321,26.01191],[86.32196,26.01423],[86.32196,26.01492],[86.32179,26.01554],[86.32175,26.01581]]]},"properties":{"SUB_DIST":"Gora Bauram","CEN_2001":"1013001601188800","TYPE":"Village","STATE":"Bihar","NAME":"Mansara","DISTRICT":"Darbhanga"}},
{"type":"Feature","geometry":{"type":"Polygon","coordinates":[[[86.34179,26.00968],[86.34258,26.00968],[86.34319,26.00989],[86.34381,26.01017],[86.34443,26.011],[86.34482,26.01122],[86.34559,26.01169],[86.34667,26.01224],[86.34714,26.01224],[86.34805,26.0119],[86.34867,26.0119],[86.3489,26.01211],[86.34906,26.0128],[86.34937,26.01287],[86.34967,26.01211],[86.35083,26.01211],[86.35259,26.01176],[86.3549,26.01101],[86.35643,26.01038],[86.35697,26.01045],[86.35736,26.0108],[86.35782,26.0108],[86.35797,26.01038],[86.35867,26.01004],[86.3595,26.00942],[86.35973,26.00914],[86.35973,26.00866],[86.35941,26.00803],[86.35941,26.00769],[86.36026,26.00734],[86.36134,26.00734],[86.36211,26.00714],[86.36433,26.00541],[86.36478,26.00548],[86.36517,26.00555],[86.36871,26.00479],[86.3717,26.00465],[86.37424,26.00438],[86.37502,26.00445],[86.37555,26.00452],[86.37579,26.0048],[86.37726,26.00625],[86.37756,26.00625],[86.37872,26.00549],[86.38017,26.00535],[86.38056,26.00563],[86.38065,26.00625],[86.38111,26.00639],[86.38172,26.00646],[86.38249,26.00612],[86.38333,26.00577],[86.3838,26.00577],[86.3841,26.00591],[86.38419,26.00632],[86.38457,26.0066],[86.38589,26.00722],[86.38625,26.007],[86.38697,26.00649],[86.38733,26.00624],[86.38786,26.00566],[86.3883,26.0049],[86.38851,26.00413],[86.38852,26.00336],[86.38841,26.00268],[86.38799,26.00181],[86.38789,26.00104],[86.3881,26.00046],[86.3885,26.00019],[86.38853,26.00017],[86.3897,26.00018],[86.38971,26.00019],[86.39099,26.00077],[86.39141,26.00125],[86.39205,26.00213],[86.39291,26.00242],[86.39409,26.00243],[86.39441,26.00234],[86.39494,26.00176],[86.39538,26.00109],[86.39559,26.00042],[86.39561,26.00017],[86.39571,25.99907],[86.39478,25.99829],[86.39404,25.99678],[86.39403,25.99592],[86.39507,25.99488],[86.39818,25.99318],[86.39901,25.99242],[86.39922,25.99128],[86.399,25.99033],[86.39785,25.99005],[86.39452,25.99128],[86.39307,25.99166],[86.39201,25.99099],[86.39211,25.99014],[86.3933,25.98905],[86.39429,25.98815],[86.39554,25.98729],[86.39564,25.98644],[86.39547,25.9864],[86.39292,25.98577],[86.39187,25.98483],[86.39165,25.98359],[86.39227,25.98201],[86.39632,25.97955],[86.39714,25.97822],[86.39712,25.97796],[86.39255,25.97816],[86.39209,25.97851],[86.39048,25.97989],[86.38872,25.98058],[86.38758,25.98273],[86.38598,25.98507],[86.38537,25.98549],[86.38506,25.98549],[86.3846,25.98542],[86.38451,25.9853],[86.38412,25.98544],[86.38335,25.98586],[86.38222,25.98793],[86.38161,25.9891],[86.38161,25.99021],[86.38178,25.99173],[86.38125,25.99228],[86.37963,25.9927],[86.37579,25.99373],[86.37202,25.99422],[86.37048,25.99408],[86.36794,25.99359],[86.36723,25.99347],[86.36555,25.99317],[86.36339,25.99206],[86.36277,25.99144],[86.36238,25.99116],[86.36138,25.99102],[86.35915,25.99102],[86.35669,25.99137],[86.35445,25.99129],[86.35423,25.99109],[86.35399,25.99067],[86.35337,25.99053],[86.35168,25.99088],[86.35107,25.99081],[86.35068,25.99046],[86.34967,25.9897],[86.34875,25.98843],[86.34863,25.98853],[86.3477,25.98866],[86.34717,25.98894],[86.34686,25.98928],[86.34632,25.98942],[86.34479,25.98956],[86.3444,25.98949],[86.34409,25.9897],[86.34364,25.99018],[86.3421,25.99046],[86.34118,25.99101],[86.34049,25.99129],[86.34019,25.99156],[86.34019,25.99177],[86.34058,25.99281],[86.34089,25.99281],[86.34111,25.99232],[86.3415,25.99225],[86.3418,25.99226],[86.34219,25.99253],[86.34328,25.99357],[86.34328,25.99412],[86.34306,25.99537],[86.34275,25.99578],[86.34229,25.99606],[86.34191,25.99641],[86.34193,25.9982],[86.3417,25.9989],[86.34139,25.99924],[86.34086,25.99938],[86.34009,25.99972],[86.33963,26.00007],[86.33988,26.00273],[86.33988,26.00301],[86.33958,26.00308],[86.33911,26.00308],[86.33896,26.00328],[86.33897,26.00356],[86.3392,26.00398],[86.33924,26.00441],[86.33934,26.00442],[86.33986,26.00466],[86.34021,26.0052],[86.34056,26.00682],[86.34135,26.00813],[86.34179,26.00968]]]},"properties":{"SUB_DIST":"Kiratpur","CEN_2001":"1013001501183400","TYPE":"Village","STATE":"Bihar","NAME":"Jhagarua","DISTRICT":"Darbhanga"}},
{"type":"Feature","geometry":{"type":"Polygon","coordinates":[[[86.40969,26.00975],[86.41071,26.00961],[86.41149,26.00951],[86.41243,26.00947],[86.4138,26.00953],[86.41338,26.00714],[86.41373,26.00648],[86.41501,26.00523],[86.41544,26.00451],[86.41538,26.00352],[86.41563,26.00217],[86.41632,26.00031],[86.41651,25.99952],[86.41792,25.99911],[86.41932,25.99891],[86.42078,25.99842],[86.42122,25.99777],[86.42176,25.99753],[86.42231,25.99751],[86.42245,25.99708],[86.42305,25.99656],[86.42368,25.99624],[86.42363,25.99414],[86.4228,25.99347],[86.41975,25.99226],[86.4194,25.9915],[86.41909,25.99017],[86.4177,25.98918],[86.41752,25.98869],[86.41756,25.98819],[86.41826,25.9864],[86.41631,25.98241],[86.41563,25.98163],[86.41387,25.97956],[86.41271,25.97855],[86.41122,25.9784],[86.4103,25.97855],[86.40942,25.97869],[86.40821,25.97959],[86.40762,25.98032],[86.40581,25.9804],[86.40051,25.98127],[86.39799,25.98187],[86.39658,25.98504],[86.39547,25.9864],[86.39564,25.98644],[86.39554,25.98729],[86.39429,25.98815],[86.3933,25.98905],[86.39211,25.99014],[86.39201,25.99099],[86.39307,25.99166],[86.39452,25.99128],[86.39785,25.99005],[86.399,25.99033],[86.39922,25.99128],[86.39901,25.99242],[86.39818,25.99318],[86.39507,25.99488],[86.39403,25.99592],[86.39404,25.99678],[86.39478,25.99829],[86.39571,25.99907],[86.39561,26.00017],[86.39559,26.00042],[86.39538,26.00109],[86.39494,26.00176],[86.39441,26.00234],[86.39409,26.00243],[86.39291,26.00242],[86.39205,26.00213],[86.39141,26.00125],[86.39099,26.00077],[86.38971,26.00019],[86.3897,26.00018],[86.38853,26.00017],[86.3885,26.00019],[86.3881,26.00046],[86.38789,26.00104],[86.38799,26.00181],[86.38841,26.00268],[86.38852,26.00336],[86.38851,26.00413],[86.3883,26.0049],[86.38786,26.00566],[86.38733,26.00624],[86.38697,26.00649],[86.38625,26.007],[86.38589,26.00722],[86.38544,26.00749],[86.38621,26.00766],[86.38675,26.00775],[86.38737,26.00778],[86.39043,26.00697],[86.39166,26.00649],[86.39197,26.00634],[86.39323,26.0065],[86.39421,26.00709],[86.39457,26.00792],[86.39505,26.00811],[86.39573,26.00759],[86.39627,26.00728],[86.39776,26.00722],[86.39879,26.00746],[86.39941,26.00729],[86.39974,26.00762],[86.40051,26.00872],[86.40109,26.00919],[86.40217,26.00893],[86.40295,26.00868],[86.40406,26.00892],[86.40829,26.00993],[86.40969,26.00975]]]},"properties":{"SUB_DIST":"Nauhatta","CEN_2001":"1012000101030500","TYPE":"Village","STATE":"Bihar","NAME":"Darhar","DISTRICT":"Saharsa"}},
{"type":"Feature","geometry":{"type":"Polygon","coordinates":[[[86.32651,26.00495],[86.3268,26.00526],[86.32731,26.00526],[86.32808,26.00434],[86.32868,26.00434],[86.32877,26.00472],[86.32912,26.00496],[86.33066,26.00496],[86.33238,26.00457],[86.33273,26.00465],[86.33281,26.00504],[86.33316,26.00519],[86.3335,26.00527],[86.33436,26.0045],[86.33504,26.00457],[86.33582,26.00458],[86.3365,26.00388],[86.33701,26.00388],[86.33702,26.00427],[86.33728,26.00458],[86.33788,26.0045],[86.33857,26.00434],[86.33924,26.00441],[86.3392,26.00398],[86.33897,26.00356],[86.33896,26.00328],[86.33911,26.00308],[86.33958,26.00308],[86.33988,26.00301],[86.33988,26.00273],[86.33963,26.00007],[86.34009,25.99972],[86.34086,25.99938],[86.34139,25.99924],[86.3417,25.9989],[86.34193,25.9982],[86.34191,25.99641],[86.34229,25.99606],[86.34275,25.99578],[86.34306,25.99537],[86.34328,25.99412],[86.34328,25.99357],[86.34219,25.99253],[86.3418,25.99226],[86.3415,25.99225],[86.34111,25.99232],[86.34089,25.99281],[86.34058,25.99281],[86.34019,25.99177],[86.34019,25.99156],[86.34049,25.99129],[86.34118,25.99101],[86.3421,25.99046],[86.34364,25.99018],[86.34409,25.9897],[86.3444,25.98949],[86.34479,25.98956],[86.34632,25.98942],[86.34686,25.98928],[86.34717,25.98894],[86.3477,25.98866],[86.34863,25.98853],[86.34875,25.98843],[86.34908,25.98818],[86.35077,25.98687],[86.35207,25.98597],[86.35209,25.98592],[86.35222,25.98549],[86.35259,25.98355],[86.35243,25.98306],[86.35213,25.98286],[86.35174,25.98286],[86.35082,25.98327],[86.34975,25.98403],[86.34822,25.98576],[86.34784,25.98583],[86.3476,25.98555],[86.34652,25.9843],[86.34582,25.98327],[86.34559,25.98327],[86.34521,25.98375],[86.34475,25.98396],[86.34391,25.98506],[86.34315,25.98638],[86.34253,25.98645],[86.34176,25.98624],[86.34138,25.98589],[86.34122,25.98527],[86.34106,25.98506],[86.33998,25.98492],[86.33944,25.98478],[86.33921,25.98444],[86.3392,25.98402],[86.33913,25.98381],[86.33836,25.98326],[86.33835,25.98285],[86.33835,25.98257],[86.33873,25.98222],[86.33904,25.98195],[86.33902,25.97973],[86.33894,25.97932],[86.33833,25.97918],[86.33648,25.97925],[86.33408,25.97862],[86.33256,25.9783],[86.33243,25.97873],[86.33175,25.97974],[86.32995,25.98012],[86.32969,25.9802],[86.32969,25.98051],[86.32987,25.98136],[86.32961,25.98182],[86.32841,25.9826],[86.32764,25.98314],[86.3261,25.98314],[86.32404,25.98321],[86.32179,25.98259],[86.32111,25.9822],[86.32076,25.98228],[86.32077,25.98336],[86.32034,25.98352],[86.32008,25.98352],[86.31973,25.98321],[86.31896,25.98313],[86.31871,25.9839],[86.31871,25.98421],[86.31751,25.98452],[86.31699,25.98444],[86.31479,25.98422],[86.31542,25.98638],[86.31613,25.98853],[86.31621,25.98887],[86.31667,25.98901],[86.31736,25.9888],[86.31775,25.9888],[86.31799,25.99019],[86.31837,25.99053],[86.31892,25.9906],[86.31969,25.99081],[86.32,25.99129],[86.32095,25.99524],[86.32127,25.996],[86.32195,25.996],[86.32296,25.99662],[86.32365,25.99662],[86.32519,25.99614],[86.3255,25.99635],[86.3255,25.99677],[86.32528,25.99746],[86.32584,26.00133],[86.32632,26.00306],[86.3264,26.0041],[86.32656,26.00458],[86.32651,26.00495]]]},"properties":{"SUB_DIST":"Gora Bauram","CEN_2001":"1013001601189100","TYPE":"Village","STATE":"Bihar","NAME":"Bath","DISTRICT":"Darbhanga"}},
{"type":"Feature","geometry":{"type":"Polygon","coordinates":[[[86.36723,25.99347],[86.36794,25.99359],[86.37048,25.99408],[86.37202,25.99422],[86.37579,25.99373],[86.37963,25.9927],[86.38125,25.99228],[86.38178,25.99173],[86.38161,25.99021],[86.38161,25.9891],[86.38222,25.98793],[86.38335,25.98586],[86.38412,25.98544],[86.38451,25.9853],[86.38445,25.98521],[86.38451,25.98445],[86.38412,25.98362],[86.38265,25.98251],[86.3804,25.9803],[86.38025,25.97988],[86.38075,25.97849],[86.38039,25.97864],[86.37792,25.97781],[86.37692,25.97746],[86.37492,25.97787],[86.37426,25.97778],[86.37477,25.97863],[86.3754,25.97912],[86.37586,25.97953],[86.37586,25.98002],[86.37586,25.9803],[86.3754,25.98071],[86.37472,25.98099],[86.3731,25.98098],[86.37256,25.98078],[86.37247,25.98029],[86.37217,25.98015],[86.37155,25.98022],[86.37094,25.98084],[86.36748,25.9807],[86.36657,25.98108],[86.36624,25.98204],[86.36578,25.9828],[86.36578,25.983],[86.36602,25.98335],[86.36602,25.98356],[86.36564,25.98397],[86.36564,25.98425],[86.36611,25.98549],[86.36613,25.98812],[86.36652,25.98902],[86.36685,25.992],[86.36717,25.99338],[86.36723,25.99347]]]},"properties":{"SUB_DIST":"Kiratpur","CEN_2001":"1013001501183700","TYPE":"Village","STATE":"Bihar","NAME":"Tarwara","DISTRICT":"Darbhanga"}},
{"type":"Feature","geometry":{"type":"Polygon","coordinates":[[[86.34875,25.98843],[86.34967,25.9897],[86.35068,25.99046],[86.35107,25.99081],[86.35168,25.99088],[86.35337,25.99053],[86.35399,25.99067],[86.35423,25.99109],[86.35445,25.99129],[86.35669,25.99137],[86.35915,25.99102],[86.36138,25.99102],[86.36238,25.99116],[86.36277,25.99144],[86.36339,25.99206],[86.36555,25.99317],[86.36723,25.99347],[86.36717,25.99338],[86.36685,25.992],[86.36652,25.98902],[86.36613,25.98812],[86.36611,25.98549],[86.36564,25.98425],[86.36564,25.98397],[86.36602,25.98356],[86.36602,25.98335],[86.36578,25.983],[86.36578,25.9828],[86.36624,25.98204],[86.36657,25.98108],[86.36648,25.98112],[86.3654,25.98125],[86.3644,25.98104],[86.36401,25.98049],[86.36394,25.98015],[86.36378,25.97994],[86.3634,25.98022],[86.3634,25.98056],[86.3634,25.98098],[86.36309,25.98098],[86.36286,25.9807],[86.36179,25.9807],[86.35947,25.98111],[86.35794,25.9818],[86.35764,25.98173],[86.35656,25.9818],[86.35571,25.98235],[86.35503,25.98325],[86.3543,25.98344],[86.35431,25.98393],[86.35423,25.98448],[86.3537,25.98469],[86.35316,25.98497],[86.35271,25.98559],[86.35239,25.9858],[86.35209,25.98592],[86.35207,25.98597],[86.35077,25.98687],[86.34908,25.98818],[86.34875,25.98843]]]},"properties":{"SUB_DIST":"Kiratpur","CEN_2001":"1013001501183800","TYPE":"Village","STATE":"Bihar","NAME":"Kubaul","DISTRICT":"Darbhanga"}},
{"type":"Feature","geometry":{"type":"Polygon","coordinates":[[[86.35209,25.98592],[86.35239,25.9858],[86.35271,25.98559],[86.35316,25.98497],[86.3537,25.98469],[86.35423,25.98448],[86.35431,25.98393],[86.3543,25.98344],[86.3543,25.98338],[86.35407,25.98317],[86.35368,25.98289],[86.35275,25.98213],[86.35236,25.98123],[86.35173,25.97902],[86.35203,25.97777],[86.35241,25.97722],[86.35295,25.97701],[86.35356,25.97667],[86.35387,25.97598],[86.35386,25.9748],[86.3537,25.97459],[86.35339,25.97418],[86.35308,25.97362],[86.35277,25.97342],[86.35215,25.97334],[86.35184,25.97279],[86.35145,25.97182],[86.35114,25.97148],[86.35129,25.97127],[86.35129,25.97099],[86.3509,25.97037],[86.35004,25.96906],[86.34873,25.9685],[86.3485,25.96822],[86.3485,25.96802],[86.34857,25.96767],[86.34857,25.96739],[86.34849,25.96712],[86.34784,25.96671],[86.34784,25.96689],[86.34758,25.96728],[86.3463,25.96782],[86.3457,25.96782],[86.34406,25.96666],[86.34354,25.96666],[86.34303,25.96712],[86.34242,25.96712],[86.34216,25.96704],[86.34199,25.96658],[86.34164,25.96565],[86.34161,25.96557],[86.34128,25.9656],[86.33965,25.9663],[86.33905,25.96707],[86.33829,25.969],[86.33795,25.96923],[86.33761,25.96923],[86.33735,25.96923],[86.33717,25.96931],[86.33718,25.96985],[86.3371,25.97093],[86.3365,25.97132],[86.3365,25.97163],[86.33659,25.97186],[86.33703,25.97209],[86.33737,25.97209],[86.33737,25.9724],[86.33729,25.97325],[86.33772,25.97379],[86.33781,25.97418],[86.33721,25.97418],[86.33584,25.97418],[86.33541,25.97472],[86.3355,25.97588],[86.33517,25.97642],[86.33362,25.97711],[86.33276,25.97758],[86.33256,25.9783],[86.33408,25.97862],[86.33648,25.97925],[86.33833,25.97918],[86.33894,25.97932],[86.33902,25.97973],[86.33904,25.98195],[86.33873,25.98222],[86.33835,25.98257],[86.33835,25.98285],[86.33836,25.98326],[86.33913,25.98381],[86.3392,25.98402],[86.33921,25.98444],[86.33944,25.98478],[86.33998,25.98492],[86.34106,25.98506],[86.34122,25.98527],[86.34138,25.98589],[86.34176,25.98624],[86.34253,25.98645],[86.34315,25.98638],[86.34391,25.98506],[86.34475,25.98396],[86.34521,25.98375],[86.34559,25.98327],[86.34582,25.98327],[86.34652,25.9843],[86.3476,25.98555],[86.34784,25.98583],[86.34822,25.98576],[86.34975,25.98403],[86.35082,25.98327],[86.35174,25.98286],[86.35213,25.98286],[86.35243,25.98306],[86.35259,25.98355],[86.35222,25.98549],[86.35209,25.98592]]]},"properties":{"SUB_DIST":"Kiratpur","CEN_2001":"1013001501183900","TYPE":"Village","STATE":"Bihar","NAME":"Dhangha","DISTRICT":"Darbhanga"}},
{"type":"Feature","geometry":{"type":"Polygon","coordinates":[[[86.39547,25.9864],[86.39658,25.98504],[86.39799,25.98187],[86.40051,25.98127],[86.40581,25.9804],[86.40762,25.98032],[86.40821,25.97959],[86.40942,25.97869],[86.4103,25.97855],[86.40997,25.9775],[86.40969,25.9768],[86.40889,25.97532],[86.40875,25.97432],[86.40887,25.97353],[86.40924,25.97286],[86.41041,25.97224],[86.41199,25.97181],[86.41238,25.97165],[86.41268,25.97128],[86.41265,25.97078],[86.41244,25.96971],[86.41248,25.96885],[86.41306,25.96767],[86.41302,25.96717],[86.41293,25.96681],[86.41259,25.96661],[86.41132,25.96681],[86.41019,25.96671],[86.40962,25.96645],[86.40936,25.96596],[86.40966,25.96559],[86.41026,25.96506],[86.41075,25.96518],[86.41125,25.96531],[86.41195,25.96506],[86.41341,25.96428],[86.4125,25.96355],[86.41155,25.96223],[86.41092,25.96022],[86.41067,25.96062],[86.40975,25.96159],[86.40898,25.96213],[86.40842,25.96222],[86.40762,25.96211],[86.40737,25.96191],[86.40681,25.96088],[86.40509,25.96136],[86.40034,25.9625],[86.39864,25.96351],[86.39824,25.96353],[86.39773,25.96312],[86.39698,25.96258],[86.39545,25.9625],[86.39152,25.96382],[86.39031,25.96394],[86.39017,25.96427],[86.38861,25.96465],[86.38788,25.96418],[86.38766,25.96294],[86.38702,25.96162],[86.38535,25.96038],[86.3841,25.96029],[86.38358,25.96087],[86.38359,25.96088],[86.3838,25.96171],[86.38484,25.96266],[86.38485,25.96399],[86.38484,25.96404],[86.38465,25.9656],[86.38498,25.96712],[86.38644,25.96863],[86.39167,25.97072],[86.39377,25.97177],[86.3942,25.97338],[86.39567,25.97454],[86.39671,25.97537],[86.39703,25.97699],[86.39712,25.97796],[86.39714,25.97822],[86.39632,25.97955],[86.39227,25.98201],[86.39165,25.98359],[86.39187,25.98483],[86.39292,25.98577],[86.39547,25.9864]]]},"properties":{"SUB_DIST":"Nauhatta","CEN_2001":"1012000101032300","TYPE":"Village","STATE":"Bihar","NAME":"Naula","DISTRICT":"Saharsa"}},
{"type":"Feature","geometry":{"type":"Polygon","coordinates":[[[86.38075,25.97849],[86.38025,25.97988],[86.3804,25.9803],[86.38265,25.98251],[86.38412,25.98362],[86.38451,25.98445],[86.38445,25.98521],[86.38451,25.9853],[86.3846,25.98542],[86.38506,25.98549],[86.38537,25.98549],[86.38598,25.98507],[86.38758,25.98273],[86.38872,25.98058],[86.39048,25.97989],[86.39209,25.97851],[86.39255,25.97816],[86.39712,25.97796],[86.39703,25.97699],[86.39671,25.97537],[86.39567,25.97454],[86.39315,25.97581],[86.39176,25.97609],[86.39091,25.97602],[86.38968,25.9754],[86.38845,25.97505],[86.38583,25.97546],[86.38398,25.97504],[86.38345,25.97477],[86.38321,25.97477],[86.38229,25.97518],[86.38175,25.97504],[86.38129,25.97511],[86.38114,25.9756],[86.38122,25.97608],[86.382,25.97698],[86.382,25.97733],[86.38123,25.97829],[86.38075,25.97849]]]},"properties":{"SUB_DIST":"Kiratpur","CEN_2001":"1013001501183500","TYPE":"Village","STATE":"Bihar","NAME":"Danha","DISTRICT":"Darbhanga"}},
{"type":"Feature","geometry":{"type":"Polygon","coordinates":[[[86.3123,25.98428],[86.31235,25.98428],[86.31398,25.98428],[86.31467,25.98421],[86.31479,25.98422],[86.31699,25.98444],[86.31751,25.98452],[86.31871,25.98421],[86.31871,25.9839],[86.31896,25.98313],[86.31973,25.98321],[86.32008,25.98352],[86.32034,25.98352],[86.32077,25.98336],[86.32076,25.98228],[86.32111,25.9822],[86.32179,25.98259],[86.32404,25.98321],[86.3261,25.98314],[86.32764,25.98314],[86.32841,25.9826],[86.32961,25.98182],[86.32987,25.98136],[86.32969,25.98051],[86.32969,25.9802],[86.32995,25.98012],[86.33175,25.97974],[86.33243,25.97873],[86.33256,25.9783],[86.33276,25.97758],[86.33362,25.97711],[86.33517,25.97642],[86.3355,25.97588],[86.33541,25.97472],[86.33584,25.97418],[86.33721,25.97418],[86.33781,25.97418],[86.33772,25.97379],[86.33729,25.97325],[86.33737,25.9724],[86.33737,25.97209],[86.33703,25.97209],[86.33659,25.97186],[86.3365,25.97163],[86.3365,25.97132],[86.3371,25.97093],[86.33718,25.96985],[86.33717,25.96931],[86.33735,25.96923],[86.33761,25.96923],[86.33795,25.96923],[86.33829,25.969],[86.33905,25.96707],[86.33965,25.9663],[86.34128,25.9656],[86.34161,25.96557],[86.34111,25.96395],[86.34083,25.96365],[86.33972,25.96248],[86.33963,25.96209],[86.33946,25.96194],[86.33912,25.96186],[86.33868,25.96186],[86.33826,25.9617],[86.33765,25.96085],[86.33755,25.96039],[86.33738,25.96016],[86.33687,25.96039],[86.3361,25.96085],[86.33515,25.96124],[86.33344,25.96178],[86.3333,25.96178],[86.33266,25.96178],[86.33009,25.96162],[86.32777,25.96278],[86.32503,25.96394],[86.32434,25.96393],[86.32417,25.9637],[86.32382,25.96332],[86.3233,25.96324],[86.3227,25.96324],[86.32166,25.96123],[86.3207,25.96053],[86.31907,25.96022],[86.31734,25.95991],[86.31723,25.95989],[86.31631,25.95975],[86.3157,25.95906],[86.31502,25.95898],[86.31485,25.95906],[86.31446,25.95955],[86.314,25.96014],[86.31377,25.96045],[86.31274,25.96052],[86.31213,25.96076],[86.31188,25.96161],[86.31145,25.96215],[86.31111,25.96215],[86.31059,25.96214],[86.31042,25.96269],[86.31,25.96276],[86.30957,25.96276],[86.30879,25.96199],[86.3078,25.96175],[86.30781,25.96256],[86.30772,25.96287],[86.3073,25.96318],[86.30635,25.96357],[86.30618,25.96387],[86.30629,25.96689],[86.30684,25.97137],[86.30736,25.97184],[86.3084,25.97222],[86.30856,25.97246],[86.30857,25.97292],[86.30814,25.97346],[86.3078,25.97354],[86.30737,25.97423],[86.30738,25.97485],[86.30738,25.97539],[86.30739,25.9757],[86.30782,25.97585],[86.30791,25.97624],[86.30791,25.97655],[86.30774,25.97678],[86.30756,25.97701],[86.30748,25.9774],[86.30749,25.97794],[86.30783,25.97825],[86.30818,25.9784],[86.30869,25.97848],[86.30904,25.97872],[86.3093,25.97902],[86.30931,25.97995],[86.30949,25.98042],[86.30983,25.98096],[86.31009,25.98127],[86.31097,25.98366],[86.31184,25.98428],[86.3123,25.98428]]]},"properties":{"SUB_DIST":"Gora Bauram","CEN_2001":"1013001601189200","TYPE":"Village","STATE":"Bihar","NAME":"Bauram","DISTRICT":"Darbhanga"}},
{"type":"Feature","geometry":{"type":"Polygon","coordinates":[[[86.3543,25.98344],[86.35503,25.98325],[86.35571,25.98235],[86.35656,25.9818],[86.35764,25.98173],[86.35794,25.9818],[86.35947,25.98111],[86.36179,25.9807],[86.36286,25.9807],[86.36309,25.98098],[86.3634,25.98098],[86.3634,25.98056],[86.3634,25.98022],[86.36378,25.97994],[86.36394,25.98015],[86.36401,25.98049],[86.3644,25.98104],[86.3654,25.98125],[86.36648,25.98112],[86.36657,25.98108],[86.36748,25.9807],[86.37094,25.98084],[86.37155,25.98022],[86.37217,25.98015],[86.37247,25.98029],[86.37256,25.98078],[86.3731,25.98098],[86.37472,25.98099],[86.3754,25.98071],[86.37586,25.9803],[86.37586,25.98002],[86.37586,25.97953],[86.3754,25.97912],[86.37477,25.97863],[86.37426,25.97778],[86.37392,25.97773],[86.37322,25.97718],[86.37152,25.97538],[86.3709,25.97538],[86.37044,25.97538],[86.3696,25.97621],[86.36929,25.97614],[86.3686,25.97579],[86.36728,25.97448],[86.36704,25.9733],[86.36696,25.97282],[86.36657,25.97247],[86.36611,25.97247],[86.36496,25.97254],[86.3634,25.97254],[86.36331,25.97342],[86.36255,25.97425],[86.3614,25.97515],[86.36086,25.97515],[86.3597,25.97453],[86.3584,25.97453],[86.35632,25.97425],[86.3537,25.97459],[86.35386,25.9748],[86.35387,25.97598],[86.35356,25.97667],[86.35295,25.97701],[86.35241,25.97722],[86.35203,25.97777],[86.35173,25.97902],[86.35236,25.98123],[86.35275,25.98213],[86.35368,25.98289],[86.35407,25.98317],[86.3543,25.98338],[86.3543,25.98344]]]},"properties":{"SUB_DIST":"Kiratpur","CEN_2001":"1013001501183600","TYPE":"Village","STATE":"Bihar","NAME":"Tatari","DISTRICT":"Darbhanga"}},
{"type":"Feature","geometry":{"type":"Polygon","coordinates":[[[86.37426,25.97778],[86.37492,25.97787],[86.37692,25.97746],[86.37792,25.97781],[86.38039,25.97864],[86.38075,25.97849],[86.38123,25.97829],[86.382,25.97733],[86.382,25.97698],[86.38122,25.97608],[86.38114,25.9756],[86.38129,25.97511],[86.38175,25.97504],[86.38229,25.97518],[86.38321,25.97477],[86.38345,25.97477],[86.38398,25.97504],[86.38583,25.97546],[86.38845,25.97505],[86.38968,25.9754],[86.39091,25.97602],[86.39176,25.97609],[86.39315,25.97581],[86.39567,25.97454],[86.3942,25.97338],[86.39377,25.97177],[86.39167,25.97072],[86.38644,25.96863],[86.38498,25.96712],[86.38465,25.9656],[86.38484,25.96404],[86.37951,25.96337],[86.37728,25.96383],[86.37651,25.96421],[86.37582,25.96437],[86.37531,25.96437],[86.37505,25.96421],[86.37402,25.96406],[86.37341,25.96437],[86.37307,25.96413],[86.37289,25.96344],[86.3728,25.96321],[86.37246,25.96305],[86.3716,25.96297],[86.37133,25.96297],[86.37115,25.96328],[86.37038,25.9642],[86.37022,25.96482],[86.37013,25.9656],[86.36996,25.96637],[86.36929,25.96722],[86.36834,25.9676],[86.36748,25.9676],[86.36745,25.96757],[86.36712,25.96775],[86.36481,25.96872],[86.36398,25.96955],[86.36353,25.97066],[86.36346,25.97204],[86.3634,25.97254],[86.36496,25.97254],[86.36611,25.97247],[86.36657,25.97247],[86.36696,25.97282],[86.36704,25.9733],[86.36728,25.97448],[86.3686,25.97579],[86.36929,25.97614],[86.3696,25.97621],[86.37044,25.97538],[86.3709,25.97538],[86.37152,25.97538],[86.37322,25.97718],[86.37392,25.97773],[86.37426,25.97778]]]},"properties":{"SUB_DIST":"Kiratpur","CEN_2001":"1013001501184600","TYPE":"Village","STATE":"Bihar","NAME":"Bhobhaul","DISTRICT":"Darbhanga"}},
{"type":"Feature","geometry":{"type":"Polygon","coordinates":[[[86.3537,25.97459],[86.35632,25.97425],[86.3584,25.97453],[86.3597,25.97453],[86.36086,25.97515],[86.3614,25.97515],[86.36255,25.97425],[86.36331,25.97342],[86.3634,25.97254],[86.36346,25.97204],[86.36353,25.97066],[86.36398,25.96955],[86.36481,25.96872],[86.36712,25.96775],[86.36745,25.96757],[86.36662,25.96683],[86.36575,25.9666],[86.36411,25.96582],[86.36385,25.96536],[86.36368,25.96513],[86.3635,25.96482],[86.36325,25.96482],[86.36282,25.96474],[86.36282,25.96443],[86.36316,25.96397],[86.36324,25.96319],[86.36297,25.96219],[86.36271,25.96142],[86.36227,25.96122],[86.36219,25.96118],[86.36018,25.96157],[86.35932,25.96188],[86.35881,25.96188],[86.35812,25.96133],[86.35734,25.96133],[86.35648,25.96133],[86.35606,25.96187],[86.3558,25.96187],[86.35554,25.96187],[86.35493,25.96172],[86.35433,25.96149],[86.3521,25.96233],[86.35021,25.96256],[86.34858,25.96287],[86.34789,25.96318],[86.3479,25.96338],[86.34791,25.96496],[86.34784,25.96671],[86.34849,25.96712],[86.34857,25.96739],[86.34857,25.96767],[86.3485,25.96802],[86.3485,25.96822],[86.34873,25.9685],[86.35004,25.96906],[86.3509,25.97037],[86.35129,25.97099],[86.35129,25.97127],[86.35114,25.97148],[86.35145,25.97182],[86.35184,25.97279],[86.35215,25.97334],[86.35277,25.97342],[86.35308,25.97362],[86.35339,25.97418],[86.3537,25.97459]]]},"properties":{"SUB_DIST":"Kiratpur","CEN_2001":"1013001501184000","TYPE":"Village","STATE":"Bihar","NAME":"Jagson","DISTRICT":"Darbhanga"}},
{"type":"Feature","geometry":{"type":"Polygon","coordinates":[[[86.34161,25.96557],[86.34164,25.96565],[86.34199,25.96658],[86.34216,25.96704],[86.34242,25.96712],[86.34303,25.96712],[86.34354,25.96666],[86.34406,25.96666],[86.3457,25.96782],[86.3463,25.96782],[86.34758,25.96728],[86.34784,25.96689],[86.34784,25.96671],[86.34791,25.96496],[86.3479,25.96338],[86.34621,25.96287],[86.3456,25.96241],[86.3456,25.96163],[86.34545,25.9612],[86.34534,25.96086],[86.34525,25.96047],[86.34525,25.96038],[86.34431,25.9614],[86.34362,25.96163],[86.34268,25.96264],[86.342,25.96325],[86.34088,25.96364],[86.34083,25.96365],[86.34111,25.96395],[86.34161,25.96557]]]},"properties":{"SUB_DIST":"Kiratpur","CEN_2001":"1013001501184200","TYPE":"Village","STATE":"Bihar","NAME":"Amahi","DISTRICT":"Darbhanga"}},
{"type":"Feature","geometry":{"type":"Polygon","coordinates":[[[86.36745,25.96757],[86.36748,25.9676],[86.36834,25.9676],[86.36929,25.96722],[86.36996,25.96637],[86.37013,25.9656],[86.37022,25.96482],[86.37038,25.9642],[86.37115,25.96328],[86.37133,25.96297],[86.37125,25.96297],[86.37108,25.96282],[86.37099,25.96158],[86.37029,25.96066],[86.37029,25.9598],[86.37028,25.95857],[86.3701,25.95795],[86.36949,25.95733],[86.36863,25.95694],[86.36648,25.95686],[86.36622,25.95671],[86.36622,25.9564],[86.36639,25.95594],[86.36758,25.95524],[86.36818,25.95455],[86.36913,25.95362],[86.37041,25.95316],[86.37144,25.95354],[86.37395,25.95478],[86.37437,25.95478],[86.37489,25.95455],[86.37575,25.95378],[86.37651,25.95285],[86.37727,25.95061],[86.37753,25.95015],[86.37817,25.95025],[86.3782,25.94953],[86.37768,25.94798],[86.37785,25.94768],[86.37836,25.94737],[86.37962,25.94699],[86.37965,25.94663],[86.37928,25.94254],[86.37945,25.94215],[86.37997,25.94192],[86.38183,25.94121],[86.38219,25.94107],[86.38254,25.94076],[86.38253,25.94014],[86.38251,25.93674],[86.38095,25.93079],[86.37951,25.93145],[86.37701,25.93422],[86.37516,25.93628],[86.37402,25.93675],[86.37234,25.93656],[86.37156,25.93627],[86.37005,25.93571],[86.368,25.93337],[86.36733,25.93353],[86.36372,25.93399],[86.36035,25.93422],[86.36035,25.93424],[86.3601,25.93517],[86.35941,25.93563],[86.3589,25.93617],[86.3589,25.93648],[86.35944,25.93873],[86.35918,25.93904],[86.3585,25.93911],[86.35815,25.93942],[86.35799,25.94019],[86.35748,25.94081],[86.35722,25.94112],[86.35696,25.94112],[86.3561,25.94081],[86.35558,25.94112],[86.35542,25.94181],[86.35542,25.94282],[86.355,25.94328],[86.355,25.94382],[86.35578,25.94429],[86.35587,25.94475],[86.35553,25.94514],[86.35432,25.94529],[86.35381,25.94544],[86.35365,25.94599],[86.35322,25.94637],[86.35219,25.94645],[86.35089,25.94645],[86.34917,25.94591],[86.34805,25.94598],[86.34772,25.94584],[86.3474,25.94857],[86.34732,25.95066],[86.34715,25.95128],[86.3469,25.95182],[86.34484,25.95282],[86.34425,25.95414],[86.34426,25.95483],[86.34513,25.95669],[86.34488,25.95715],[86.34436,25.95715],[86.34376,25.95715],[86.34341,25.95738],[86.34342,25.95777],[86.34394,25.95823],[86.34497,25.95831],[86.34531,25.95839],[86.34541,25.9587],[86.34541,25.95901],[86.34525,25.96038],[86.34525,25.96047],[86.34534,25.96086],[86.34545,25.9612],[86.35126,25.96009],[86.35152,25.95978],[86.35151,25.95878],[86.35185,25.95855],[86.35254,25.95855],[86.35323,25.95855],[86.35383,25.95793],[86.35452,25.95793],[86.35555,25.95793],[86.35907,25.95763],[86.36105,25.95724],[86.36182,25.95747],[86.36225,25.95817],[86.36226,25.95902],[86.36227,25.96122],[86.36271,25.96142],[86.36297,25.96219],[86.36324,25.96319],[86.36316,25.96397],[86.36282,25.96443],[86.36282,25.96474],[86.36325,25.96482],[86.3635,25.96482],[86.36368,25.96513],[86.36385,25.96536],[86.36411,25.96582],[86.36575,25.9666],[86.36662,25.96683],[86.36745,25.96757]]]},"properties":{"SUB_DIST":"Kiratpur","CEN_2001":"1013001501184400","TYPE":"Village","STATE":"Bihar","NAME":"Jamalpur","DISTRICT":"Darbhanga"}},
{"type":"Feature","geometry":{"type":"Polygon","coordinates":[[[86.38358,25.96087],[86.3841,25.96029],[86.38535,25.96038],[86.38702,25.96162],[86.38766,25.96294],[86.38788,25.96418],[86.38861,25.96465],[86.39017,25.96427],[86.39031,25.96394],[86.39265,25.95844],[86.39327,25.95702],[86.39316,25.95598],[86.39263,25.95531],[86.38898,25.95417],[86.38657,25.95303],[86.38583,25.95227],[86.38573,25.95113],[86.38573,25.95111],[86.38097,25.95057],[86.38037,25.95042],[86.37976,25.94965],[86.3795,25.94856],[86.37962,25.94699],[86.37836,25.94737],[86.37785,25.94768],[86.37768,25.94798],[86.3782,25.94953],[86.37817,25.95025],[86.37814,25.95115],[86.37755,25.95332],[86.37669,25.95424],[86.37661,25.95479],[86.37662,25.95517],[86.37662,25.95564],[86.37671,25.95602],[86.37723,25.95625],[86.37808,25.95641],[86.37834,25.95672],[86.37843,25.95711],[86.38115,25.95913],[86.38358,25.96087]]]},"properties":{"SUB_DIST":"Kiratpur","CEN_2001":"1013001501184700","TYPE":"Village","STATE":"Bihar","NAME":"Bhandaria","DISTRICT":"Darbhanga"}},
{"type":"Feature","geometry":{"type":"Polygon","coordinates":[[[86.37133,25.96297],[86.3716,25.96297],[86.37246,25.96305],[86.3728,25.96321],[86.37289,25.96344],[86.37307,25.96413],[86.37341,25.96437],[86.37402,25.96406],[86.37505,25.96421],[86.37531,25.96437],[86.37582,25.96437],[86.37651,25.96421],[86.37728,25.96383],[86.37951,25.96337],[86.38484,25.96404],[86.38485,25.96399],[86.38484,25.96266],[86.3838,25.96171],[86.38359,25.96088],[86.38358,25.96087],[86.38115,25.95913],[86.37843,25.95711],[86.37834,25.95672],[86.37808,25.95641],[86.37723,25.95625],[86.37671,25.95602],[86.37662,25.95564],[86.37662,25.95517],[86.37661,25.95479],[86.37669,25.95424],[86.37755,25.95332],[86.37814,25.95115],[86.37817,25.95025],[86.37753,25.95015],[86.37727,25.95061],[86.37651,25.95285],[86.37575,25.95378],[86.37489,25.95455],[86.37437,25.95478],[86.37395,25.95478],[86.37144,25.95354],[86.37041,25.95316],[86.36913,25.95362],[86.36818,25.95455],[86.36758,25.95524],[86.36639,25.95594],[86.36622,25.9564],[86.36622,25.95671],[86.36648,25.95686],[86.36863,25.95694],[86.36949,25.95733],[86.3701,25.95795],[86.37028,25.95857],[86.37029,25.9598],[86.37029,25.96066],[86.37099,25.96158],[86.37108,25.96282],[86.37125,25.96297],[86.37133,25.96297]]]},"properties":{"SUB_DIST":"Kiratpur","CEN_2001":"1013001501184500","TYPE":"Village","STATE":"Bihar","NAME":"Narkatia","DISTRICT":"Darbhanga"}},
{"type":"Feature","geometry":{"type":"Polygon","coordinates":[[[86.39031,25.96394],[86.39152,25.96382],[86.39545,25.9625],[86.39698,25.96258],[86.39773,25.96312],[86.39824,25.96353],[86.39864,25.96351],[86.40034,25.9625],[86.40509,25.96136],[86.40681,25.96088],[86.40754,25.96068],[86.40887,25.95998],[86.40941,25.95952],[86.40952,25.95873],[86.40902,25.95825],[86.4082,25.95726],[86.40781,25.95679],[86.40714,25.9561],[86.40673,25.95597],[86.40642,25.95613],[86.40646,25.95685],[86.40692,25.95798],[86.40689,25.95906],[86.40675,25.95957],[86.4063,25.96002],[86.40559,25.96012],[86.4051,25.96],[86.40459,25.95952],[86.4043,25.95845],[86.40452,25.95794],[86.4047,25.957],[86.4046,25.95657],[86.40401,25.95602],[86.40334,25.95547],[86.40236,25.95502],[86.40115,25.95485],[86.40075,25.95494],[86.40004,25.95519],[86.39886,25.95574],[86.39822,25.9557],[86.39806,25.95556],[86.39754,25.95494],[86.39751,25.95436],[86.39843,25.95354],[86.39952,25.95298],[86.39989,25.95247],[86.40034,25.95173],[86.40069,25.95078],[86.40074,25.9502],[86.4012,25.94997],[86.40198,25.94943],[86.40367,25.94799],[86.4047,25.9478],[86.40575,25.94812],[86.40648,25.94816],[86.40734,25.94783],[86.40795,25.94716],[86.4083,25.94614],[86.40884,25.94267],[86.40909,25.94239],[86.40892,25.94233],[86.40844,25.94235],[86.40805,25.94258],[86.40749,25.94275],[86.40616,25.94303],[86.40575,25.9429],[86.40541,25.94256],[86.40438,25.94131],[86.40239,25.93701],[86.40214,25.93593],[86.40077,25.936],[86.39838,25.93724],[86.39786,25.93619],[86.39733,25.93515],[86.39629,25.93534],[86.39452,25.93666],[86.39381,25.93847],[86.39472,25.93966],[86.39317,25.94147],[86.39333,25.94165],[86.39422,25.9427],[86.3935,25.94441],[86.39257,25.94564],[86.39446,25.94763],[86.39488,25.94839],[86.39468,25.94915],[86.39384,25.94929],[86.39301,25.94943],[86.39051,25.94952],[86.38676,25.94924],[86.38572,25.94981],[86.38573,25.95111],[86.38573,25.95113],[86.38583,25.95227],[86.38657,25.95303],[86.38898,25.95417],[86.39263,25.95531],[86.39316,25.95598],[86.39327,25.95702],[86.39265,25.95844],[86.39031,25.96394]]]},"properties":{"SUB_DIST":"Nauhatta","CEN_2001":"1012000101032700","TYPE":"Village","STATE":"Bihar","NAME":"Lalpur","DISTRICT":"Saharsa"}},
{"type":"Feature","geometry":{"type":"Polygon","coordinates":[[[86.31723,25.95989],[86.31734,25.95991],[86.31907,25.96022],[86.3207,25.96053],[86.32166,25.96123],[86.3227,25.96324],[86.3233,25.96324],[86.32382,25.96332],[86.32417,25.9637],[86.32434,25.96393],[86.32503,25.96394],[86.32777,25.96278],[86.33009,25.96162],[86.33266,25.96178],[86.3333,25.96178],[86.33334,25.96107],[86.33322,25.95643],[86.33304,25.95489],[86.33269,25.95357],[86.33164,25.95141],[86.33163,25.95094],[86.33163,25.9504],[86.33189,25.95002],[86.33189,25.94963],[86.33171,25.9494],[86.33154,25.94917],[86.33101,25.94808],[86.331,25.94692],[86.3315,25.94498],[86.33145,25.94496],[86.33145,25.94465],[86.33144,25.94419],[86.33153,25.94388],[86.33195,25.94365],[86.3323,25.94349],[86.33221,25.94319],[86.33195,25.94264],[86.33194,25.9411],[86.33193,25.94048],[86.33159,25.94017],[86.33073,25.94002],[86.32935,25.93986],[86.329,25.93978],[86.32896,25.93976],[86.32793,25.93975],[86.32638,25.93975],[86.32458,25.93975],[86.32363,25.93975],[86.32262,25.93998],[86.32202,25.94182],[86.32178,25.94483],[86.32095,25.94746],[86.32027,25.94862],[86.32027,25.94885],[86.32036,25.94954],[86.32045,25.95032],[86.32005,25.95318],[86.3197,25.95364],[86.31902,25.95395],[86.31876,25.95449],[86.31869,25.9558],[86.31818,25.95781],[86.3181,25.95843],[86.3176,25.95936],[86.31723,25.95989]]]},"properties":{"SUB_DIST":"Gora Bauram","CEN_2001":"1013001601189400","TYPE":"Village","STATE":"Bihar","NAME":"Gauramansingh","DISTRICT":"Darbhanga"}},
{"type":"Feature","geometry":{"type":"Polygon","coordinates":[[[86.34083,25.96365],[86.34088,25.96364],[86.342,25.96325],[86.34268,25.96264],[86.34362,25.96163],[86.34431,25.9614],[86.34525,25.96038],[86.34541,25.95901],[86.34541,25.9587],[86.34531,25.95839],[86.34497,25.95831],[86.34394,25.95823],[86.34342,25.95777],[86.34341,25.95738],[86.34376,25.95715],[86.34436,25.95715],[86.34488,25.95715],[86.34513,25.95669],[86.34426,25.95483],[86.34425,25.95414],[86.34484,25.95282],[86.3469,25.95182],[86.34715,25.95128],[86.34732,25.95066],[86.3474,25.94857],[86.34772,25.94584],[86.34676,25.94544],[86.34616,25.94552],[86.34556,25.94598],[86.34418,25.94629],[86.34367,25.94629],[86.34306,25.94605],[86.3428,25.94575],[86.34246,25.94559],[86.34229,25.94559],[86.34143,25.94559],[86.33954,25.94613],[86.33929,25.94613],[86.33911,25.94605],[86.33868,25.94574],[86.33833,25.94543],[86.33765,25.94543],[86.33524,25.94535],[86.33171,25.94504],[86.3315,25.94498],[86.331,25.94692],[86.33101,25.94808],[86.33154,25.94917],[86.33171,25.9494],[86.33189,25.94963],[86.33189,25.95002],[86.33163,25.9504],[86.33163,25.95094],[86.33164,25.95141],[86.33269,25.95357],[86.33304,25.95489],[86.33322,25.95643],[86.33334,25.96107],[86.3333,25.96178],[86.33344,25.96178],[86.33515,25.96124],[86.3361,25.96085],[86.33687,25.96039],[86.33738,25.96016],[86.33755,25.96039],[86.33765,25.96085],[86.33826,25.9617],[86.33868,25.96186],[86.33912,25.96186],[86.33946,25.96194],[86.33963,25.96209],[86.33972,25.96248],[86.34083,25.96365]]]},"properties":{"SUB_DIST":"Gora Bauram","CEN_2001":"1013001601189500","TYPE":"Village","STATE":"Bihar","NAME":"Rauta","DISTRICT":"Darbhanga"}},
{"type":"Feature","geometry":{"type":"Polygon","coordinates":[[[86.34545,25.9612],[86.3456,25.96163],[86.3456,25.96241],[86.34621,25.96287],[86.3479,25.96338],[86.34789,25.96318],[86.34858,25.96287],[86.35021,25.96256],[86.3521,25.96233],[86.35433,25.96149],[86.35493,25.96172],[86.35554,25.96187],[86.3558,25.96187],[86.35606,25.96187],[86.35648,25.96133],[86.35734,25.96133],[86.35812,25.96133],[86.35881,25.96188],[86.35932,25.96188],[86.36018,25.96157],[86.36219,25.96118],[86.36227,25.96122],[86.36226,25.95902],[86.36225,25.95817],[86.36182,25.95747],[86.36105,25.95724],[86.35907,25.95763],[86.35555,25.95793],[86.35452,25.95793],[86.35383,25.95793],[86.35323,25.95855],[86.35254,25.95855],[86.35185,25.95855],[86.35151,25.95878],[86.35152,25.95978],[86.35126,25.96009],[86.34545,25.9612]]]},"properties":{"SUB_DIST":"Kiratpur","CEN_2001":"1013001501184100","TYPE":"Village","STATE":"Bihar","NAME":"Bholi","DISTRICT":"Darbhanga"}},
{"type":"Feature","geometry":{"type":"Polygon","coordinates":[[[86.4082,25.95726],[86.40941,25.9565],[86.41305,25.9557],[86.41424,25.95551],[86.41519,25.95532],[86.41592,25.95529],[86.41711,25.95531],[86.41727,25.95537],[86.41759,25.95529],[86.41814,25.95498],[86.41837,25.95475],[86.41908,25.95443],[86.4197,25.95426],[86.41994,25.95425],[86.42017,25.95417],[86.4205,25.95416],[86.42081,25.95393],[86.42096,25.95378],[86.42101,25.9532],[86.42123,25.95283],[86.42146,25.95261],[86.42422,25.9517],[86.42682,25.95086],[86.42759,25.95026],[86.42821,25.94987],[86.429,25.94969],[86.43108,25.9509],[86.43108,25.95047],[86.43139,25.94602],[86.43068,25.94175],[86.43077,25.94102],[86.43073,25.94102],[86.42826,25.94128],[86.42682,25.94141],[86.42418,25.94152],[86.42094,25.94224],[86.41689,25.94306],[86.41602,25.94317],[86.41514,25.94321],[86.41362,25.94342],[86.41211,25.94349],[86.40909,25.94239],[86.40884,25.94267],[86.4083,25.94614],[86.40795,25.94716],[86.40734,25.94783],[86.40648,25.94816],[86.40575,25.94812],[86.4047,25.9478],[86.40367,25.94799],[86.40198,25.94943],[86.4012,25.94997],[86.40074,25.9502],[86.40069,25.95078],[86.40034,25.95173],[86.39989,25.95247],[86.39952,25.95298],[86.39843,25.95354],[86.39751,25.95436],[86.39754,25.95494],[86.39806,25.95556],[86.39822,25.9557],[86.39886,25.95574],[86.40004,25.95519],[86.40075,25.95494],[86.40115,25.95485],[86.40236,25.95502],[86.40334,25.95547],[86.40401,25.95602],[86.4046,25.95657],[86.4047,25.957],[86.40452,25.95794],[86.4043,25.95845],[86.40459,25.95952],[86.4051,25.96],[86.40559,25.96012],[86.4063,25.96002],[86.40675,25.95957],[86.40689,25.95906],[86.40692,25.95798],[86.40646,25.95685],[86.40642,25.95613],[86.40673,25.95597],[86.40714,25.9561],[86.40781,25.95679],[86.4082,25.95726]]]},"properties":{"SUB_DIST":"Nauhatta","CEN_2001":"1012000101032600","TYPE":"Village","STATE":"Bihar","NAME":"Narainpur","DISTRICT":"Saharsa"}},
{"type":"Feature","geometry":{"type":"Polygon","coordinates":[[[86.37962,25.94699],[86.3795,25.94856],[86.37976,25.94965],[86.38037,25.95042],[86.38097,25.95057],[86.38573,25.95111],[86.38572,25.94981],[86.38676,25.94924],[86.39051,25.94952],[86.39301,25.94943],[86.39384,25.94929],[86.39468,25.94915],[86.39488,25.94839],[86.39446,25.94763],[86.39257,25.94564],[86.3935,25.94441],[86.39422,25.9427],[86.39333,25.94165],[86.3895,25.94123],[86.38546,25.94107],[86.38183,25.94121],[86.37997,25.94192],[86.37945,25.94215],[86.37928,25.94254],[86.37965,25.94663],[86.37962,25.94699]]]},"properties":{"SUB_DIST":"Kiratpur","CEN_2001":"1013001501184800","TYPE":"Village","STATE":"Bihar","NAME":"Kandwara","DISTRICT":"Darbhanga"}},
{"type":"Feature","geometry":{"type":"Polygon","coordinates":[[[86.3315,25.94498],[86.33171,25.94504],[86.33524,25.94535],[86.33765,25.94543],[86.33833,25.94543],[86.33868,25.94574],[86.33911,25.94605],[86.33929,25.94613],[86.33954,25.94613],[86.34143,25.94559],[86.34229,25.94559],[86.34246,25.94559],[86.3428,25.94575],[86.34306,25.94605],[86.34367,25.94629],[86.34418,25.94629],[86.34556,25.94598],[86.34616,25.94552],[86.34676,25.94544],[86.34772,25.94584],[86.34805,25.94598],[86.34917,25.94591],[86.35089,25.94645],[86.35219,25.94645],[86.35322,25.94637],[86.35365,25.94599],[86.35381,25.94544],[86.35432,25.94529],[86.35553,25.94514],[86.35587,25.94475],[86.35578,25.94429],[86.355,25.94382],[86.355,25.94328],[86.35542,25.94282],[86.35542,25.94181],[86.35558,25.94112],[86.3561,25.94081],[86.35696,25.94112],[86.35722,25.94112],[86.35748,25.94081],[86.35799,25.94019],[86.35815,25.93942],[86.3585,25.93911],[86.35918,25.93904],[86.35944,25.93873],[86.3589,25.93648],[86.3589,25.93617],[86.35941,25.93563],[86.3601,25.93517],[86.36035,25.93424],[86.36035,25.93422],[86.36029,25.93422],[86.36003,25.93399],[86.35993,25.93268],[86.35966,25.93129],[86.35924,25.93113],[86.35872,25.93136],[86.3576,25.93183],[86.35657,25.93144],[86.35536,25.93043],[86.35421,25.9277],[86.35355,25.92775],[86.35247,25.9279],[86.34996,25.92883],[86.3487,25.9294],[86.34827,25.92975],[86.34516,25.93081],[86.34248,25.93108],[86.33998,25.93119],[86.33852,25.93103],[86.33705,25.93087],[86.33468,25.93113],[86.33347,25.93128],[86.33265,25.93147],[86.33221,25.93174],[86.33148,25.93178],[86.33105,25.93139],[86.33076,25.93],[86.33067,25.92973],[86.33041,25.92961],[86.33037,25.93148],[86.33007,25.93275],[86.32922,25.93337],[86.32862,25.93414],[86.32803,25.93514],[86.32777,25.936],[86.32813,25.93661],[86.32864,25.93708],[86.32864,25.93754],[86.32866,25.93955],[86.32896,25.93976],[86.329,25.93978],[86.32935,25.93986],[86.33073,25.94002],[86.33159,25.94017],[86.33193,25.94048],[86.33194,25.9411],[86.33195,25.94264],[86.33221,25.94319],[86.3323,25.94349],[86.33195,25.94365],[86.33153,25.94388],[86.33144,25.94419],[86.33145,25.94465],[86.33145,25.94496],[86.3315,25.94498]]]},"properties":{"SUB_DIST":"Gora Bauram","CEN_2001":"1013001601189600","TYPE":"Village","STATE":"Bihar","NAME":"Akhtwara","DISTRICT":"Darbhanga"}},
{"type":"Feature","geometry":{"type":"Polygon","coordinates":[[[86.40909,25.94239],[86.41211,25.94349],[86.41362,25.94342],[86.41514,25.94321],[86.41602,25.94317],[86.41689,25.94306],[86.42094,25.94224],[86.42418,25.94152],[86.42682,25.94141],[86.42826,25.94128],[86.43073,25.94102],[86.43077,25.94102],[86.43085,25.94037],[86.43107,25.93986],[86.43214,25.9391],[86.43324,25.93869],[86.43389,25.93866],[86.43548,25.93838],[86.43683,25.93825],[86.43729,25.93823],[86.43755,25.93822],[86.43777,25.93792],[86.43767,25.93735],[86.43713,25.93637],[86.43633,25.93489],[86.43597,25.93405],[86.43601,25.9334],[86.43623,25.93274],[86.43802,25.929],[86.43912,25.92694],[86.43972,25.92648],[86.43952,25.92617],[86.43988,25.92539],[86.44077,25.92464],[86.44179,25.92406],[86.44189,25.92391],[86.44203,25.9237],[86.44205,25.92275],[86.44175,25.92223],[86.44142,25.92219],[86.43665,25.9231],[86.43268,25.92393],[86.42844,25.92511],[86.42767,25.92527],[86.42699,25.92494],[86.42519,25.92467],[86.42256,25.9249],[86.42059,25.92498],[86.41869,25.924],[86.41746,25.92311],[86.41579,25.92289],[86.41357,25.92209],[86.41194,25.92137],[86.41175,25.92129],[86.41037,25.92141],[86.40936,25.92092],[86.40933,25.92045],[86.40948,25.91967],[86.40946,25.9192],[86.40936,25.91912],[86.40919,25.91897],[86.40849,25.91936],[86.40754,25.92029],[86.40683,25.92056],[86.40519,25.91944],[86.40334,25.9181],[86.40281,25.91813],[86.40181,25.91929],[86.40168,25.92042],[86.40157,25.9209],[86.40094,25.92146],[86.40041,25.92231],[86.40002,25.92252],[86.39981,25.92272],[86.40247,25.92311],[86.40706,25.92472],[86.40738,25.92567],[86.41042,25.92738],[86.41115,25.92842],[86.41106,25.92928],[86.40949,25.92928],[86.40709,25.92861],[86.40501,25.92918],[86.4045,25.93089],[86.40459,25.93176],[86.4046,25.93184],[86.40535,25.93402],[86.40525,25.93525],[86.40442,25.93582],[86.40214,25.93593],[86.40239,25.93701],[86.40438,25.94131],[86.40541,25.94256],[86.40575,25.9429],[86.40616,25.94303],[86.40749,25.94275],[86.40805,25.94258],[86.40844,25.94235],[86.40892,25.94233],[86.40909,25.94239]]]},"properties":{"SUB_DIST":"Nauhatta","CEN_2001":"1012000101032800","TYPE":"Village","STATE":"Bihar","NAME":"Sataur","DISTRICT":"Saharsa"}},
{"type":"Feature","geometry":{"type":"Polygon","coordinates":[[[86.38183,25.94121],[86.38546,25.94107],[86.3895,25.94123],[86.39333,25.94165],[86.39317,25.94147],[86.39472,25.93966],[86.39381,25.93847],[86.39452,25.93666],[86.39629,25.93534],[86.39733,25.93515],[86.39786,25.93619],[86.39838,25.93724],[86.40077,25.936],[86.40214,25.93593],[86.40442,25.93582],[86.40525,25.93525],[86.40535,25.93402],[86.4046,25.93184],[86.40459,25.93176],[86.4045,25.93089],[86.40501,25.92918],[86.40709,25.92861],[86.40949,25.92928],[86.41106,25.92928],[86.41115,25.92842],[86.41042,25.92738],[86.40738,25.92567],[86.40706,25.92472],[86.40247,25.92311],[86.39981,25.92272],[86.39592,25.92216],[86.38936,25.92311],[86.388,25.92282],[86.38747,25.92197],[86.38654,25.92168],[86.3856,25.92206],[86.38436,25.92424],[86.38351,25.92595],[86.38313,25.92671],[86.38138,25.9306],[86.38095,25.93079],[86.38251,25.93674],[86.38253,25.94014],[86.38254,25.94076],[86.38219,25.94107],[86.38183,25.94121]]]},"properties":{"SUB_DIST":"Kiratpur","CEN_2001":"1013001501184900","TYPE":"Village","STATE":"Bihar","NAME":"Birdipur","DISTRICT":"Darbhanga"}},
{"type":"Feature","geometry":{"type":"Polygon","coordinates":[[[86.31272,25.94144],[86.31426,25.94106],[86.31529,25.94044],[86.31581,25.94052],[86.31633,25.94075],[86.3171,25.94075],[86.31908,25.94021],[86.3214,25.94014],[86.32191,25.94014],[86.32262,25.93998],[86.32363,25.93975],[86.32458,25.93975],[86.32638,25.93975],[86.32793,25.93975],[86.32896,25.93976],[86.32866,25.93955],[86.32864,25.93754],[86.32864,25.93708],[86.32813,25.93661],[86.32777,25.936],[86.32803,25.93514],[86.32862,25.93414],[86.32922,25.93337],[86.33007,25.93275],[86.33037,25.93148],[86.33041,25.92961],[86.32982,25.92934],[86.32904,25.92933],[86.3277,25.92987],[86.32718,25.93011],[86.32687,25.93026],[86.32622,25.93118],[86.32557,25.93211],[86.32542,25.93316],[86.32533,25.93385],[86.32512,25.93427],[86.32404,25.93435],[86.32295,25.93454],[86.32166,25.93454],[86.32114,25.93438],[86.32093,25.93407],[86.32094,25.93341],[86.32098,25.93291],[86.3209,25.93252],[86.32051,25.93248],[86.32017,25.93295],[86.31973,25.93356],[86.31895,25.93391],[86.31834,25.93398],[86.31654,25.93378],[86.31606,25.93328],[86.31569,25.93216],[86.31539,25.93119],[86.31536,25.93038],[86.3158,25.92991],[86.3168,25.92961],[86.31757,25.92941],[86.31796,25.929],[86.31796,25.92899],[86.31784,25.92849],[86.31728,25.92795],[86.31715,25.92772],[86.31707,25.9276],[86.31504,25.92771],[86.31374,25.92779],[86.3131,25.92778],[86.31219,25.92735],[86.31151,25.92735],[86.31149,25.92736],[86.31103,25.92758],[86.31039,25.92754],[86.30965,25.92735],[86.30901,25.92727],[86.30849,25.92727],[86.30797,25.92742],[86.30758,25.92757],[86.30685,25.92742],[86.30556,25.92718],[86.30495,25.9271],[86.30431,25.92725],[86.30374,25.92729],[86.30293,25.92721],[86.30236,25.92736],[86.30167,25.92748],[86.30054,25.92751],[86.29895,25.92759],[86.29778,25.92744],[86.29766,25.92743],[86.2971,25.92789],[86.29713,25.92928],[86.29664,25.93055],[86.29714,25.93214],[86.2972,25.93222],[86.29811,25.93378],[86.29842,25.93481],[86.29848,25.93509],[86.29866,25.9354],[86.29926,25.93579],[86.3003,25.93595],[86.30064,25.93602],[86.30082,25.93625],[86.30099,25.93649],[86.30125,25.93672],[86.30245,25.93695],[86.30271,25.93695],[86.30289,25.93718],[86.30297,25.93749],[86.30349,25.93749],[86.30418,25.93749],[86.30452,25.93757],[86.30479,25.93788],[86.30521,25.93827],[86.30565,25.93827],[86.30693,25.93796],[86.30719,25.93812],[86.30737,25.9385],[86.3078,25.93866],[86.30866,25.93873],[86.30892,25.93904],[86.30892,25.93943],[86.30885,25.94028],[86.30919,25.94044],[86.30979,25.94051],[86.31048,25.94051],[86.31074,25.94075],[86.31083,25.94106],[86.31083,25.94144],[86.31135,25.9416],[86.31212,25.9416],[86.31272,25.94144]]]},"properties":{"SUB_DIST":"Gora Bauram","CEN_2001":"1013001601186900","TYPE":"Village","STATE":"Bihar","NAME":"Parasrama","DISTRICT":"Darbhanga"}},
{"type":"Feature","geometry":{"type":"Polygon","coordinates":[[[86.368,25.93337],[86.37005,25.93571],[86.37156,25.93627],[86.37234,25.93656],[86.37402,25.93675],[86.37516,25.93628],[86.37701,25.93422],[86.37598,25.93319],[86.37502,25.93205],[86.37423,25.931],[86.37362,25.93013],[86.37222,25.92925],[86.37178,25.92891],[86.37135,25.92873],[86.37012,25.92855],[86.36916,25.92838],[86.36855,25.92803],[86.36837,25.92751],[86.36828,25.92663],[86.36828,25.92576],[86.36806,25.92515],[86.36729,25.92551],[86.36695,25.92568],[86.3652,25.92567],[86.36497,25.92575],[86.36634,25.9267],[86.36687,25.92783],[86.36687,25.92964],[86.36763,25.93296],[86.368,25.93337]]]},"properties":{"SUB_DIST":"Mahishi","CEN_2001":"1012000301038700","TYPE":"Village","STATE":"Bihar","NAME":"Tarhi","DISTRICT":"Saharsa"}},
{"type":"Feature","geometry":{"type":"Polygon","coordinates":[[[86.36035,25.93422],[86.36372,25.93399],[86.36733,25.93353],[86.368,25.93337],[86.36763,25.93296],[86.36687,25.92964],[86.36687,25.92783],[86.36634,25.9267],[86.36497,25.92575],[86.36465,25.9248],[86.36599,25.92176],[86.36557,25.92148],[86.36349,25.92186],[86.36141,25.92224],[86.36106,25.92213],[86.35984,25.92176],[86.35921,25.9213],[86.35877,25.92239],[86.35886,25.92324],[86.35885,25.92409],[86.3581,25.92502],[86.35788,25.92606],[86.35723,25.92657],[86.3561,25.92745],[86.35506,25.92764],[86.35421,25.9277],[86.35536,25.93043],[86.35657,25.93144],[86.3576,25.93183],[86.35872,25.93136],[86.35924,25.93113],[86.35966,25.93129],[86.35993,25.93268],[86.36003,25.93399],[86.36029,25.93422],[86.36035,25.93422]]]},"properties":{"SUB_DIST":"Kiratpur","CEN_2001":"1013001501184300","TYPE":"Village","STATE":"Bihar","NAME":"Khaisa","DISTRICT":"Darbhanga"}},
{"type":"Feature","geometry":{"type":"Polygon","coordinates":[[[86.37701,25.93422],[86.37951,25.93145],[86.38095,25.93079],[86.38138,25.9306],[86.38313,25.92671],[86.38351,25.92595],[86.38184,25.92488],[86.3807,25.92401],[86.38022,25.9234],[86.37872,25.92266],[86.37833,25.92319],[86.37757,25.92348],[86.3767,25.92352],[86.37631,25.92345],[86.37646,25.92249],[86.37629,25.92119],[86.37577,25.92043],[86.37459,25.92005],[86.37313,25.91994],[86.37121,25.9202],[86.37036,25.92067],[86.36974,25.92174],[86.36817,25.9251],[86.36806,25.92515],[86.36828,25.92576],[86.36828,25.92663],[86.36837,25.92751],[86.36855,25.92803],[86.36916,25.92838],[86.37012,25.92855],[86.37135,25.92873],[86.37178,25.92891],[86.37222,25.92925],[86.37362,25.93013],[86.37423,25.931],[86.37502,25.93205],[86.37598,25.93319],[86.37701,25.93422]]]},"properties":{"SUB_DIST":"Mahishi","CEN_2001":"1012000301038600","TYPE":"Village","STATE":"Bihar","NAME":"Chatania","DISTRICT":"Saharsa"}},
{"type":"Feature","geometry":{"type":"Polygon","coordinates":[[[86.32718,25.93011],[86.3277,25.92987],[86.32904,25.92933],[86.32982,25.92934],[86.33041,25.92961],[86.33067,25.92973],[86.33076,25.93],[86.33105,25.93139],[86.33148,25.93178],[86.33221,25.93174],[86.33265,25.93147],[86.33347,25.93128],[86.33468,25.93113],[86.33705,25.93087],[86.33852,25.93103],[86.33998,25.93119],[86.34248,25.93108],[86.34516,25.93081],[86.34827,25.92975],[86.3487,25.9294],[86.34996,25.92883],[86.35247,25.9279],[86.35266,25.92706],[86.3529,25.92643],[86.35286,25.92584],[86.35287,25.92509],[86.353,25.92479],[86.35301,25.92442],[86.35287,25.9242],[86.35156,25.92382],[86.3512,25.92357],[86.35101,25.92319],[86.35097,25.92214],[86.35093,25.92185],[86.35074,25.92172],[86.35041,25.92172],[86.34999,25.92151],[86.34985,25.92113],[86.3493,25.9208],[86.34888,25.9208],[86.34846,25.92063],[86.34818,25.92063],[86.34776,25.92051],[86.34747,25.9203],[86.34748,25.92],[86.34753,25.91979],[86.34781,25.91937],[86.34782,25.91899],[86.3475,25.91824],[86.34751,25.91626],[86.34775,25.91542],[86.34794,25.91521],[86.34813,25.91488],[86.34804,25.91433],[86.34765,25.91107],[86.34747,25.90998],[86.34734,25.90897],[86.34708,25.90861],[86.34702,25.90857],[86.34683,25.90845],[86.3466,25.90845],[86.34645,25.90849],[86.34636,25.90857],[86.34626,25.90878],[86.34564,25.91],[86.34428,25.91104],[86.34225,25.9123],[86.34045,25.91301],[86.33955,25.91325],[86.33847,25.91376],[86.33744,25.91413],[86.33627,25.91446],[86.33416,25.91454],[86.33298,25.91454],[86.33234,25.91428],[86.33186,25.91356],[86.33083,25.9145],[86.32979,25.91622],[86.32898,25.91735],[86.32837,25.91764],[86.32828,25.91764],[86.32781,25.9176],[86.32687,25.91726],[86.32632,25.91722],[86.32589,25.9173],[86.32448,25.91834],[86.32391,25.91856],[86.32413,25.92146],[86.32446,25.92247],[86.32445,25.92302],[86.32421,25.92344],[86.32402,25.92361],[86.32388,25.9239],[86.32388,25.92436],[86.32471,25.925],[86.32583,25.92596],[86.32601,25.92643],[86.32619,25.92748],[86.32586,25.92802],[86.32548,25.92827],[86.3251,25.92847],[86.32523,25.92925],[86.32537,25.92942],[86.32612,25.92942],[86.32659,25.92942],[86.32691,25.92963],[86.32706,25.92984],[86.32718,25.93011]]]},"properties":{"SUB_DIST":"Gora Bauram","CEN_2001":"1013001601189700","TYPE":"Village","STATE":"Bihar","NAME":"Kothram","DISTRICT":"Darbhanga"}},
{"type":"Feature","geometry":{"type":"Polygon","coordinates":[[[86.35247,25.9279],[86.35355,25.92775],[86.35421,25.9277],[86.35506,25.92764],[86.3561,25.92745],[86.35723,25.92657],[86.35788,25.92606],[86.3581,25.92502],[86.35885,25.92409],[86.35886,25.92324],[86.35877,25.92239],[86.35921,25.9213],[86.35827,25.92062],[86.35658,25.91806],[86.35568,25.9147],[86.35537,25.91355],[86.35362,25.91125],[86.35169,25.90871],[86.35145,25.90814],[86.34724,25.9087],[86.34708,25.90861],[86.34734,25.90897],[86.34747,25.90998],[86.34765,25.91107],[86.34804,25.91433],[86.34813,25.91488],[86.34794,25.91521],[86.34775,25.91542],[86.34751,25.91626],[86.3475,25.91824],[86.34782,25.91899],[86.34781,25.91937],[86.34753,25.91979],[86.34748,25.92],[86.34747,25.9203],[86.34776,25.92051],[86.34818,25.92063],[86.34846,25.92063],[86.34888,25.9208],[86.3493,25.9208],[86.34985,25.92113],[86.34999,25.92151],[86.35041,25.92172],[86.35074,25.92172],[86.35093,25.92185],[86.35097,25.92214],[86.35101,25.92319],[86.3512,25.92357],[86.35156,25.92382],[86.35287,25.9242],[86.35301,25.92442],[86.353,25.92479],[86.35287,25.92509],[86.35286,25.92584],[86.3529,25.92643],[86.35266,25.92706],[86.35247,25.9279]]]},"properties":{"SUB_DIST":"Gora Bauram","CEN_2001":"1013001601190000","TYPE":"Village","STATE":"Bihar","NAME":"Punach","DISTRICT":"Darbhanga"}},
{"type":"Feature","geometry":{"type":"Polygon","coordinates":[[[86.37872,25.92266],[86.38022,25.9234],[86.3807,25.92401],[86.38184,25.92488],[86.38351,25.92595],[86.38436,25.92424],[86.3856,25.92206],[86.38654,25.92168],[86.38747,25.92197],[86.388,25.92282],[86.38936,25.92311],[86.39592,25.92216],[86.39981,25.92272],[86.40002,25.92252],[86.40041,25.92231],[86.40094,25.92146],[86.40157,25.9209],[86.40168,25.92042],[86.40181,25.91929],[86.40281,25.91813],[86.40334,25.9181],[86.40519,25.91944],[86.40683,25.92056],[86.40754,25.92029],[86.40849,25.91936],[86.40919,25.91897],[86.40936,25.91912],[86.40989,25.91767],[86.40982,25.91647],[86.40956,25.91604],[86.40894,25.91585],[86.40722,25.9157],[86.40461,25.91483],[86.40386,25.91465],[86.4036,25.91433],[86.40403,25.91091],[86.40458,25.90861],[86.403,25.90896],[86.40202,25.90889],[86.40012,25.90788],[86.39769,25.90799],[86.39586,25.90807],[86.39246,25.90854],[86.38901,25.90855],[86.3872,25.90855],[86.37829,25.90872],[86.37603,25.90947],[86.37685,25.91596],[86.37691,25.9164],[86.37766,25.91966],[86.37834,25.92154],[86.37869,25.92265],[86.37872,25.92266]]]},"properties":{"SUB_DIST":"Mahishi","CEN_2001":"1012000301038500","TYPE":"Village","STATE":"Bihar","NAME":"Birgaon","DISTRICT":"Saharsa"}},
{"type":"Feature","geometry":{"type":"Polygon","coordinates":[[[86.36497,25.92575],[86.3652,25.92567],[86.36695,25.92568],[86.36729,25.92551],[86.36806,25.92515],[86.36817,25.9251],[86.36974,25.92174],[86.37036,25.92067],[86.37121,25.9202],[86.37313,25.91994],[86.37459,25.92005],[86.37577,25.92043],[86.37629,25.92119],[86.37646,25.92249],[86.37631,25.92345],[86.3767,25.92352],[86.37757,25.92348],[86.37833,25.92319],[86.37872,25.92266],[86.37869,25.92265],[86.37834,25.92154],[86.37766,25.91966],[86.37691,25.9164],[86.37685,25.91596],[86.37602,25.916],[86.37494,25.91579],[86.37379,25.91592],[86.37255,25.91641],[86.37141,25.91681],[86.37016,25.91678],[86.36908,25.91648],[86.3671,25.9157],[86.36596,25.91609],[86.36452,25.91624],[86.36343,25.91585],[86.36213,25.91513],[86.36121,25.91439],[86.36109,25.91417],[86.36116,25.91682],[86.36111,25.92044],[86.3612,25.92156],[86.36106,25.92213],[86.36141,25.92224],[86.36349,25.92186],[86.36557,25.92148],[86.36599,25.92176],[86.36465,25.9248],[86.36497,25.92575]]]},"properties":{"SUB_DIST":"Mahishi","CEN_2001":"1012000301038800","TYPE":"Village","STATE":"Bihar","NAME":"Amahi","DISTRICT":"Saharsa"}},
{"type":"Feature","geometry":{"type":"Polygon","coordinates":[[[86.35921,25.9213],[86.35984,25.92176],[86.36106,25.92213],[86.3612,25.92156],[86.36111,25.92044],[86.36116,25.91682],[86.36109,25.91417],[86.36037,25.91295],[86.35904,25.91162],[86.35834,25.91113],[86.35726,25.911],[86.35543,25.91108],[86.35362,25.91125],[86.35537,25.91355],[86.35568,25.9147],[86.35658,25.91806],[86.35827,25.92062],[86.35921,25.9213]]]},"properties":{"SUB_DIST":"Mahishi","CEN_2001":"1012000301038900","TYPE":"Village","STATE":"Bihar","NAME":"Bahrampur","DISTRICT":"Saharsa"}},
{"type":"Feature","geometry":{"type":"Polygon","coordinates":[[[86.40936,25.91912],[86.40946,25.9192],[86.40948,25.91967],[86.40933,25.92045],[86.40936,25.92092],[86.41037,25.92141],[86.41175,25.92129],[86.41194,25.92137],[86.4123,25.91943],[86.41227,25.91877],[86.41174,25.91814],[86.41148,25.91782],[86.41181,25.91715],[86.41218,25.91713],[86.41277,25.91656],[86.4128,25.91481],[86.41344,25.9125],[86.41352,25.91225],[86.41324,25.91172],[86.41286,25.91162],[86.41225,25.91143],[86.40993,25.91153],[86.40833,25.91138],[86.408,25.91115],[86.40604,25.90883],[86.40565,25.90841],[86.40541,25.90842],[86.40458,25.90861],[86.40403,25.91091],[86.4036,25.91433],[86.40386,25.91465],[86.40461,25.91483],[86.40722,25.9157],[86.40894,25.91585],[86.40956,25.91604],[86.40982,25.91647],[86.40989,25.91767],[86.40936,25.91912]]]},"properties":{"SUB_DIST":"Mahishi","CEN_2001":"1012000301038300","TYPE":"Village","STATE":"Bihar","NAME":"Kargaon","DISTRICT":"Saharsa"}},
{"type":"Feature","geometry":{"type":"Polygon","coordinates":[[[76.43888856,10.28561787],[76.43826288,10.28627208],[76.43716416,10.28758527],[76.43637072,10.288899449999999],[76.43569932,10.29021354],[76.43449403999999,10.29174615],[76.43566908,10.29327966],[76.4362944,10.293746939999998],[76.43679804,10.29412269],[76.4369658,10.294213319999999],[76.43759904,10.29457377],[76.437828,10.294649099999999],[76.43830104,10.294830359999999],[76.43854512,10.294859879999999],[76.43875896,10.2949047],[76.43892672,10.29492],[76.43924711999999,10.294890389999999],[76.43939976,10.294859879999999],[76.43967443999999,10.29473973],[76.44014748,10.294484129999999],[76.44058992,10.2941685],[76.44077315999999,10.29403305],[76.44138335999999,10.293702119999999],[76.44212352,10.29349233],[76.4423676,10.293432209999999],[76.44255048,10.293432209999999],[76.44308471999999,10.293417],[76.44319164,10.293417],[76.44342024,10.29347703],[76.4436798,10.293597179999999],[76.44463343999999,10.294287659999998],[76.445793,10.295400599999999],[76.44619764,10.295957609999999],[76.44670092,10.296153089999999],[76.44680783999999,10.296182609999999],[76.44731148,10.296228419999998],[76.44747923999999,10.296228419999998],[76.44815064,10.296048149999999],[76.44851675999999,10.295912699999999],[76.44938651999999,10.29570201],[76.4496918,10.29568671],[76.45051584,10.295718209999999],[76.45088951999999,10.29579255],[76.45162212,10.29607866],[76.4540406,10.29649257],[76.45546728,10.29652308],[76.45774068,10.296584099999999],[76.46022036,10.29621789],[76.46221908,10.29552552],[76.4680176,10.293480899999999],[76.47330491999999,10.291384709999999],[76.47399143999999,10.291295069999999],[76.47497568,10.291249259999999],[76.4756316,10.291323689999999],[76.47686784,10.291865309999999],[76.47779844,10.29231738],[76.4785386,10.29252717],[76.47910307999999,10.292542469999999],[76.4798508,10.29245184],[76.48101036,10.292076089999998],[76.48255907999999,10.291838669999999],[76.4839782,10.29144762],[76.48527528,10.29128166],[76.48581707999999,10.29128166],[76.48635096,10.29144762],[76.48686972,10.29179286],[76.48700724,10.291869179999999],[76.48891452,10.29328155],[76.48949447999999,10.293478019999998],[76.49039447999999,10.29355335],[76.49129484,10.29349323],[76.49190503999999,10.293268229999999],[76.49333963999999,10.29257586],[76.49530019999999,10.29134277],[76.4956818,10.29098223],[76.49595647999999,10.290349979999998],[76.49713908,10.28791233],[76.49745947999999,10.287581399999999],[76.49799336,10.287385019999999],[76.49890128,10.287309689999999],[76.50006119999999,10.28729538],[76.50126648,10.287686339999999],[76.50487512,10.28862189],[76.50715643999999,10.288952819999999],[76.50819396,10.28893662],[76.51054368,10.28832057],[76.51245132,10.287690119999999],[76.51345823999999,10.287359279999999],[76.51411451999999,10.287388799999999],[76.5156708,10.287658709999999],[76.51692972,10.287524249999999],[76.51819619999999,10.28702835],[76.51859291999999,10.28683188],[76.52246076,10.28461842],[76.52348316,10.28419686],[76.52429208,10.28398608],[76.52441411999999,10.28398608],[76.52537532,10.28409102],[76.5262224,10.28446677],[76.52634443999999,10.2845268],[76.52988432,10.28643705],[76.53365316,10.28797623],[76.53464496,10.28826234],[76.5357894,10.288247129999998],[76.53766644,10.28809647],[76.53877272,10.28850174],[76.54044348,10.289436299999998],[76.54157244,10.28975103],[76.54245012,10.289901689999999],[76.545639,10.29009627],[76.5463104,10.290081059999999],[76.54688279999999,10.289916],[76.54763016,10.2894192],[76.55089572,10.286173799999998],[76.55147568,10.285152479999999],[76.55163587999999,10.28452014],[76.55200199999999,10.284069059999998],[76.55245955999999,10.28370762],[76.55323788,10.283422499999999],[76.5545958,10.283391989999998],[76.55626692,10.28369232],[76.55763995999999,10.284051869999999],[76.56069959999999,10.285368929999999],[76.56141672,10.285610219999999],[76.56259139999999,10.2857904],[76.56392663999999,10.28575899],[76.56499475999999,10.28575899],[76.5674208,10.28562066],[76.56787872,10.285531019999999],[76.56836688,10.28524491],[76.56921396,10.28492928],[76.57031268,10.284777629999999],[76.57051104,10.284777629999999],[76.57228079999999,10.28507805],[76.57353972,10.28558925],[76.5738756,10.28586006],[76.57389072,10.286280629999998],[76.57366176,10.286657369999999],[76.57323444,10.287062639999998],[76.57211303999999,10.28834055],[76.57136532,10.28915406],[76.57040411999999,10.289709089999999],[76.56816852,10.29107664],[76.56649775999999,10.29257487],[76.56633756,10.2931461],[76.56630695999999,10.29341889],[76.56630695999999,10.29387096],[76.56656652,10.2944412],[76.56691751999999,10.29484467],[76.56908399999999,10.296531719999999],[76.57559964,10.30215069],[76.57700364,10.30309578],[76.57749935999999,10.30326174],[76.57789607999999,10.30325031],[76.5784224,10.303000469999999],[76.57894152,10.30233483],[76.57940663999999,10.30196574],[76.58000964,10.301835059999998],[76.58074943999999,10.30177593],[76.58097839999999,10.30177494],[76.58147448,10.30177494],[76.58206956,10.30169205],[76.58322156,10.301431679999999],[76.58390052,10.300872779999999],[76.58576964,10.29886434],[76.58610551999999,10.29867363],[76.58651735999999,10.2985191],[76.58666244,10.29854295],[76.58679203999999,10.297045709999999],[76.58692164,10.29470256],[76.5873108,10.29331017],[76.58809667999999,10.29251961],[76.59043127999999,10.29042819],[76.59215531999999,10.289010059999999],[76.595337,10.28691675],[76.59822851999999,10.285124759999999],[76.59951011999999,10.283453009999999],[76.60041048,10.28205873],[76.60101311999999,10.28187279],[76.60215,10.28201004],[76.60359971999999,10.28214738],[76.606308,10.28197953],[76.60827648,10.281536099999999],[76.60962683999999,10.28125476],[76.61270123999999,10.28159811],[76.61509704,10.28170971],[76.6159668,10.28163906],[76.61622636,10.28133675],[76.61656187999999,10.28098773],[76.61768328,10.278574019999999],[76.61949912,10.27567098],[76.62000275999999,10.275205589999999],[76.62120804,10.27525041],[76.62328344,10.27496817],[76.62397752,10.27429389],[76.62483972,10.27412991],[76.62585456,10.274151779999999],[76.62731183999999,10.27438164],[76.62944015999999,10.27423863],[76.63342284,10.274069789999999],[76.63441463999999,10.27411461],[76.63507091999999,10.274531399999999],[76.63591763999999,10.27464579],[76.63774104,10.275315299999999],[76.6390608,10.27587033],[76.64050295999999,10.27691172],[76.64197535999999,10.278416609999999],[76.64323427999999,10.279970189999998],[76.64374547999999,10.28064159],[76.64500439999999,10.280615849999998],[76.64672087999999,10.280730239999999],[76.65132132,10.28097729],[76.65431219999999,10.280787479999999],[76.65839387999999,10.280408849999999],[76.659813,10.279872899999999],[76.6599426,10.279223459999999],[76.66025544,10.27762128],[76.66113276,10.27650645],[76.66273512,10.27529712],[76.66450488,10.273856129999999],[76.66596215999999,10.272832829999999],[76.66735824,10.27252863],[76.668228,10.27252674],[76.66965468,10.27238562],[76.67092115999999,10.27166364],[76.67274492,10.27068714],[76.67457587999999,10.270265579999998],[76.67607131999999,10.270194029999999],[76.67787924,10.26974961],[76.67953487999999,10.269213659999998],[76.68141191999999,10.268491769999999],[76.68422711999999,10.26753615],[76.68663011999999,10.266765569999999],[76.68845352,10.26602073],[76.6914444,10.26531981],[76.69317636,10.26485829],[76.69017036,10.259057969999999],[76.68833147999999,10.2551823],[76.68756864,10.253367449999999],[76.68740088,10.25079156],[76.68701928,10.241366399999999],[76.68686663999999,10.2377214],[76.68428795999999,10.22951601],[76.68054215999999,10.21717359],[76.67997731999999,10.21560858],[76.67585747999999,10.21116159],[76.66110216,10.195240049999999],[76.65637968,10.18963719],[76.64819328,10.166472449999999],[76.64514912,10.158011459999999],[76.64439383999999,10.158714269999999],[76.64314284,10.15950582],[76.6427994,10.15969563],[76.64038848,10.161032669999999],[76.63683311999999,10.163427389999999],[76.63378139999999,10.166499179999999],[76.63105008,10.1703987],[76.62953196,10.17196083],[76.62902831999999,10.172371859999998],[76.62886055999999,10.172533049999998],[76.62821183999999,10.17297936],[76.62763224,10.173212009999999],[76.62650292,10.17344376],[76.62643415999999,10.17344376],[76.62410747999999,10.17306999],[76.62384035999999,10.17301653],[76.62059027999999,10.172481569999999],[76.6181718,10.171379069999999],[76.61470788,10.17002394],[76.61269367999999,10.16934588],[76.61169432,10.16913222],[76.61055744,10.16941833],[76.60958867999999,10.169708219999999],[76.6092834,10.16995815],[76.60862748,10.170494099999999],[76.60842912,10.170707669999999],[76.60794059999999,10.171565099999999],[76.60775772,10.171814939999999],[76.60703267999999,10.172993669999999],[76.60684979999999,10.173260699999998],[76.60645308,10.173564899999999],[76.60621656,10.17376137],[76.60565172,10.174136129999999],[76.6054764,10.174297319999999],[76.60491191999999,10.174583429999998],[76.60400399999999,10.174725539999999],[76.60295099999999,10.174851449999998],[76.6015776,10.17433359],[76.59992231999999,10.174153319999999],[76.59781631999999,10.17333315],[76.59667187999999,10.173190139999999],[76.59352872,10.17343899],[76.59254448,10.173725099999999],[76.59134676,10.174403159999999],[76.59008028,10.17533205],[76.5877914,10.17794133],[76.58668512,10.17940518],[76.58523575999999,10.18042281],[76.58286299999999,10.181726459999998],[76.58027639999999,10.18288422],[76.57817075999999,10.18352799],[76.57581311999999,10.18422414],[76.57487495999999,10.184829749999999],[76.57465355999999,10.18497375],[76.57334892,10.186795259999998],[76.57150284,10.18803024],[76.5701982,10.188852299999999],[76.56968699999999,10.189387349999999],[76.56932843999999,10.19040489],[76.56897744,10.19140434],[76.5687636,10.19177721],[76.56868727999999,10.19190411],[76.56727608,10.19311812],[76.56648263999999,10.193492879999999],[76.56539147999999,10.193672159999998],[76.56379704,10.19370843],[76.56285851999999,10.193891489999999],[76.562523,10.19395827],[76.56129467999999,10.19415474],[76.56056964,10.194515189999999],[76.55889132,10.19536398],[76.55866992,10.195405919999999],[76.5586242,10.19983482],[76.55875379999999,10.20186234],[76.55873867999999,10.20371247],[76.55842584,10.205027549999999],[76.55778504,10.205886869999999],[76.55689224,10.206592559999999],[76.55567183999999,10.20711996],[76.55473332,10.207824749999999],[76.55397047999999,10.208202389999999],[76.55300136,10.20878127],[76.55153652,10.209358259999998],[76.55026248,10.21016313],[76.54891968,10.21079061],[76.54817951999999,10.2113199],[76.54728707999999,10.21200084],[76.54629528,10.212655049999999],[76.54512023999999,10.21396824],[76.54430375999999,10.215002969999999],[76.54361723999999,10.215709649999999],[76.54307544,10.216316249999998],[76.54216751999999,10.216590839999999],[76.54140468,10.21673961],[76.54097736,10.21681404],[76.53990924,10.216859849999999],[76.53903192,10.21667958],[76.5386046,10.216347659999998],[76.537674,10.21563531],[76.5371016,10.21507641],[76.53623976,10.21466736],[76.53591936,10.21428486],[76.53559104,10.214005499999999],[76.53508776,10.213953029999999],[76.53440087999999,10.21407696],[76.53346235999999,10.214301149999999],[76.53250116,10.21475313],[76.53163896,10.21512888],[76.53027347999999,10.215275759999999],[76.52912904,10.215373049999998],[76.52743523999999,10.21541688],[76.52647404,10.215539009999999],[76.52510819999999,10.21566006],[76.52387232,10.215655289999999],[76.52336111999999,10.21583079],[76.52297988,10.21603203],[76.52209463999999,10.21628187],[76.52082816,10.21650408],[76.52021796,10.216856969999998],[76.51897416,10.21728231],[76.51808928,10.21732902],[76.51741032,10.21720032],[76.51692972,10.21712211],[76.51619712,10.217322359999999],[76.51510632,10.2175713],[76.51429739999999,10.21789746],[76.51390823999999,10.218377069999999],[76.51235951999999,10.21933269],[76.51132199999999,10.21927833],[76.51036836,10.21899609],[76.50925452,10.21868703],[76.50885024,10.21876146],[76.50846863999999,10.218988439999999],[76.50593568,10.21943376],[76.50533304,10.21948245],[76.50409716,10.218957929999998],[76.50331883999999,10.21860027],[76.50263987999999,10.21844484],[76.50220499999999,10.21844295],[76.50106812,10.218287429999998],[76.50028979999999,10.217725739999999],[76.49989307999999,10.217191679999999],[76.49964143999999,10.21676067],[76.49889372,10.21607397],[76.49765783999999,10.215789749999999],[76.49697096,10.215812699999999],[76.49574263999999,10.215326339999999],[76.49434656,10.21514319],[76.49372088,10.21503924],[76.49296559999999,10.214378369999999],[76.49166095999999,10.21325778],[76.49063856,10.212062849999999],[76.48971551999999,10.21056363],[76.48891452,10.2096243],[76.48809048,10.20873258],[76.48766316,10.20835206],[76.48695359999999,10.20819663],[76.48648055999999,10.207991609999999],[76.48605359999999,10.207204829999998],[76.48598484,10.20646953],[76.48604567999999,10.20582387],[76.48604567999999,10.205190629999999],[76.48607627999999,10.20468429],[76.48603055999999,10.204379999999999],[76.48563383999999,10.203947999999999],[76.4854812,10.20336534],[76.4855118,10.20293424],[76.48566444,10.20263103],[76.48582463999999,10.202277149999999],[76.48572528,10.201895729999999],[76.48519895999999,10.201489469999999],[76.48459632,10.20080187],[76.48412327999999,10.20021822],[76.48386371999999,10.19997117],[76.48384859999999,10.200038939999999],[76.48353576,10.200518639999999],[76.48328412,10.200821849999999],[76.48280351999999,10.20097161],[76.48232256,10.20096972],[76.48204032,10.2008934],[76.48176563999999,10.200764699999999],[76.48151399999999,10.20066264],[76.48113239999999,10.20058632],[76.48093404,10.20040704],[76.48073568,10.2003813],[76.48017876,10.20035358],[76.4797212,10.20037743],[76.47939287999999,10.20052818],[76.478607,10.20085434],[76.47792048,10.201028849999998],[76.47764579999999,10.20112893],[76.47711192,10.20115188],[76.47683724,10.20102408],[76.47666156,10.20059298],[76.47631055999999,10.199982599999998],[76.47581484,10.199550599999998],[76.47515856,10.19921877],[76.47457895999999,10.1991663],[76.47404472,10.19918916],[76.47308351999999,10.19923596],[76.47248087999999,10.19902995],[76.47193152,10.1986227],[76.47152724,10.19808864],[76.47122952,10.19780919],[76.47062688,10.19724939],[76.47055055999999,10.197206459999999],[76.47042096,10.19748879],[76.47026831999999,10.1979189],[76.47007751999999,10.19872854],[76.47014628,10.19959065],[76.47011567999999,10.200630149999999],[76.47005447999999,10.201972049999998],[76.46984099999999,10.20260529],[76.46930712,10.203108749999998],[76.46879591999999,10.203816419999999],[76.46884164,10.20462705],[76.46878043999999,10.20531078],[76.46865084,10.205563589999999],[76.46837615999999,10.20571515],[76.46829228,10.20611952],[76.46826924,10.206397979999998],[76.46826168,10.20685383],[76.46836103999999,10.207107539999999],[76.46848308,10.20773601],[76.4683992,10.20864681],[76.46817023999999,10.20905208],[76.46808636,10.209584249999999],[76.46812451999999,10.21069809],[76.46783436,10.21198941],[76.46758272,10.21229172],[76.46726987999999,10.212847739999999],[76.46706395999999,10.21391199],[76.46685011999999,10.214899019999999],[76.46672052,10.21510125],[76.46641523999999,10.2151251],[76.46595767999999,10.215376829999999],[76.46521752,10.21646313],[76.46495832,10.216942829999999],[76.46495832,10.217425319999998],[76.464981,10.21765329],[76.46490467999999,10.21790601],[76.46452344,10.21787928],[76.46376024,10.218535379999999],[76.46360003999999,10.21924305],[76.46137992,10.221445079999999],[76.45961772,10.22247891],[76.45922856,10.22380254],[76.45798475999999,10.22592834],[76.45509324,10.227100409999998],[76.45413203999999,10.22828004],[76.45388795999999,10.22960376],[76.4536284,10.232064269999999],[76.4533692,10.23490431],[76.4539794,10.239829019999998],[76.45387283999999,10.24162677],[76.45291128,10.243421549999999],[76.45233168,10.2451239],[76.45268232,10.24787142],[76.45257575999999,10.249006229999999],[76.45211784,10.250403389999999],[76.45130171999999,10.25062848],[76.44993588,10.25133228],[76.44856247999999,10.25203608],[76.44699107999999,10.252560599999999],[76.44567096,10.25329113],[76.44495384,10.25394633],[76.44393935999999,10.25475309],[76.44309227999999,10.255711589999999],[76.4421768,10.25629137],[76.44146724,10.2567186],[76.44144456,10.256732909999998],[76.44191724,10.257189749999998],[76.44259656,10.25787636],[76.44289391999999,10.258460009999999],[76.4430084,10.25904276],[76.44295512,10.25939844],[76.44277944,10.259777069999998],[76.44234456,10.26025677],[76.44196332,10.26066114],[76.44175704,10.260938609999998],[76.44157415999999,10.26162243],[76.44152052,10.262204189999999],[76.44145968,10.263014819999999],[76.44116987999999,10.2640266],[76.44091032,10.264684679999998],[76.44040668,10.265036579999999],[76.4399718,10.26523782],[76.43953692,10.26559071],[76.439331,10.26650241],[76.43921651999999,10.267819379999999],[76.43915568,10.268489879999999],[76.43896488,10.270111049999999],[76.4387514,10.271428109999999],[76.43864448,10.27195929],[76.4383086,10.27274319],[76.43812571999999,10.2736044],[76.43806452,10.27492146],[76.43795759999999,10.275122609999999],[76.43760696,10.275477389999999],[76.43757636,10.27580643],[76.43754575999999,10.276034399999999],[76.43754575999999,10.276388189999999],[76.43776715999999,10.276844939999998],[76.43819411999999,10.277252189999999],[76.43851488,10.277988389999999],[76.43863692,10.278925919999999],[76.43869776,10.28014281],[76.43871324,10.28130813],[76.43880467999999,10.28219508],[76.43890368,10.28262618],[76.43900303999999,10.28305719],[76.43914812,10.283261309999999],[76.43959812,10.283693309999999],[76.43988035999999,10.28382111],[76.43982708,10.284150149999999],[76.43969711999999,10.2843018],[76.43959812,10.28435229],[76.43944547999999,10.284426719999999],[76.4393922,10.28475567],[76.43917836,10.285312679999999],[76.43888856,10.28561787]]]},"properties":{"CEN_2001":"3208000200082200","SUB_DIST":"Aluva","TYPE":"Village","STATE":"Kerala","NAME":"Ayyampuzha","DISTRICT":"Ernakulam"}},
{"type":"Feature","geometry":{"type":"Polygon","coordinates":[[[76.43096928,10.21097376],[76.4308854,10.211389559999999],[76.43074032,10.21290966],[76.43074032,10.21326444],[76.43081663999999,10.213594469999999],[76.43131272,10.21417902],[76.432068,10.21468833],[76.43317427999999,10.21525002],[76.43352492,10.21550463],[76.4337996,10.216139759999999],[76.43429567999999,10.21728231],[76.43444076,10.21784022],[76.4341812,10.21823118],[76.4337006,10.218203549999998],[76.43302163999999,10.218125339999999],[76.4323884,10.218096719999998],[76.43148047999999,10.21809384],[76.43109888,10.2182436],[76.4307936,10.218395249999999],[76.43061827999999,10.218697559999999],[76.43068704,10.219128569999999],[76.43106071999999,10.219560659999999],[76.43183904,10.220096609999999],[76.43224332,10.22037696],[76.432419,10.220858549999999],[76.43243412,10.221416459999999],[76.43243412,10.221796079999999],[76.4322282,10.22207355],[76.43164824,10.22207166],[76.43124395999999,10.22206977],[76.43083967999999,10.222119359999999],[76.4305344,10.22229477],[76.43007648,10.22231862],[76.42974851999999,10.222368209999999],[76.42926792,10.22234058],[76.4288406,10.222061129999998],[76.42845899999999,10.221982919999999],[76.42826063999999,10.222006769999998],[76.42823039999999,10.22218515],[76.42817676,10.22261526],[76.42822247999999,10.2229452],[76.42845143999999,10.223223659999999],[76.42844387999999,10.22375583],[76.42869551999999,10.22439096],[76.42899324,10.224595079999999],[76.42916856,10.2246714],[76.4291916,10.224899279999999],[76.42906199999999,10.22512725],[76.42896264,10.225355129999999],[76.42852776,10.225809089999998],[76.42844387999999,10.22631453],[76.42846691999999,10.22732928],[76.42835244,10.228239989999999],[76.4281692,10.228670099999999],[76.4281386,10.23011397],[76.42823039999999,10.230824429999998],[76.4282988,10.231127729999999],[76.42832184,10.23138234],[76.42811592,10.23191262],[76.42781063999999,10.232443799999999],[76.42727676,10.23264405],[76.42684944,10.232845289999998],[76.42674251999999,10.233249659999998],[76.42672739999999,10.234440809999999],[76.42654415999999,10.235326769999999],[76.42629251999999,10.235654819999999],[76.42623132,10.236110669999999],[76.42620072,10.237352399999999],[76.4262468,10.237910309999998],[76.42644516,10.23831558],[76.42676555999999,10.23897555],[76.42671191999999,10.23922917],[76.42655927999999,10.239481889999999],[76.42630007999999,10.239834779999999],[76.42576584,10.240263899999999],[76.42548359999999,10.24081992],[76.42547603999999,10.241453159999999],[76.42544543999999,10.241934749999999],[76.42559808,10.242289529999999],[76.42576584,10.242720629999999],[76.42617048,10.242850319999999],[76.42665108,10.242826469999999],[76.42708596,10.242828359999999],[76.42736063999999,10.242956159999999],[76.42786392,10.2431097],[76.42834488,10.24311159],[76.42871856,10.24331571],[76.42904652,10.24357131],[76.42942056,10.243902239999999],[76.42955015999999,10.24413012],[76.42944324,10.24445916],[76.429161,10.244762459999999],[76.42887875999999,10.245165839999999],[76.42864979999999,10.245494879999999],[76.4285202,10.246001219999998],[76.42854324,10.246355099999999],[76.42854324,10.24658298],[76.42851264,10.246734629999999],[76.42843631999999,10.24693776],[76.42823039999999,10.247139899999999],[76.4278794,10.24731639],[76.4274978,10.247516639999999],[76.42719251999999,10.24774263],[76.42716227999999,10.248300539999999],[76.42710108,10.249515539999999],[76.42713923999999,10.2503529],[76.42713923999999,10.25080875],[76.42750536,10.25154495],[76.42848203999999,10.252588229999999],[76.42961136,10.25345421],[76.43049624,10.254014999999999],[76.43142684,10.254575699999998],[76.43253311999999,10.254935249999999],[76.43323511999999,10.25526717],[76.43424239999999,10.255599989999999],[76.43543256,10.25580789],[76.43689739999999,10.256194079999998],[76.43717208,10.256499269999999],[76.43754575999999,10.256602319999999],[76.43790432,10.256628959999999],[76.43823228,10.256629949999999],[76.43868264,10.25683497],[76.4391402,10.25691219],[76.43964383999999,10.256837849999998],[76.43982708,10.25663571],[76.4400024,10.25656128],[76.44035339999999,10.25661276],[76.44063564,10.25666523],[76.4407044,10.256918939999998],[76.44093335999999,10.25697042],[76.44123828,10.256895989999999],[76.44144456,10.256732909999998],[76.44146724,10.2567186],[76.4421768,10.25629137],[76.44309227999999,10.255711589999999],[76.44393935999999,10.25475309],[76.44495384,10.25394633],[76.44567096,10.25329113],[76.44699107999999,10.252560599999999],[76.44856247999999,10.25203608],[76.44993588,10.25133228],[76.45130171999999,10.25062848],[76.45211784,10.250403389999999],[76.45257575999999,10.249006229999999],[76.45268232,10.24787142],[76.45233168,10.2451239],[76.45291128,10.243421549999999],[76.45387283999999,10.24162677],[76.4539794,10.239829019999998],[76.4533692,10.23490431],[76.4536284,10.232064269999999],[76.45388795999999,10.22960376],[76.45413203999999,10.22828004],[76.45509324,10.227100409999998],[76.45798475999999,10.22592834],[76.45922856,10.22380254],[76.45961772,10.22247891],[76.46137992,10.221445079999999],[76.46360003999999,10.21924305],[76.46376024,10.218535379999999],[76.46452344,10.21787928],[76.46490467999999,10.21790601],[76.464981,10.21765329],[76.46495832,10.217425319999998],[76.46495832,10.216942829999999],[76.46521752,10.21646313],[76.46595767999999,10.215376829999999],[76.46641523999999,10.2151251],[76.46672052,10.21510125],[76.46685011999999,10.214899019999999],[76.46706395999999,10.21391199],[76.46726987999999,10.212847739999999],[76.46758272,10.21229172],[76.46783436,10.21198941],[76.46812451999999,10.21069809],[76.46808636,10.209584249999999],[76.46817023999999,10.20905208],[76.4683992,10.20864681],[76.46848308,10.20773601],[76.46836103999999,10.207107539999999],[76.46826168,10.20685383],[76.46826924,10.206397979999998],[76.46829228,10.20611952],[76.46837615999999,10.20571515],[76.46865084,10.205563589999999],[76.46878043999999,10.20531078],[76.46884164,10.20462705],[76.46879591999999,10.203816419999999],[76.46930712,10.203108749999998],[76.46984099999999,10.20260529],[76.47005447999999,10.201972049999998],[76.47011567999999,10.200630149999999],[76.47014628,10.19959065],[76.47007751999999,10.19872854],[76.47026831999999,10.1979189],[76.47042096,10.19748879],[76.47055055999999,10.197206459999999],[76.46989427999999,10.19684124],[76.46909328,10.196558909999998],[76.46815475999999,10.19635299],[76.46742252,10.1960964],[76.46697252,10.196095499999998],[76.46607972,10.196370089999998],[76.46557607999999,10.19654469],[76.46509547999999,10.196187929999999],[76.46394348,10.19554992],[76.46334084,10.194837569999999],[76.46259312,10.19372085],[76.46237172,10.19328876],[76.46240232,10.192655519999999],[76.46220396,10.192351319999998],[76.461975,10.192249259999999],[76.46179968,10.19196891],[76.46150195999999,10.19174004],[76.46144867999999,10.191410999999999],[76.46160888,10.19115828],[76.46173848,10.19090466],[76.46176152,10.19070243],[76.46159376,10.19001771],[76.46157072,10.1891556],[76.46112072,10.18857195],[76.460472,10.187960579999999],[76.45994567999999,10.187629739999998],[76.45959468,10.187425619999999],[76.45906079999999,10.18727109],[76.45865615999999,10.187371259999999],[76.45809924,10.18759725],[76.45777127999999,10.1876211],[76.45711499999999,10.18761822],[76.45665744,10.187636399999999],[76.45653539999999,10.18764117],[76.45574952,10.187638289999999],[76.45534524,10.187636399999999],[76.45496363999999,10.187583929999999],[76.45461264,10.18730358],[76.45413959999999,10.18692207],[76.45401756,10.1863899],[76.4538192,10.18613529],[76.45348367999999,10.186209719999999],[76.45338432,10.18633554],[76.45340736,10.18684296],[76.45346819999999,10.187856629999999],[76.45346819999999,10.18821141],[76.453209,10.18856529],[76.45313268,10.189097369999999],[76.45267476,10.189576169999999],[76.45216355999999,10.18975167],[76.45160664,10.19012931],[76.45140072,10.19043252],[76.45051584,10.19052981],[76.44980627999999,10.19034954],[76.44968424,10.190172239999999],[76.44918059999999,10.19009403],[76.44882204,10.190142629999999],[76.44872267999999,10.19026188],[76.44859308,10.19042109],[76.44764699999999,10.191379589999999],[76.44647988,10.19259072],[76.44551075999999,10.1931696],[76.44474792,10.19349576],[76.4443206,10.193811389999999],[76.44411468,10.19408895],[76.4441298,10.194671609999999],[76.44407652,10.19489958],[76.44384756,10.195152299999998],[76.44357287999999,10.19527821],[76.44316859999999,10.195351559999999],[76.44271103999999,10.195349669999999],[76.44236004,10.19524761],[76.4419554,10.19519523],[76.44137579999999,10.195193249999999],[76.44084156,10.19503881],[76.44046032,10.19503692],[76.43987279999999,10.195643429999999],[76.43903363999999,10.196476019999999],[76.4387514,10.19708154],[76.43864448,10.197563129999999],[76.43846124,10.198120139999999],[76.43802636,10.19859984],[76.43737044,10.198925999999998],[76.43663027999999,10.19940471],[76.43619539999999,10.19991015],[76.43617236,10.200146669999999],[76.43617236,10.20016287],[76.43639376,10.200468059999999],[76.43664539999999,10.200899159999999],[76.43714148,10.20188997],[76.4376372,10.20272823],[76.43840795999999,10.2042513],[76.43878163999999,10.20503808],[76.43877407999999,10.205594999999999],[76.43841551999999,10.205999369999999],[76.43737044,10.2070332],[76.43701188,10.20738699],[76.43660724,10.20789243],[76.43652336,10.20824622],[76.43656908,10.208474189999999],[76.43674476,10.208880449999999],[76.43671416,10.20961476],[76.4367066,10.21070385],[76.43675232,10.21121118],[76.43659968,10.211337089999999],[76.43637072,10.211438159999998],[76.43589012,10.21140954],[76.4352342,10.21140765],[76.4348526,10.21138092],[76.4344026,10.21112631],[76.43376936,10.210869809999998],[76.43312064,10.21053789],[76.43241108,10.210357709999998],[76.43198412,10.210204079999999],[76.43160252,10.210202189999999],[76.43122092,10.210201289999999],[76.43109888,10.21032711],[76.43106827999999,10.2105036],[76.43096928,10.21097376]]]},"properties":{"CEN_2001":"3208000200082300","SUB_DIST":"Aluva","TYPE":"Village","STATE":"Kerala","NAME":"Manjapra","DISTRICT":"Ernakulam"}},
{"type":"Feature","geometry":{"type":"Polygon","coordinates":[[[76.35803976,10.236967109999998],[76.37030028,10.240453709999999],[76.37106311999999,10.240457489999999],[76.3714296,10.23932556],[76.36914071999999,10.23787215],[76.36743179999999,10.236760109999999],[76.3662492,10.23614694],[76.36547087999999,10.235408759999999],[76.36437215999999,10.234111769999998],[76.36412052,10.233553859999999],[76.36405176,10.233098009999999],[76.36373135999999,10.23221016],[76.36376195999999,10.2318039],[76.36416623999999,10.23140142],[76.36458599999999,10.2306519],[76.36397543999999,10.230319979999999],[76.36331951999999,10.2297087],[76.36289975999999,10.228998149999999],[76.362831,10.228186619999999],[76.36284647999999,10.22641371],[76.36309811999999,10.22426127],[76.36325832,10.22291946],[76.36360176,10.221096959999999],[76.36377707999999,10.21889304],[76.36397543999999,10.21676634],[76.36378463999999,10.214789399999999],[76.36357871999999,10.21296402],[76.36361688,10.211064299999999],[76.36386096,10.209696749999999],[76.36425768,10.207798019999998],[76.36444091999999,10.20678615],[76.36483763999999,10.20547008],[76.36486823999999,10.204330409999999],[76.36467744,10.203164099999999],[76.36418135999999,10.20257856],[76.36315139999999,10.20168783],[76.36274712,10.201332059999999],[76.36265567999999,10.20011517],[76.36262508,10.19854548],[76.36263264,10.197657629999998],[76.36225895999999,10.19697192],[76.361931,10.1964636],[76.36153428,10.19600676],[76.36115267999999,10.195801739999999],[76.36035168,10.19562246],[76.35961152,10.195670159999999],[76.35913092,10.19579409],[76.35895524,10.196022059999999],[76.35880295999999,10.19617272],[76.35859667999999,10.19632437],[76.35842136,10.196425439999999],[76.35821544,10.196423549999999],[76.3580934,10.196270909999999],[76.35794075999999,10.195992449999999],[76.357872,10.19576358],[76.35802464,10.195434539999999],[76.35843648,10.194752699999999],[76.35876479999999,10.194349319999999],[76.35884868,10.19358918],[76.35865032,10.193031269999999],[76.35739896,10.19180961],[76.35677328,10.19117358],[76.3564986,10.19061468],[76.35603348,10.18939689],[76.355667,10.1880531],[76.35529332,10.186911539999999],[76.35510251999999,10.18579581],[76.3548354,10.184239349999999],[76.35423275999999,10.18435761],[76.35281364,10.18455507],[76.35195144,10.185045209999998],[76.35144059999999,10.18565082],[76.35039515999999,10.187040329999999],[76.34972375999999,10.1879253],[76.34931947999999,10.188201869999999],[76.34873952,10.188199079999999],[76.34846483999999,10.18799496],[76.3480836,10.187714609999999],[76.3478622,10.18753722],[76.34740464,10.18745901],[76.34690099999999,10.18748187],[76.34667204,10.187632529999998],[76.34654244,10.187961569999999],[76.3460082,10.188441269999998],[76.34498579999999,10.189602809999998],[76.34413907999999,10.190435399999998],[76.3437348,10.190763449999999],[76.3433532,10.190812139999998],[76.34282687999999,10.1905308],[76.3421022,10.189971],[76.34099592,10.18913076],[76.34001167999999,10.188366929999999],[76.33878336,10.187475209999999],[76.33743299999999,10.18638036],[76.33667772,10.18592073],[76.33642572,10.18536282],[76.33643328,10.18495656],[76.33648692,10.18450071],[76.33689876,10.183945679999999],[76.33770768,10.183264739999998],[76.33934027999999,10.18187811],[76.33980575999999,10.181271509999998],[76.33985904,10.18061253],[76.3398666,10.17982773],[76.33956923999999,10.17937089],[76.33934027999999,10.179117179999999],[76.33929456,10.178686169999999],[76.33930212,10.17792603],[76.33934027999999,10.176633809999998],[76.33907316,10.17556857],[76.33866888,10.17506025],[76.33805831999999,10.173965489999999],[76.33768463999999,10.173188249999999],[76.33755504,10.17308997],[76.3369218,10.172777219999999],[76.33613591999999,10.17254736],[76.33558656,10.172431979999999],[76.33478556,10.172102939999998],[76.33412172,10.17179109],[76.33346544,10.17123219],[76.33219896,10.170033479999999],[76.3314894,10.169302949999999],[76.33102428,10.16880993],[76.33039104,10.16785719],[76.32999432,10.167314489999999],[76.32974232,10.16701983],[76.32925415999999,10.166526809999999],[76.32874296,10.16621496],[76.32804096,10.1660013],[76.32764424,10.16564751],[76.327362,10.16538714],[76.3267518,10.165157279999999],[76.32632448,10.165180229999999],[76.32576755999999,10.165582619999999],[76.32533267999999,10.16608806],[76.32484452,10.166720399999999],[76.32443232,10.16737749],[76.32427967999999,10.167604469999999],[76.32434844,10.16816238],[76.32424943999999,10.168390259999999],[76.32414252,10.16854092],[76.32391356,10.16859051],[76.32300563999999,10.16889093],[76.32206712,10.16917893],[76.32125099999999,10.169707319999999],[76.3204878,10.170109709999998],[76.3203582,10.170438749999999],[76.32063287999999,10.17079353],[76.32085427999999,10.17136476],[76.32107531999999,10.172380409999999],[76.32134244,10.173216779999999],[76.32182304,10.173750839999999],[76.32254807999999,10.17448803],[76.32315072,10.175023079999999],[76.32329544,10.17575838],[76.32321155999999,10.176694829999999],[76.32277667999999,10.17747882],[76.3226622,10.17813681],[76.32301319999999,10.17872145],[76.32356256,10.179407159999998],[76.3241652,10.1798658],[76.32456984,10.18037412],[76.32476027999999,10.181135159999998],[76.3248366,10.18164159],[76.32460008,10.182224249999999],[76.32431783999999,10.182703949999999],[76.32380664,10.18328472],[76.32305136,10.18406196],[76.31832132,10.1806974],[76.31539164,10.181002589999999],[76.31235504,10.1831274],[76.31211852,10.183292369999998],[76.31211096,10.1837664],[76.311882,10.19250108],[76.31118,10.195403129999999],[76.31031816,10.19900511],[76.30993656,10.20583053],[76.31044775999999,10.206111869999999],[76.31182872,10.20687102],[76.31831376,10.20808791],[76.32203688,10.2079449],[76.32797255999999,10.208207159999999],[76.33050551999999,10.20901104],[76.33332071999999,10.21307184],[76.33482371999999,10.21315671],[76.33567799999999,10.21498677],[76.33706652,10.21943853],[76.33741751999999,10.22436333],[76.33818828,10.226270699999999],[76.34072124,10.226917259999999],[76.34076696,10.23040962],[76.34075148,10.23215679],[76.35047148,10.234815569999999],[76.35803976,10.236967109999998]]]},"properties":{"CEN_2001":"3208000200081900","SUB_DIST":"Aluva","TYPE":"Village","STATE":"Kerala","NAME":"Parakkadavu","DISTRICT":"Ernakulam"}},
{"type":"Feature","geometry":{"type":"Polygon","coordinates":[[[76.36458599999999,10.2306519],[76.36460111999999,10.230616529999999],[76.36537188,10.22937867],[76.3662492,10.228014],[76.36759955999999,10.226322179999999],[76.36877424,10.225034729999999],[76.36943808,10.224430109999998],[76.37002559999999,10.22364711],[76.3703154,10.222253819999999],[76.37023151999999,10.22043033],[76.37018579999999,10.219846769999998],[76.37029272,10.21921443],[76.37058252,10.218556439999999],[76.37109371999999,10.217507399999999],[76.37214671999999,10.216194119999999],[76.37229936,10.21576401],[76.37250528,10.2153339],[76.37334444,10.21452714],[76.37364971999999,10.21414761],[76.3741836,10.213947269999998],[76.37451947999999,10.213594469999999],[76.37454971999999,10.213164359999999],[76.37454971999999,10.212708509999999],[76.37452703999999,10.21240332],[76.37453459999999,10.211947469999998],[76.3746642,10.21166901],[76.37547312,10.211065289999999],[76.37624351999999,10.210332869999998],[76.37728896,10.209424949999999],[76.37825772,10.20854187],[76.37899032,10.208039309999998],[76.37927255999999,10.20786192],[76.37969987999999,10.20783897],[76.38027948,10.207917179999999],[76.38096635999999,10.208046869999999],[76.38126371999999,10.208022119999999],[76.38142391999999,10.207694069999999],[76.38142391999999,10.20740796],[76.38142391999999,10.207313549999999],[76.38140879999999,10.20668031],[76.38128676,10.205945009999999],[76.3813476,10.204729109999999],[76.38163739999999,10.203489269999999],[76.38192,10.20295809],[76.38212592,10.20278169],[76.3824312,10.20278259],[76.38291179999999,10.20258234],[76.3834914,10.20223044],[76.38414012,10.20048426],[76.38520068,10.19853783],[76.38612372,10.197096839999999],[76.38693984,10.195884719999999],[76.3878096,10.19449521],[76.38832871999999,10.193053229999999],[76.3885116,10.19285109],[76.38945767999999,10.191866849999998],[76.39003763999999,10.19120976],[76.3901442,10.19093229],[76.38996888,10.190677679999999],[76.3897248,10.19004444],[76.38970176,10.18956186],[76.38990768,10.189284299999999],[76.39059456,10.18891998],[76.39191432,10.188114209999998],[76.3932114,10.18728252],[76.39379892,10.186727489999999],[76.3943022,10.1866293],[76.39476012,10.186807589999999],[76.39511112,10.18706319],[76.39540848,10.18724157],[76.3957368,10.1872683],[76.39614863999999,10.18716912],[76.39632431999999,10.18714428],[76.39690392,10.18676565],[76.39756776,10.18649007],[76.39817796,10.18613817],[76.39901748,10.18571094],[76.39962768,10.18533321],[76.39975727999999,10.185079589999999],[76.39975727999999,10.184826869999998],[76.39978031999999,10.18462464],[76.39994052,10.184347169999999],[76.40009316,10.184322329999999],[76.40077968,10.18374156],[76.40227512,10.18268397],[76.40319815999999,10.181673989999998],[76.40444952,10.180488599999999],[76.40521236,10.17978192],[76.40544888,10.179123839999999],[76.40544888,10.179115289999999],[76.40558639999999,10.17780777],[76.40598311999999,10.17568107],[76.40621963999999,10.17456723],[76.40654004,10.17315009],[76.40665451999999,10.17147825],[76.4069976,10.17003636],[76.40723412,10.16861823],[76.40765388,10.167200999999999],[76.40811144,10.166392349999999],[76.40883647999999,10.16525457],[76.40953056,10.16402913],[76.41007236,10.16276364],[76.41028584,10.161346409999998],[76.41036215999999,10.16014959],[76.41024768,10.16012385],[76.41009503999999,10.16004654],[76.40929403999999,10.15918254],[76.4083404,10.15798761],[76.40804304,10.15737912],[76.40782164,10.1568708],[76.40771472,10.156822199999999],[76.40760024,10.156768829999999],[76.40744004,10.156819319999999],[76.40739432,10.15704729],[76.40738676,10.15727517],[76.40726472,10.15750215],[76.4068068,10.157602319999999],[76.40644823999999,10.157574689999999],[76.40624987999999,10.15744689],[76.40592948,10.15699005],[76.40557847999999,10.156443569999999],[76.40545644,10.155582449999999],[76.40524296,10.15461828],[76.4046324,10.154336939999999],[76.40395344,10.154208149999999],[76.40325179999999,10.15405272],[76.40279387999999,10.15392492],[76.40231328,10.15399935],[76.402008,10.154479049999999],[76.40149679999999,10.154957759999999],[76.40083295999999,10.155309659999999],[76.40010072,10.15550991],[76.39956647999999,10.15545654],[76.39946748,10.155254399999999],[76.39926912,10.155177089999999],[76.39899444,10.155176189999999],[76.39865891999999,10.155175199999999],[76.39818588,10.1549187],[76.3973082,10.154308319999998],[76.39693451999999,10.153697939999999],[76.39678187999999,10.15321635],[76.39669044,10.152607949999998],[76.3962174,10.152048149999999],[76.3959654,10.151427239999999],[76.39588151999999,10.15106103],[76.39489764,10.151890739999999],[76.39436339999999,10.152800549999998],[76.39387524,10.15345764],[76.39374527999999,10.15414146],[76.39345548,10.15543179],[76.39327223999999,10.15576074],[76.39283735999999,10.15611363],[76.39260875999999,10.15672113],[76.39263143999999,10.15717698],[76.39265447999999,10.1574297],[76.39264691999999,10.15778538],[76.39261631999999,10.15798761],[76.39251696,10.158164999999999],[76.39199063999999,10.15818786],[76.3917084,10.15833852],[76.39165512,10.158540749999998],[76.3916472,10.158946019999998],[76.39170084,10.15945335],[76.39113599999999,10.160083799999999],[76.39064028,10.161374129999999],[76.38995376,10.162511819999999],[76.38974748,10.162891349999999],[76.38966359999999,10.16324523],[76.3899156,10.16362575],[76.39069355999999,10.16393373],[76.39183043999999,10.16386227],[76.39284527999999,10.16363808],[76.39330283999999,10.163664809999998],[76.39357752,10.16389467],[76.39360056,10.16419887],[76.3934706,10.16455266],[76.3935624,10.16523747],[76.394043,10.1655693],[76.39489764,10.166205419999999],[76.39521803999999,10.166611679999999],[76.39518744,10.167119009999999],[76.39483643999999,10.167597809999998],[76.39406568,10.168278659999999],[76.39370711999999,10.168987229999999],[76.39367688,10.1698227],[76.39374527999999,10.170785879999999],[76.39396667999999,10.17114165],[76.39416503999999,10.17134478],[76.39421832,10.17152307],[76.3940124,10.171673729999998],[76.39365384,10.17182538],[76.39342488,10.172025719999999],[76.39337916,10.17203904],[76.3930206,10.17239193],[76.39306631999999,10.172949749999999],[76.39331039999999,10.17333126],[76.39351667999999,10.17373653],[76.39343244,10.17406557],[76.3931808,10.174368869999999],[76.39284527999999,10.17454527],[76.39254,10.17489816],[76.39261631999999,10.17530442],[76.39291367999999,10.175583869999999],[76.39313508,10.1760912],[76.39331039999999,10.176498449999999],[76.3931808,10.176927569999998],[76.39310447999999,10.17710496],[76.39272324,10.17712881],[76.39216596,10.177151669999999],[76.39171596,10.17704772],[76.39123536,10.176982919999999],[76.39073171999999,10.176956189999999],[76.38983927999999,10.177282349999999],[76.38907608,10.177734419999998],[76.38861852,10.17775818],[76.38839712,10.17763038],[76.38799284,10.17740061],[76.38726815999999,10.17686556],[76.3862382,10.176127469999999],[76.38535295999999,10.175692589999999],[76.38401807999999,10.17548469],[76.38234695999999,10.17540171],[76.37924195999999,10.175312969999998],[76.37709059999999,10.175481809999999],[76.3750458,10.17560007],[76.37372604,10.175746949999999],[76.37294016,10.17597195],[76.37180328,10.1763468],[76.37126148,10.176775919999999],[76.37097924,10.177331939999998],[76.37067395999999,10.17816732],[76.37043779999999,10.17902664],[76.37027724,10.1796093],[76.37002559999999,10.179658889999999],[76.36843116,10.17975429],[76.36676039999999,10.179924029999999],[76.36491396,10.18027206],[76.36301424,10.18072035],[76.36159511999999,10.18094157],[76.36101516,10.18104075],[76.36060332,10.18134306],[76.35968783999999,10.18242927],[76.3588944,10.183211369999999],[76.35762792,10.183509809999999],[76.35661307999999,10.183885559999998],[76.35549924,10.184109659999999],[76.3548354,10.184239349999999],[76.35510251999999,10.18579581],[76.35529332,10.186911539999999],[76.355667,10.1880531],[76.35603348,10.18939689],[76.3564986,10.19061468],[76.35677328,10.19117358],[76.35739896,10.19180961],[76.35865032,10.193031269999999],[76.35884868,10.19358918],[76.35876479999999,10.194349319999999],[76.35843648,10.194752699999999],[76.35802464,10.195434539999999],[76.357872,10.19576358],[76.35794075999999,10.195992449999999],[76.3580934,10.196270909999999],[76.35821544,10.196423549999999],[76.35842136,10.196425439999999],[76.35859667999999,10.19632437],[76.35880295999999,10.19617272],[76.35895524,10.196022059999999],[76.35913092,10.19579409],[76.35961152,10.195670159999999],[76.36035168,10.19562246],[76.36115267999999,10.195801739999999],[76.36153428,10.19600676],[76.361931,10.1964636],[76.36225895999999,10.19697192],[76.36263264,10.197657629999998],[76.36262508,10.19854548],[76.36265567999999,10.20011517],[76.36274712,10.201332059999999],[76.36315139999999,10.20168783],[76.36418135999999,10.20257856],[76.36467744,10.203164099999999],[76.36486823999999,10.204330409999999],[76.36483763999999,10.20547008],[76.36444091999999,10.20678615],[76.36425768,10.207798019999998],[76.36386096,10.209696749999999],[76.36361688,10.211064299999999],[76.36357871999999,10.21296402],[76.36378463999999,10.214789399999999],[76.36397543999999,10.21676634],[76.36377707999999,10.21889304],[76.36360176,10.221096959999999],[76.36325832,10.22291946],[76.36309811999999,10.22426127],[76.36284647999999,10.22641371],[76.362831,10.228186619999999],[76.36289975999999,10.228998149999999],[76.36331951999999,10.2297087],[76.36397543999999,10.230319979999999],[76.36458599999999,10.2306519]]]},"properties":{"CEN_2001":"3208000240802000","SUB_DIST":"Aluva","TYPE":"Town","STATE":"Kerala","NAME":"Angamaly","DISTRICT":"Ernakulam"}},
{"type":"Feature","geometry":{"type":"Polygon","coordinates":[[[76.27509323999999,10.215543779999999],[76.27556627999999,10.215699209999999],[76.27656564,10.21636962],[76.27783212,10.21708683],[76.27931964,10.217943179999999],[76.28078448,10.21872996],[76.28144832,10.21965696],[76.28223419999999,10.2204666],[76.28290559999999,10.2216492],[76.28379048,10.22262192],[76.28472144,10.2234564],[76.28566751999999,10.223710019999999],[76.28717051999999,10.223684279999999],[76.28866559999999,10.223519309999999],[76.28994,10.22309874],[76.29150383999999,10.22291091],[76.29235847999999,10.223192249999999],[76.292694,10.223303759999999],[76.29381576,10.22351076],[76.29525,10.22413536],[76.29722604,10.224084869999999],[76.29923231999999,10.22229477],[76.3006896,10.22108553],[76.30191792,10.219553009999998],[76.30401599999999,10.217623679999999],[76.30487063999999,10.216648079999999],[76.30606836,10.215752579999998],[76.3075638,10.21542453],[76.30857071999999,10.21509936],[76.30966188,10.21398354],[76.30979903999999,10.21367547],[76.31022635999999,10.21273038],[76.31049347999999,10.2080889],[76.31044775999999,10.206111869999999],[76.30993656,10.20583053],[76.31031816,10.19900511],[76.31118,10.195403129999999],[76.31019576,10.195051229999999],[76.30960859999999,10.19463444],[76.30940231999999,10.19388006],[76.30931088,10.1927214],[76.30995168,10.19188404],[76.31029511999999,10.190653829999999],[76.31024183999999,10.190353409999998],[76.30997472,10.19007495],[76.30929576,10.18995957],[76.30876151999999,10.189984319999999],[76.30818948,10.190333339999999],[76.30748747999999,10.190472569999999],[76.30722035999999,10.19047356],[76.30672464,10.189661939999999],[76.30630488,10.189175579999999],[76.30575551999999,10.18924614],[76.30506143999999,10.18985085],[76.30473312,10.190361959999999],[76.30473312,10.19059371],[76.30493148,10.191011399999999],[76.30611408,10.19240091],[76.30634303999999,10.193026499999998],[76.30633548,10.19423385],[76.30653384,10.19460393],[76.30664076,10.1949291],[76.30657199999999,10.19520756],[76.30642691999999,10.1953926],[76.30623612,10.19541744],[76.30577856,10.19557953],[76.30556471999999,10.19576646],[76.30530551999999,10.19609073],[76.30511471999999,10.19625381],[76.3043364,10.19609262],[76.30361171999999,10.194702119999999],[76.30295579999999,10.19414619],[76.30236828,10.19393919],[76.3022232,10.194031709999999],[76.30210871999999,10.194193799999999],[76.30198668,10.19445039],[76.30191792,10.19612025],[76.30165871999999,10.197745289999999],[76.30138403999999,10.19881152],[76.30084224,10.199764259999998],[76.30072776,10.20015909],[76.30073532,10.20094776],[76.30098731999999,10.2013416],[76.30135344,10.201851809999999],[76.3015824,10.20268728],[76.30145279999999,10.20333573],[76.30097183999999,10.203707699999999],[76.30042284,10.20398805],[76.300209,10.204381979999999],[76.29943068,10.20535758],[76.29805764,10.205917379999999],[76.29651648,10.20603564],[76.29530328,10.205805779999999],[76.29370884,10.20585537],[76.29281603999999,10.20588021],[76.29189299999999,10.20574188],[76.29122916,10.20527937],[76.29050448,10.20525741],[76.29033672,10.205372789999998],[76.29000839999999,10.205558819999998],[76.28935247999999,10.205560709999999],[76.28749092,10.2053547],[76.28688036,10.20512394],[76.28660568,10.20452121],[76.28636915999999,10.202038739999999],[76.28610239999999,10.201599089999998],[76.28580468,10.201273919999998],[76.28527079999999,10.20115854],[76.2846678,10.20120714],[76.2844392,10.20183273],[76.28415695999999,10.202761619999999],[76.28412635999999,10.203597089999999],[76.28376023999999,10.203493139999999],[76.28288255999999,10.202844599999999],[76.28221907999999,10.202359229999999],[76.28148648,10.20196629],[76.28069303999999,10.20196728],[76.28005223999999,10.20268728],[76.27939595999999,10.202712029999999],[76.27857983999999,10.20269016],[76.27770215999999,10.202297219999998],[76.27729787999999,10.20146175],[76.2766722,10.201300649999999],[76.27487939999999,10.20121101],[76.27354416,10.20105072],[76.27319351999999,10.20089151],[76.27320864,10.20139317],[76.27392576,10.204724339999999],[76.27294907999999,10.20675663],[76.27265928,10.20865824],[76.27262112,10.20892905],[76.27352904,10.209611879999999],[76.27424615999999,10.21097376],[76.27444451999999,10.212603569999999],[76.27535999999999,10.21471407],[76.27509323999999,10.215543779999999]]]},"properties":{"CEN_2001":"3207000500079400","SUB_DIST":"Mukundapuram","TYPE":"Village","STATE":"Kerala","NAME":"Kakkulissery","DISTRICT":"Thrissur"}},
{"type":"Feature","geometry":{"type":"Polygon","coordinates":[[[76.39419563999999,10.21123413],[76.39428708,10.211142509999998],[76.39435583999999,10.211085359999998],[76.394493,10.21102812],[76.39450056,10.210988969999999],[76.39450848,10.21089555],[76.39456175999999,10.21064184],[76.39459991999999,10.210549319999998],[76.39466868,10.21048929],[76.39467624,10.210437809999998],[76.39467624,10.210416749999998],[76.39467624,10.210362389999998],[76.39463808,10.21021461],[76.39469136,10.20995235],[76.39473708,10.209934259999999],[76.39485948,10.210040099999999],[76.39498907999999,10.210094459999999],[76.39514172,10.210097339999999],[76.39525619999999,10.21007349],[76.39526375999999,10.21007349],[76.39534764,10.21010301],[76.39543907999999,10.2101364],[76.39568315999999,10.210227029999999],[76.39577496,10.210224149999998],[76.39585127999999,10.210206059999999],[76.39607231999999,10.21011255],[76.3961868,10.21010688],[76.39634699999999,10.21013352],[76.39643844,10.21013073],[76.39661412,10.21010967],[76.3968888,10.210067729999999],[76.39701084,10.210009589999999],[76.39713288,10.209987629999999],[76.39757532,10.20997431],[76.39773552,10.210010489999998],[76.3981398,10.209983849999999],[76.39833816,10.2099447],[76.39842995999999,10.209904649999999],[76.39866647999999,10.209770189999999],[76.39878096,10.209672],[76.39891811999999,10.209527009999999],[76.39896384,10.209506039999999],[76.3990326,10.20948318],[76.39914707999999,10.209446909999999],[76.39921584,10.2094011],[76.399254,10.209358259999998],[76.39945236,10.209200849999998],[76.39972703999999,10.209015809999999],[76.39994807999999,10.208909069999999],[76.39997867999999,10.208886119999999],[76.39999379999999,10.20886227],[76.40006256,10.20871071],[76.40009316,10.20856383],[76.40007012,10.20845799],[76.4000856,10.2083769],[76.400154,10.208262419999999],[76.40023031999999,10.208206169999999],[76.40036784,10.20811554],[76.40039807999999,10.20809079],[76.40045927999999,10.207965869999999],[76.40055072,10.207832309999999],[76.40058132,10.20779037],[76.4007264,10.207716029999998],[76.40093232,10.207646369999999],[76.40107739999999,10.20760821],[76.40111556,10.20760344],[76.40119188,10.20761874],[76.40122212,10.20761874],[76.40129087999999,10.20760155],[76.40140536,10.2075453],[76.40147411999999,10.20752334],[76.40152739999999,10.2075129],[76.40155044,10.20752334],[76.40160372,10.20754431],[76.40173331999999,10.20756915],[76.4018172,10.207559609999999],[76.40187084,10.207536659999999],[76.40203104,10.20736692],[76.40222184,10.20735738],[76.40232839999999,10.20743181],[76.40240471999999,10.207509029999999],[76.40245836,10.207533869999999],[76.40280143999999,10.207552949999998],[76.40299979999999,10.20760155],[76.40319059999999,10.2076263],[76.40328996,10.207612979999999],[76.40337384,10.20757671],[76.40348039999999,10.20752334],[76.40375508,10.20749094],[76.40379324,10.207452779999999],[76.40390771999999,10.207266839999999],[76.40406035999999,10.20706461],[76.40413668,10.20678804],[76.40428175999999,10.206747989999998],[76.40452583999999,10.20668598],[76.40471663999999,10.20662883],[76.40491499999999,10.206588779999999],[76.40505216,10.206590669999999],[76.40514359999999,10.20662496],[76.4052354,10.20660498],[76.40529624,10.20658203],[76.4053344,10.20654486],[76.40535743999999,10.20650193],[76.40537255999999,10.20643614],[76.40539559999999,10.206395189999999],[76.4054262,10.2063618],[76.40545644,10.20635703],[76.40576172,10.20636558],[76.40592192,10.206343619999998],[76.40598311999999,10.20633795],[76.40601335999999,10.206323639999999],[76.40605151999999,10.206291239999999],[76.40608968,10.20627594],[76.40612784,10.206263519999998],[76.406166,10.20627216],[76.4061966,10.206296909999999],[76.40625779999999,10.20635037],[76.40629559999999,10.206373229999999],[76.40641008,10.20638565],[76.40656272,10.20638367],[76.40669267999999,10.206372239999999],[76.4067384,10.206377009999999],[76.40677656,10.206397979999998],[76.40689103999999,10.206457109999999],[76.40703576,10.20660687],[76.40723412,10.206645029999999],[76.40726472,10.206666989999999],[76.40737164,10.206752759999999],[76.4074782,10.206885329999999],[76.40753183999999,10.20701025],[76.4076996,10.20718674],[76.40778347999999,10.20725154],[76.4078598,10.207286819999998],[76.40790552,10.20729735],[76.40795123999999,10.20729825],[76.40808876,10.20736503],[76.40827164,10.20751956],[76.4083404,10.20757005],[76.40837855999999,10.207585349999999],[76.40850816,10.207614869999999],[76.4085618,10.20765591],[76.40863811999999,10.207718819999998],[76.40866836,10.20776841],[76.40873712,10.207941029999999],[76.40876016,10.207967759999999],[76.40879075999999,10.20798108],[76.40884403999999,10.2079773],[76.40889732,10.207964879999999],[76.40901179999999,10.20792393],[76.40911116,10.20786669],[76.40921772,10.2077856],[76.40937036,10.207718819999998],[76.40941608,10.20771126],[76.40945423999999,10.20770928],[76.40947727999999,10.20770928],[76.40950787999999,10.207720799999999],[76.409523,10.207723589999999],[76.40957628,10.207748429999999],[76.40960688,10.20776085],[76.40970623999999,10.20781998],[76.40985096,10.207961999999998],[76.40995788,10.20802977],[76.41001116,10.20806118],[76.41004932,10.208127059999999],[76.41014111999999,10.20830058],[76.4102556,10.20843126],[76.41033155999999,10.20867066],[76.41043848,10.20881079],[76.41066744,10.20886992],[76.41133128,10.20886992],[76.41174312,10.208853719999999],[76.41211716,10.208741219999999],[76.41261288,10.20842937],[76.41285696,10.208203289999998],[76.41297143999999,10.20813372],[76.4130708,10.208102219999999],[76.41314711999999,10.20801069],[76.413231,10.20794868],[76.41324612,10.207862819999999],[76.41336059999999,10.207750319999999],[76.4134218,10.207696949999999],[76.41345204,10.20763206],[76.41350568,10.207592009999999],[76.41356651999999,10.20758058],[76.41381059999999,10.20759678],[76.41400139999999,10.207610099999998],[76.41425339999999,10.207824749999999],[76.41452016,10.208018339999999],[76.41466523999999,10.208127959999999],[76.4148024,10.20816612],[76.41495504,10.2082491],[76.41526031999999,10.208312999999999],[76.41554255999999,10.208394089999999],[76.41578664,10.20850947],[76.41597743999999,10.208605769999998],[76.41612251999999,10.20870495],[76.41631332,10.20881466],[76.41653436,10.208942369999999],[76.41658007999999,10.208990069999999],[76.4166564,10.209116969999998],[76.41695412,10.208854709999999],[76.41728207999999,10.20855141],[76.41763307999999,10.20822714],[76.41769391999999,10.208182319999999],[76.41777816,10.20813462],[76.417839,10.20811554],[76.41795348,10.20811365],[76.41842652,10.208073599999999],[76.41852551999999,10.20805074],[76.41871631999999,10.207996379999999],[76.41889956,10.207909619999999],[76.41911304,10.207796129999998],[76.41919691999999,10.20774078],[76.41921995999999,10.207699739999999],[76.41929628,10.207536659999999],[76.41932688,10.2074661],[76.41937259999999,10.207401299999999],[76.41948708,10.20728115],[76.41955584,10.20721626],[76.41957851999999,10.20717621],[76.41958607999999,10.20713427],[76.41960155999999,10.2070818],[76.41961667999999,10.20702555],[76.41964727999999,10.206992159999999],[76.41966996,10.20698163],[76.41974628,10.206968309999999],[76.41986831999999,10.20696066],[76.41992952,10.206966419999999],[76.41997524,10.206990269999999],[76.42002095999999,10.20701313],[76.42005155999999,10.20701313],[76.42005911999999,10.20701313],[76.42027295999999,10.20698829],[76.42041768,10.2069855],[76.42044827999999,10.206990269999999],[76.42054764,10.20700359],[76.42063152,10.207041749999998],[76.42072295999999,10.20709233],[76.42076112,10.207105649999999],[76.42102068,10.20711807],[76.42147068,10.207107539999999],[76.42151639999999,10.207102769999999],[76.42154699999999,10.20708279],[76.42176047999999,10.20690441],[76.42182168,10.20687579],[76.42202003999999,10.206879659999998],[76.4224776,10.206905399999998],[76.42255392,10.206917729999999],[76.42260755999999,10.206942569999999],[76.42263023999999,10.206972089999999],[76.42288223999999,10.207373579999999],[76.42311876,10.20784662],[76.42316448,10.207912409999999],[76.42322532,10.20794769],[76.42359936,10.20819762],[76.42386612,10.20840642],[76.42435463999999,10.20893958],[76.42477403999999,10.20944115],[76.42494216,10.209635729999999],[76.42530828,10.209992399999999],[76.42560564,10.210229909999999],[76.4259642,10.2105207],[76.426155,10.210682879999998],[76.4266356,10.21105476],[76.42761983999999,10.21183677],[76.42769616,10.21173093],[76.42781063999999,10.21162509],[76.42792512,10.21155741],[76.4281386,10.21147632],[76.42827611999999,10.211442929999999],[76.42841328,10.211447699999999],[76.42874916,10.21145823],[76.42881,10.211438159999998],[76.42894752,10.21137336],[76.42919916,10.2112722],[76.42954259999999,10.211139719999998],[76.42988604,10.211034779999999],[76.43003832,10.211066279999999],[76.4302446,10.21105764],[76.43096928,10.21097376],[76.43106827999999,10.2105036],[76.43109888,10.21032711],[76.43122092,10.210201289999999],[76.43160252,10.210202189999999],[76.43198412,10.210204079999999],[76.43241108,10.210357709999998],[76.43312064,10.21053789],[76.43376936,10.210869809999998],[76.4344026,10.21112631],[76.4348526,10.21138092],[76.4352342,10.21140765],[76.43589012,10.21140954],[76.43637072,10.211438159999998],[76.43659968,10.211337089999999],[76.43675232,10.21121118],[76.4367066,10.21070385],[76.43671416,10.20961476],[76.43674476,10.208880449999999],[76.43656908,10.208474189999999],[76.43652336,10.20824622],[76.43660724,10.20789243],[76.43701188,10.20738699],[76.43737044,10.2070332],[76.43841551999999,10.205999369999999],[76.43877407999999,10.205594999999999],[76.43878163999999,10.20503808],[76.43840795999999,10.2042513],[76.4376372,10.20272823],[76.43714148,10.20188997],[76.43664539999999,10.200899159999999],[76.43639376,10.200468059999999],[76.43617236,10.20016287],[76.43617236,10.200146669999999],[76.43551644,10.20005226],[76.43488319999999,10.19972133],[76.43364731999999,10.19918439],[76.43302163999999,10.198776239999999],[76.432419,10.198368089999999],[76.43235023999999,10.197912239999999],[76.43225088,10.197582209999998],[76.43189987999999,10.197402929999999],[76.43177028,10.197175049999998],[76.43177784,10.19694708],[76.43215187999999,10.196847],[76.43235779999999,10.19644164],[76.43234267999999,10.19593521],[76.43272392,10.195100819999999],[76.4332884,10.194622019999999],[76.43385323999999,10.19363598],[76.43386079999999,10.193103809999998],[76.43374632,10.191735269999999],[76.43312064,10.190770109999999],[76.432419,10.19021031],[76.43135844,10.189902329999999],[76.43014523999999,10.18956663],[76.42936691999999,10.18918422],[76.42903896,10.188903779999999],[76.42889387999999,10.18857384],[76.42897812,10.18796733],[76.42884816,10.18771263],[76.42842875999999,10.18707849],[76.42805471999999,10.18659492],[76.42785635999999,10.18598553],[76.42774188,10.18489644],[76.42739087999999,10.18403343],[76.42684188,10.18354986],[76.42631519999999,10.18314171],[76.42563623999999,10.182708719999999],[76.42454543999999,10.182703949999999],[76.4237898,10.182599999999999],[76.42330919999999,10.182648689999999],[76.42257696,10.182620069999999],[76.42187496,10.18241505],[76.42147068,10.182515129999999],[76.42128744,10.18264104],[76.42101276,10.18263915],[76.42042524,10.18263717],[76.41999827999999,10.182888989999999],[76.41963971999999,10.183241879999999],[76.41966239999999,10.183570829999999],[76.41965483999999,10.18422981],[76.41957851999999,10.18461033],[76.41939527999999,10.18465992],[76.41894527999999,10.184783939999999],[76.41864,10.184859269999999],[76.41846468,10.1849346],[76.41823572,10.18498419],[76.41800676,10.18495845],[76.41790775999999,10.184830649999999],[76.41785447999999,10.18465326],[76.41786203999999,10.18422315],[76.41791531999999,10.183589909999998],[76.41812123999999,10.183159799999999],[76.41822816,10.183083569999999],[76.41822816,10.18295667],[76.41807551999999,10.18288134],[76.41762551999999,10.182625739999999],[76.41737352,10.18211841],[76.41738144,10.18161108],[76.41743471999999,10.18074987],[76.41759492,10.18031976],[76.41770183999999,10.179839159999998],[76.41770183999999,10.17945864],[76.41760248,10.17920493],[76.41717516,10.178950319999998],[76.41667188,10.178847269999999],[76.41578664,10.17869094],[76.41452772,10.178609849999999],[76.41318528,10.178681399999999],[76.41189576,10.17870138],[76.41133884,10.178900729999999],[76.4110566,10.17922977],[76.41080459999999,10.179582569999999],[76.41049212,10.179784799999998],[76.40994275999999,10.17985824],[76.40963748,10.17993258],[76.4092026,10.18008324],[76.40849304,10.18005462],[76.40768448,10.179900179999999],[76.40678412,10.179541619999998],[76.4059752,10.1792088],[76.40544888,10.179115289999999],[76.40544888,10.179123839999999],[76.40521236,10.17978192],[76.40444952,10.180488599999999],[76.40319815999999,10.181673989999998],[76.40227512,10.18268397],[76.40077968,10.18374156],[76.40009316,10.184322329999999],[76.39994052,10.184347169999999],[76.39978031999999,10.18462464],[76.39975727999999,10.184826869999998],[76.39975727999999,10.185079589999999],[76.39962768,10.18533321],[76.39901748,10.18571094],[76.39817796,10.18613817],[76.39756776,10.18649007],[76.39690392,10.18676565],[76.39632431999999,10.18714428],[76.39614863999999,10.18716912],[76.3957368,10.1872683],[76.39540848,10.18724157],[76.39511112,10.18706319],[76.39476012,10.186807589999999],[76.3943022,10.1866293],[76.39379892,10.186727489999999],[76.3932114,10.18728252],[76.39191432,10.188114209999998],[76.39059456,10.18891998],[76.38990768,10.189284299999999],[76.38970176,10.18956186],[76.3897248,10.19004444],[76.38996888,10.190677679999999],[76.3901442,10.19093229],[76.39003763999999,10.19120976],[76.38945767999999,10.191866849999998],[76.3885116,10.19285109],[76.38832871999999,10.193053229999999],[76.3878096,10.19449521],[76.38693984,10.195884719999999],[76.38612372,10.197096839999999],[76.38520068,10.19853783],[76.38414012,10.20048426],[76.3834914,10.20223044],[76.38291179999999,10.20258234],[76.3824312,10.20278259],[76.38212592,10.20278169],[76.38192,10.20295809],[76.38163739999999,10.203489269999999],[76.3813476,10.204729109999999],[76.38128676,10.205945009999999],[76.38140879999999,10.20668031],[76.38142391999999,10.207313549999999],[76.38142391999999,10.20740796],[76.38180552,10.207391759999998],[76.38224796,10.207345949999999],[76.38289632,10.20717243],[76.38322464,10.20698361],[76.38325488,10.20687579],[76.38330096,10.2067623],[76.38336179999999,10.2067137],[76.383423,10.20670416],[76.38353712,10.20670416],[76.38362891999999,10.206673649999999],[76.38366708,10.206613529999998],[76.3839036,10.20598128],[76.3839036,10.205912609999999],[76.383873,10.20582864],[76.38379667999999,10.205623619999999],[76.38380423999999,10.20555306],[76.38382727999999,10.205509229999999],[76.38389604,10.205458649999999],[76.38413256,10.20533085],[76.38422399999999,10.20530799],[76.38428483999999,10.20530799],[76.3843536,10.205321309999999],[76.38482664,10.205698049999999],[76.38530723999999,10.205894429999999],[76.3856658,10.20603942],[76.38571943999999,10.20607182],[76.38578027999999,10.206111869999999],[76.38583392,10.206211049999999],[76.38590988,10.20630456],[76.38605496,10.20638844],[76.38610824,10.206397079999999],[76.38613128,10.20637989],[76.3861464,10.20633606],[76.38619247999999,10.20617865],[76.38622271999999,10.206123389999998],[76.38627636,10.206102329999998],[76.38632964,10.206100439999998],[76.38638291999999,10.206108089999999],[76.38645168,10.206159569999999],[76.38651288,10.20622734],[76.38652044,10.206267389999999],[76.38650496,10.206461879999999],[76.38651288,10.20648861],[76.38653556,10.206507689999999],[76.38659675999999,10.20654486],[76.38667308,10.20659544],[76.38676452,10.206669779999999],[76.38680267999999,10.206695519999998],[76.38684083999999,10.20670416],[76.38692472,10.20670416],[76.38699348,10.206725129999999],[76.38706223999999,10.20676518],[76.38709247999999,10.206825299999998],[76.38710796,10.206882449999998],[76.38710003999999,10.206934019999998],[76.38706979999999,10.20698163],[76.38696288,10.207068479999998],[76.38694776,10.207158119999999],[76.38694776,10.207237229999999],[76.386978,10.20727539],[76.38703163999999,10.20732876],[76.38707735999999,10.20735738],[76.3871382,10.20735927],[76.38723755999999,10.207345049999999],[76.38731388,10.207316429999999],[76.38739776,10.20724488],[76.38748919999999,10.20717243],[76.387581,10.20714381],[76.38768755999999,10.20713427],[76.38775632,10.207148579999998],[76.38781752,10.207187639999999],[76.38783264,10.2072411],[76.38784776,10.20738699],[76.38788591999999,10.20750138],[76.38802344,10.2078171],[76.38805404,10.20792105],[76.3880616,10.208067929999999],[76.38803856,10.208238569999999],[76.38805404,10.20838068],[76.38807672,10.208443679999998],[76.38810731999999,10.208471309999998],[76.38816059999999,10.208481749999999],[76.38826752,10.20846465],[76.38835139999999,10.208473199999998],[76.38844284,10.208504699999999],[76.38858791999999,10.208564729999999],[76.38869484,10.208585699999999],[76.388832,10.208585699999999],[76.38904584,10.208582909999999],[76.38907608,10.20859434],[76.38917543999999,10.208642939999999],[76.38938135999999,10.2087603],[76.38949584,10.208800349999999],[76.38961031999999,10.208830859999999],[76.38973236,10.20889755],[76.38978564,10.208904299999999],[76.38983171999999,10.20890142],[76.38988499999999,10.208881349999999],[76.38999948,10.20881367],[76.39024355999999,10.20875832],[76.39029683999999,10.20875832],[76.3903962,10.208800349999999],[76.39045704,10.208833649999999],[76.3905564,10.20892716],[76.39067087999999,10.209046319999999],[76.39078536,10.20913695],[76.39089192,10.20919041],[76.39098372,10.20921228],[76.39104456,10.20921516],[76.39112843999999,10.20919707],[76.3911972,10.20919707],[76.39125048,10.20921516],[76.39135739999999,10.20929715],[76.39139555999999,10.209317219999999],[76.39147188,10.20933243],[76.39154063999999,10.20934773],[76.39159391999999,10.209368699999999],[76.3916472,10.20940587],[76.3919298,10.20975111],[76.39198307999999,10.209794039999998],[76.39204391999999,10.20981123],[76.39209756,10.20981312],[76.39217387999999,10.209795929999999],[76.39228836,10.209737789999998],[76.39237224,10.209712049999998],[76.39240248,10.209718709999999],[76.39242551999999,10.209740669999999],[76.39252488,10.209879899999999],[76.39263143999999,10.21002579],[76.39266959999999,10.2100563],[76.3927308,10.21007349],[76.39314264,10.210096349999999],[76.39319628,10.21010778],[76.39321896,10.210124969999999],[76.39322652,10.21015737],[76.3932114,10.2104406],[76.39322652,10.210613219999999],[76.39322652,10.210660019999999],[76.39325712,10.210717169999999],[76.39329527999999,10.21076199],[76.39335648,10.21078872],[76.39363116,10.210876469999999],[76.39379892,10.21097088],[76.39412687999999,10.21118733],[76.39419563999999,10.211232149999999],[76.39419563999999,10.21123413]]]},"properties":{"CEN_2001":"3208000200082700","SUB_DIST":"Aluva","TYPE":"Village","STATE":"Kerala","NAME":"Thuravoor","DISTRICT":"Ernakulam"}},
{"type":"Feature","geometry":{"type":"Polygon","coordinates":[[[76.24481976,10.20527937],[76.24544508,10.205615969999998],[76.24623095999999,10.20541572],[76.24797803999999,10.20697308],[76.24858859999999,10.207262969999999],[76.24975572,10.207401299999999],[76.25047319999999,10.208559059999999],[76.25138867999999,10.20965004],[76.25321964,10.210064849999998],[76.25563056,10.210686659999999],[76.25713356,10.210150709999999],[76.25870495999999,10.21015737],[76.25981123999999,10.210774409999999],[76.26235967999999,10.21078494],[76.26399228,10.209909419999999],[76.26523608,10.20957471],[76.26680748,10.208428379999999],[76.2690276,10.20830157],[76.2722244,10.20865536],[76.27251419999999,10.208610539999999],[76.27265928,10.20865824],[76.27294907999999,10.20675663],[76.27392576,10.204724339999999],[76.27320864,10.20139317],[76.27319351999999,10.20089151],[76.27314743999999,10.19921877],[76.2730866,10.19724939],[76.27230071999999,10.19459727],[76.27079771999999,10.19282436],[76.26949307999999,10.19220732],[76.26884471999999,10.191389039999999],[76.2698898,10.18983177],[76.27066812,10.189359629999998],[76.26982104,10.18908405],[76.26721176,10.189141289999998],[76.26564035999999,10.18872639],[76.26439656,10.1890602],[76.26300803999999,10.188824669999999],[76.26128399999999,10.18954368],[76.26081852,10.19015217],[76.26055896,10.19099808],[76.26097872,10.192513499999999],[76.26116196,10.19399166],[76.26078792,10.1953602],[76.25989548,10.19645694],[76.25978855999999,10.197098729999999],[76.25987244,10.197418229999998],[76.26079548,10.197723419999999],[76.26337416,10.1981592],[76.26406104,10.19894886],[76.2641982,10.19978811],[76.26377088,10.20047571],[76.26187116,10.2006693],[76.26049812,10.201333049999999],[76.25948328,10.20251178],[76.25833884,10.20269205],[76.25529467999999,10.203144029999999],[76.25406636,10.203084989999999],[76.25302128,10.20226194],[76.25051891999999,10.202144579999999],[76.24967939999999,10.201518089999999],[76.24810043999999,10.20218562],[76.2465744,10.20329379],[76.24547568,10.20371346],[76.24486548,10.205245979999999],[76.24481976,10.20527937]]]},"properties":{"CEN_2001":"3207000400074300","SUB_DIST":"Kodungallur","TYPE":"Village","STATE":"Kerala","NAME":"Madathumpady","DISTRICT":"Thrissur"}},
{"type":"Feature","geometry":{"type":"Polygon","coordinates":[[[76.22116847999999,10.20749283],[76.22287739999999,10.206914939999999],[76.22778312,10.2052584],[76.23268128,10.20461274],[76.232979,10.203487379999999],[76.23340596,10.202919029999999],[76.23428328,10.20294378],[76.23700704,10.20489975],[76.23996731999999,10.20392802],[76.24095156,10.20367143],[76.24159236,10.20386025],[76.24255355999999,10.204725239999998],[76.2439194,10.205621729999999],[76.24443816,10.20557403],[76.24481976,10.20527937],[76.24486548,10.205245979999999],[76.24547568,10.20371346],[76.2465744,10.20329379],[76.24810043999999,10.20218562],[76.24967939999999,10.201518089999999],[76.25051891999999,10.202144579999999],[76.25302128,10.20226194],[76.25406636,10.203084989999999],[76.25529467999999,10.203144029999999],[76.25833884,10.20269205],[76.25948328,10.20251178],[76.26049812,10.201333049999999],[76.26187116,10.2006693],[76.26377088,10.20047571],[76.2641982,10.19978811],[76.26406104,10.19894886],[76.26337416,10.1981592],[76.26079548,10.197723419999999],[76.25987244,10.197418229999998],[76.25978855999999,10.197098729999999],[76.25989548,10.19645694],[76.26078792,10.1953602],[76.26116196,10.19399166],[76.26097872,10.192513499999999],[76.26055896,10.19099808],[76.26081852,10.19015217],[76.26128399999999,10.18954368],[76.26300803999999,10.188824669999999],[76.26368699999999,10.18854144],[76.26435083999999,10.188009269999998],[76.26519791999999,10.18663308],[76.26772296,10.185909299999999],[76.27021776,10.18570617],[76.27167503999999,10.185079589999999],[76.27240764,10.18374633],[76.27249907999999,10.182302459999999],[76.27229315999999,10.18166544],[76.27400963999999,10.18031409],[76.27500144,10.178013779999999],[76.27455144,10.175796539999999],[76.27812191999999,10.17509076],[76.28113547999999,10.175238629999999],[76.28538528,10.17616653],[76.28764355999999,10.17852975],[76.28986368,10.178412479999999],[76.29315948,10.17675396],[76.2952194,10.17643932],[76.29699708,10.17648792],[76.29965963999999,10.17932508],[76.30041492,10.181432699999998],[76.30078139999999,10.184668559999999],[76.30151364,10.18573668],[76.30258932,10.185798689999999],[76.30715952,10.18459989],[76.30869276,10.18401336],[76.3109892,10.18385406],[76.3116606,10.183402079999999],[76.31211096,10.1837664],[76.31211852,10.183292369999998],[76.31235504,10.1831274],[76.30941023999999,10.180335959999999],[76.31054676,10.17883683],[76.31075304,10.17840483],[76.31029511999999,10.178305649999999],[76.30744175999999,10.17856881],[76.30659467999999,10.1787624],[76.30612955999999,10.17859176],[76.30570223999999,10.17802908],[76.30538184,10.177820189999998],[76.3055802,10.17724608],[76.3060302,10.17695331],[76.30594631999999,10.17617031],[76.30604568,10.175455079999999],[76.30652628,10.174697909999999],[76.30701443999999,10.174617809999999],[76.30739604,10.174183829999999],[76.30749503999999,10.173610709999998],[76.30719767999999,10.172867759999999],[76.30747235999999,10.17225738],[76.30774704,10.171966589999998],[76.30767071999999,10.171683269999999],[76.30678547999999,10.171520189999999],[76.30593119999999,10.17103482],[76.30243668,10.17102429],[76.30014023999999,10.170812609999999],[76.29891984,10.169550899999999],[76.2980958,10.169065439999999],[76.29791256,10.16864109],[76.2980346,10.167604469999999],[76.29759972,10.16661267],[76.2969438,10.16548344],[76.29611976,10.16499807],[76.29510492,10.16530128],[76.29450983999999,10.16563221],[76.29319763999999,10.165262219999999],[76.292694,10.16462898],[76.29167951999999,10.16311266],[76.29035184,10.1620665],[76.2898788,10.161004049999999],[76.28992452,10.1596842],[76.28956595999999,10.15915491],[76.28824619999999,10.158250769999999],[76.28705604,10.15691562],[76.28704056,10.156167],[76.28720075999999,10.15523721],[76.28705604,10.15470504],[76.28627016,10.15446852],[76.28529347999999,10.1548071],[76.28448492,10.15514091],[76.28268419999999,10.15499403],[76.28073119999999,10.15470603],[76.2797088,10.15450956],[76.27966307999999,10.15386867],[76.27961735999999,10.15333461],[76.27996836,10.15300845],[76.28095259999999,10.15284825],[76.2818526,10.152048149999999],[76.2816924,10.14990615],[76.28092199999999,10.148657759999999],[76.27896863999999,10.147681259999999],[76.27767191999999,10.14731217],[76.27263624,10.15028766],[76.27092732,10.152295109999999],[76.26816575999999,10.155468959999999],[76.26217643999999,10.162912409999999],[76.25855268,10.16546058],[76.25804147999999,10.16581914],[76.251114,10.171305629999999],[76.23872388,10.181489939999999],[76.23465732,10.183510799999999],[76.23195659999999,10.18390275],[76.22553239999999,10.18562886],[76.22355635999999,10.18692684],[76.22224415999999,10.188420299999999],[76.21607988,10.193353649999999],[76.21407323999999,10.195698779999999],[76.21353144,10.19710638],[76.21385183999999,10.19892402],[76.21472915999999,10.200736979999999],[76.2174684,10.20223998],[76.2212448,10.20326706],[76.2223662,10.20461175],[76.22228987999999,10.20587733],[76.22116847999999,10.20749283]]]},"properties":{"CEN_2001":"3208000300083400","SUB_DIST":"Paravur","TYPE":"Village","STATE":"Kerala","NAME":"Puthenvelikkara","DISTRICT":"Ernakulam"}},
{"type":"Feature","geometry":{"type":"Polygon","coordinates":[[[76.27319351999999,10.20089151],[76.27354416,10.20105072],[76.27487939999999,10.20121101],[76.2766722,10.201300649999999],[76.27729787999999,10.20146175],[76.27770215999999,10.202297219999998],[76.27857983999999,10.20269016],[76.27939595999999,10.202712029999999],[76.28005223999999,10.20268728],[76.28069303999999,10.20196728],[76.28148648,10.20196629],[76.28221907999999,10.202359229999999],[76.28288255999999,10.202844599999999],[76.28376023999999,10.203493139999999],[76.28412635999999,10.203597089999999],[76.28415695999999,10.202761619999999],[76.2844392,10.20183273],[76.2846678,10.20120714],[76.28527079999999,10.20115854],[76.28580468,10.201273919999998],[76.28610239999999,10.201599089999998],[76.28636915999999,10.202038739999999],[76.28660568,10.20452121],[76.28688036,10.20512394],[76.28749092,10.2053547],[76.28935247999999,10.205560709999999],[76.29000839999999,10.205558819999998],[76.29033672,10.205372789999998],[76.29050448,10.20525741],[76.29122916,10.20527937],[76.29189299999999,10.20574188],[76.29281603999999,10.20588021],[76.29370884,10.20585537],[76.29530328,10.205805779999999],[76.29651648,10.20603564],[76.29805764,10.205917379999999],[76.29943068,10.20535758],[76.300209,10.204381979999999],[76.30042284,10.20398805],[76.30097183999999,10.203707699999999],[76.30145279999999,10.20333573],[76.3015824,10.20268728],[76.30135344,10.201851809999999],[76.30098731999999,10.2013416],[76.30073532,10.20094776],[76.30072776,10.20015909],[76.30084224,10.199764259999998],[76.30138403999999,10.19881152],[76.30165871999999,10.197745289999999],[76.30191792,10.19612025],[76.30198668,10.19445039],[76.30210871999999,10.194193799999999],[76.3022232,10.194031709999999],[76.30236828,10.19393919],[76.30295579999999,10.19414619],[76.30361171999999,10.194702119999999],[76.3043364,10.19609262],[76.30511471999999,10.19625381],[76.30530551999999,10.19609073],[76.30556471999999,10.19576646],[76.30577856,10.19557953],[76.30623612,10.19541744],[76.30642691999999,10.1953926],[76.30657199999999,10.19520756],[76.30664076,10.1949291],[76.30653384,10.19460393],[76.30633548,10.19423385],[76.30634303999999,10.193026499999998],[76.30611408,10.19240091],[76.30493148,10.191011399999999],[76.30473312,10.19059371],[76.30473312,10.190361959999999],[76.30506143999999,10.18985085],[76.30575551999999,10.18924614],[76.30630488,10.189175579999999],[76.30672464,10.189661939999999],[76.30722035999999,10.19047356],[76.30748747999999,10.190472569999999],[76.30818948,10.190333339999999],[76.30876151999999,10.189984319999999],[76.30929576,10.18995957],[76.30997472,10.19007495],[76.31024183999999,10.190353409999998],[76.31029511999999,10.190653829999999],[76.30995168,10.19188404],[76.30931088,10.1927214],[76.30940231999999,10.19388006],[76.30960859999999,10.19463444],[76.31019576,10.195051229999999],[76.31118,10.195403129999999],[76.311882,10.19250108],[76.31211096,10.1837664],[76.3116606,10.183402079999999],[76.3109892,10.18385406],[76.30869276,10.18401336],[76.30715952,10.18459989],[76.30258932,10.185798689999999],[76.30151364,10.18573668],[76.30078139999999,10.184668559999999],[76.30041492,10.181432699999998],[76.29965963999999,10.17932508],[76.29699708,10.17648792],[76.2952194,10.17643932],[76.29315948,10.17675396],[76.28986368,10.178412479999999],[76.28764355999999,10.17852975],[76.28538528,10.17616653],[76.28113547999999,10.175238629999999],[76.27812191999999,10.17509076],[76.27455144,10.175796539999999],[76.27500144,10.178013779999999],[76.27400963999999,10.18031409],[76.27229315999999,10.18166544],[76.27249907999999,10.182302459999999],[76.27240764,10.18374633],[76.27167503999999,10.185079589999999],[76.27021776,10.18570617],[76.26772296,10.185909299999999],[76.26519791999999,10.18663308],[76.26435083999999,10.188009269999998],[76.26368699999999,10.18854144],[76.26300803999999,10.188824669999999],[76.26439656,10.1890602],[76.26564035999999,10.18872639],[76.26721176,10.189141289999998],[76.26982104,10.18908405],[76.27066812,10.189359629999998],[76.2698898,10.18983177],[76.26884471999999,10.191389039999999],[76.26949307999999,10.19220732],[76.27079771999999,10.19282436],[76.27230071999999,10.19459727],[76.2730866,10.19724939],[76.27314743999999,10.19921877],[76.27319351999999,10.20089151]]]},"properties":{"CEN_2001":"3207000500079500","SUB_DIST":"Mukundapuram","TYPE":"Village","STATE":"Kerala","NAME":"Thirumukkulam","DISTRICT":"Thrissur"}},
{"type":"Feature","geometry":{"type":"Polygon","coordinates":[[[76.43617236,10.200146669999999],[76.43619539999999,10.19991015],[76.43663027999999,10.19940471],[76.43737044,10.198925999999998],[76.43802636,10.19859984],[76.43846124,10.198120139999999],[76.43864448,10.197563129999999],[76.4387514,10.19708154],[76.43903363999999,10.196476019999999],[76.43987279999999,10.195643429999999],[76.44046032,10.19503692],[76.44084156,10.19503881],[76.44137579999999,10.195193249999999],[76.4419554,10.19519523],[76.44236004,10.19524761],[76.44271103999999,10.195349669999999],[76.44316859999999,10.195351559999999],[76.44357287999999,10.19527821],[76.44384756,10.195152299999998],[76.44407652,10.19489958],[76.4441298,10.194671609999999],[76.44411468,10.19408895],[76.4443206,10.193811389999999],[76.44474792,10.19349576],[76.44551075999999,10.1931696],[76.44647988,10.19259072],[76.44764699999999,10.191379589999999],[76.44859308,10.19042109],[76.44872267999999,10.19026188],[76.4486694,10.190149289999999],[76.447998,10.18905732],[76.44760128,10.18832112],[76.44730392,10.18786338],[76.44725783999999,10.187128979999999],[76.447296,10.18619064],[76.44728088,10.184746769999999],[76.44709008,10.18352988],[76.44707496,10.182212819999998],[76.44709008,10.180920599999999],[76.44691476,10.18059066],[76.44692988,10.17889308],[76.44686904,10.177195589999998],[76.44685356,10.176258059999999],[76.44660191999999,10.17600444],[76.44615155999999,10.175874749999998],[76.44509135999999,10.175642999999999],[76.44422915999999,10.17546174],[76.44266495999999,10.17532917],[76.44185639999999,10.17527481],[76.44155112,10.175097509999999],[76.44127644,10.17509553],[76.44104784,10.17522144],[76.44099419999999,10.17565155],[76.44096359999999,10.17613314],[76.44116195999999,10.17643833],[76.44126132,10.17689418],[76.44125376,10.177553159999999],[76.4411238,10.17816066],[76.44081132,10.178817749999999],[76.4407044,10.179552059999999],[76.44072707999999,10.18018629],[76.44092544,10.18071936],[76.44109356,10.181326859999999],[76.44111624,10.181782709999998],[76.44108564,10.182163229999999],[76.44075011999999,10.18274499],[76.44034583999999,10.183300019999999],[76.43988791999999,10.18365291],[76.43904875999999,10.184105879999999],[76.43874348,10.18435761],[76.43846124,10.18473723],[76.43835431999999,10.18516734],[76.43811815999999,10.186078049999999],[76.43798819999999,10.186533899999999],[76.43757636,10.1871405],[76.4372178,10.18759536],[76.43711087999999,10.188632969999999],[76.43682863999999,10.18926522],[76.4365158,10.18966869],[76.43639376,10.189846079999999],[76.43626416,10.189820249999999],[76.43608848,10.18964196],[76.43596644,10.18910979],[76.43579867999999,10.188449819999999],[76.43537135999999,10.187561969999999],[76.43497464,10.186800029999999],[76.43457792,10.18611522],[76.43400588,10.18560501],[76.43388384,10.18492128],[76.43363939999999,10.18393227],[76.43338775999999,10.183322879999999],[76.43309004,10.18263816],[76.43267064,10.18172358],[76.43235023999999,10.181063609999999],[76.43220516,10.180683179999999],[76.43223576,10.18012617],[76.43233475999999,10.17969606],[76.43261736,10.179417599999999],[76.43292228,10.179141029999998],[76.43333448,10.17883782],[76.43386835999999,10.178282699999999],[76.43419632,10.177879319999999],[76.43435652,10.1773224],[76.43438712,10.17633438],[76.43429567999999,10.17590328],[76.43394468,10.175395049999999],[76.43364731999999,10.17465876],[76.43342591999999,10.17420201],[76.4334792,10.173771899999998],[76.43368548,10.17339327],[76.43373876,10.172911679999999],[76.4337996,10.171593629999998],[76.43403611999999,10.171190249999999],[76.4339904,10.170353879999999],[76.43417364,10.16987328],[76.43444832,10.16962146],[76.43470751999999,10.169546129999999],[76.43488319999999,10.16942022],[76.43489075999999,10.16896437],[76.43494403999999,10.16810325],[76.43482956,10.16713998],[76.43475323999999,10.166721299999999],[76.43460852,10.16618922],[76.43463912,10.16608806],[76.43476116,10.16591076],[76.43491379999999,10.16573427],[76.43494403999999,10.165607459999999],[76.43489831999999,10.16540523],[76.43444076,10.16532711],[76.43428811999999,10.16530128],[76.43418876,10.165173569999999],[76.43426507999999,10.165073399999999],[76.43441772,10.165022819999999],[76.43462364,10.16494659],[76.43469995999999,10.16479584],[76.43479932,10.16451738],[76.43467727999999,10.1641617],[76.4344026,10.16408538],[76.43384567999999,10.1640825],[76.43336472,10.16400528],[76.43283084,10.164155039999999],[76.4321976,10.16438004],[76.43171699999999,10.164529799999999],[76.43058011999999,10.16422173],[76.43003076,10.163990969999999],[76.42894752,10.163531339999999],[76.42740635999999,10.162966769999999],[76.42697903999999,10.16266158],[76.42633067999999,10.161999719999999],[76.42562867999999,10.16141508],[76.42500299999999,10.16077896],[76.42402632,10.16009136],[76.42331712,10.159656479999999],[76.4225082,10.159628849999999],[76.42188252,10.15939809],[76.42109663999999,10.15904043],[76.4205246,10.15845489],[76.41997524,10.157844509999999],[76.41940319999999,10.15694334],[76.41872423999999,10.15605351],[76.41804492,10.15554429],[76.41761796,10.15549182],[76.41693864,10.15548894],[76.41667944,10.1555901],[76.41619883999999,10.155714029999999],[76.41561888,10.15573689],[76.41415404,10.15588287],[76.41344448,10.155982049999999],[76.4130096,10.15603065],[76.41268163999999,10.156283369999999],[76.41227735999999,10.156661009999999],[76.4119188,10.157090219999999],[76.41165923999999,10.157823539999999],[76.411728,10.15845777],[76.4115678,10.159647929999998],[76.41125496,10.16015337],[76.41100295999999,10.1602278],[76.41072828,10.16022681],[76.41036215999999,10.16014959],[76.41028584,10.161346409999998],[76.41007236,10.16276364],[76.40953056,10.16402913],[76.40883647999999,10.16525457],[76.40811144,10.166392349999999],[76.40765388,10.167200999999999],[76.40723412,10.16861823],[76.4069976,10.17003636],[76.40665451999999,10.17147825],[76.40654004,10.17315009],[76.40621963999999,10.17456723],[76.40598311999999,10.17568107],[76.40558639999999,10.17780777],[76.40544888,10.179115289999999],[76.4059752,10.1792088],[76.40678412,10.179541619999998],[76.40768448,10.179900179999999],[76.40849304,10.18005462],[76.4092026,10.18008324],[76.40963748,10.17993258],[76.40994275999999,10.17985824],[76.41049212,10.179784799999998],[76.41080459999999,10.179582569999999],[76.4110566,10.17922977],[76.41133884,10.178900729999999],[76.41189576,10.17870138],[76.41318528,10.178681399999999],[76.41452772,10.178609849999999],[76.41578664,10.17869094],[76.41667188,10.178847269999999],[76.41717516,10.178950319999998],[76.41760248,10.17920493],[76.41770183999999,10.17945864],[76.41770183999999,10.179839159999998],[76.41759492,10.18031976],[76.41743471999999,10.18074987],[76.41738144,10.18161108],[76.41737352,10.18211841],[76.41762551999999,10.182625739999999],[76.41807551999999,10.18288134],[76.41822816,10.18295667],[76.41822816,10.183083569999999],[76.41812123999999,10.183159799999999],[76.41791531999999,10.183589909999998],[76.41786203999999,10.18422315],[76.41785447999999,10.18465326],[76.41790775999999,10.184830649999999],[76.41800676,10.18495845],[76.41823572,10.18498419],[76.41846468,10.1849346],[76.41864,10.184859269999999],[76.41894527999999,10.184783939999999],[76.41939527999999,10.18465992],[76.41957851999999,10.18461033],[76.41965483999999,10.18422981],[76.41966239999999,10.183570829999999],[76.41963971999999,10.183241879999999],[76.41999827999999,10.182888989999999],[76.42042524,10.18263717],[76.42101276,10.18263915],[76.42128744,10.18264104],[76.42147068,10.182515129999999],[76.42187496,10.18241505],[76.42257696,10.182620069999999],[76.42330919999999,10.182648689999999],[76.4237898,10.182599999999999],[76.42454543999999,10.182703949999999],[76.42563623999999,10.182708719999999],[76.42631519999999,10.18314171],[76.42684188,10.18354986],[76.42739087999999,10.18403343],[76.42774188,10.18489644],[76.42785635999999,10.18598553],[76.42805471999999,10.18659492],[76.42842875999999,10.18707849],[76.42884816,10.18771263],[76.42897812,10.18796733],[76.42889387999999,10.18857384],[76.42903896,10.188903779999999],[76.42936691999999,10.18918422],[76.43014523999999,10.18956663],[76.43135844,10.189902329999999],[76.432419,10.19021031],[76.43312064,10.190770109999999],[76.43374632,10.191735269999999],[76.43386079999999,10.193103809999998],[76.43385323999999,10.19363598],[76.4332884,10.194622019999999],[76.43272392,10.195100819999999],[76.43234267999999,10.19593521],[76.43235779999999,10.19644164],[76.43215187999999,10.196847],[76.43177784,10.19694708],[76.43177028,10.197175049999998],[76.43189987999999,10.197402929999999],[76.43225088,10.197582209999998],[76.43235023999999,10.197912239999999],[76.432419,10.198368089999999],[76.43302163999999,10.198776239999999],[76.43364731999999,10.19918439],[76.43488319999999,10.19972133],[76.43551644,10.20005226],[76.43617236,10.200146669999999]]]},"properties":{"CEN_2001":"3208000200082500","SUB_DIST":"Aluva","TYPE":"Village","STATE":"Kerala","NAME":"Kalady","DISTRICT":"Ernakulam"}},
{"type":"Feature","geometry":{"type":"Polygon","coordinates":[[[76.32764424,10.16564751],[76.32804096,10.1660013],[76.32874296,10.16621496],[76.32925415999999,10.166526809999999],[76.32974232,10.16701983],[76.32999432,10.167314489999999],[76.33039104,10.16785719],[76.33102428,10.16880993],[76.3314894,10.169302949999999],[76.33219896,10.170033479999999],[76.33346544,10.17123219],[76.33412172,10.17179109],[76.33478556,10.172102939999998],[76.33558656,10.172431979999999],[76.33613591999999,10.17254736],[76.3369218,10.172777219999999],[76.33755504,10.17308997],[76.33768463999999,10.173188249999999],[76.33805831999999,10.173965489999999],[76.33866888,10.17506025],[76.33907316,10.17556857],[76.33934027999999,10.176633809999998],[76.33930212,10.17792603],[76.33929456,10.178686169999999],[76.33934027999999,10.179117179999999],[76.33956923999999,10.17937089],[76.3398666,10.17982773],[76.33985904,10.18061253],[76.33980575999999,10.181271509999998],[76.33934027999999,10.18187811],[76.33770768,10.183264739999998],[76.33689876,10.183945679999999],[76.33648692,10.18450071],[76.33643328,10.18495656],[76.33642572,10.18536282],[76.33667772,10.18592073],[76.33743299999999,10.18638036],[76.33878336,10.187475209999999],[76.34001167999999,10.188366929999999],[76.34099592,10.18913076],[76.3421022,10.189971],[76.34282687999999,10.1905308],[76.3433532,10.190812139999998],[76.3437348,10.190763449999999],[76.34413907999999,10.190435399999998],[76.34498579999999,10.189602809999998],[76.3460082,10.188441269999998],[76.34654244,10.187961569999999],[76.34667204,10.187632529999998],[76.34690099999999,10.18748187],[76.34740464,10.18745901],[76.3478622,10.18753722],[76.3480836,10.187714609999999],[76.34846483999999,10.18799496],[76.34873952,10.188199079999999],[76.34931947999999,10.188201869999999],[76.34972375999999,10.1879253],[76.35039515999999,10.187040329999999],[76.35144059999999,10.18565082],[76.35195144,10.185045209999998],[76.35281364,10.18455507],[76.35423275999999,10.18435761],[76.3548354,10.184239349999999],[76.35549924,10.184109659999999],[76.35661307999999,10.183885559999998],[76.35762792,10.183509809999999],[76.3588944,10.183211369999999],[76.35968783999999,10.18242927],[76.36060332,10.18134306],[76.36101516,10.18104075],[76.36159511999999,10.18094157],[76.36301424,10.18072035],[76.36491396,10.18027206],[76.36676039999999,10.179924029999999],[76.36843116,10.17975429],[76.37002559999999,10.179658889999999],[76.37027724,10.1796093],[76.37043779999999,10.17902664],[76.37067395999999,10.17816732],[76.37097924,10.177331939999998],[76.37126148,10.176775919999999],[76.37180328,10.1763468],[76.37294016,10.17597195],[76.37372604,10.175746949999999],[76.3750458,10.17560007],[76.37709059999999,10.175481809999999],[76.37924195999999,10.175312969999998],[76.38234695999999,10.17540171],[76.38401807999999,10.17548469],[76.38535295999999,10.175692589999999],[76.3862382,10.176127469999999],[76.38726815999999,10.17686556],[76.38799284,10.17740061],[76.38839712,10.17763038],[76.38861852,10.17775818],[76.38907608,10.177734419999998],[76.38983927999999,10.177282349999999],[76.39073171999999,10.176956189999999],[76.39123536,10.176982919999999],[76.39171596,10.17704772],[76.39216596,10.177151669999999],[76.39272324,10.17712881],[76.39310447999999,10.17710496],[76.3931808,10.176927569999998],[76.39331039999999,10.176498449999999],[76.39313508,10.1760912],[76.39291367999999,10.175583869999999],[76.39261631999999,10.17530442],[76.39254,10.17489816],[76.39284527999999,10.17454527],[76.3931808,10.174368869999999],[76.39343244,10.17406557],[76.39351667999999,10.17373653],[76.39331039999999,10.17333126],[76.39306631999999,10.172949749999999],[76.3930206,10.17239193],[76.39337916,10.17203904],[76.39342488,10.172025719999999],[76.39365384,10.17182538],[76.3940124,10.171673729999998],[76.39421832,10.17152307],[76.39416503999999,10.17134478],[76.39396667999999,10.17114165],[76.39374527999999,10.170785879999999],[76.39367688,10.1698227],[76.39370711999999,10.168987229999999],[76.39406568,10.168278659999999],[76.39483643999999,10.167597809999998],[76.39518744,10.167119009999999],[76.39521803999999,10.166611679999999],[76.39489764,10.166205419999999],[76.394043,10.1655693],[76.3935624,10.16523747],[76.3934706,10.16455266],[76.39360056,10.16419887],[76.39357752,10.16389467],[76.39330283999999,10.163664809999998],[76.39284527999999,10.16363808],[76.39183043999999,10.16386227],[76.39069355999999,10.16393373],[76.3899156,10.16362575],[76.38966359999999,10.16324523],[76.38974748,10.162891349999999],[76.38995376,10.162511819999999],[76.39064028,10.161374129999999],[76.39113599999999,10.160083799999999],[76.39170084,10.15945335],[76.3916472,10.158946019999998],[76.39165512,10.158540749999998],[76.3917084,10.15833852],[76.39199063999999,10.15818786],[76.39251696,10.158164999999999],[76.39261631999999,10.15798761],[76.39264691999999,10.15778538],[76.39265447999999,10.1574297],[76.39263143999999,10.15717698],[76.39260875999999,10.15672113],[76.39283735999999,10.15611363],[76.39327223999999,10.15576074],[76.39345548,10.15543179],[76.39374527999999,10.15414146],[76.39387524,10.15345764],[76.39436339999999,10.152800549999998],[76.39489764,10.151890739999999],[76.39588151999999,10.15106103],[76.39584336,10.150894169999999],[76.39565291999999,10.150158869999999],[76.39477524,10.14868638],[76.39425648,10.14810084],[76.39357752,10.14761736],[76.39294428,10.14728544],[76.39211268,10.146951719999999],[76.39151004,10.14674661],[76.39073171999999,10.14656733],[76.39009847999999,10.146335579999999],[76.38949584,10.14603039],[76.38911424,10.14564798],[76.38894648,10.145090069999998],[76.38895403999999,10.144609469999999],[76.38901523999999,10.143317249999999],[76.3888932,10.142581949999999],[76.38874811999999,10.14222618],[76.38806916,10.141261109999999],[76.38782508,10.14044859],[76.38788591999999,10.139536889999999],[76.3882218,10.13882922],[76.38863364,10.138274189999999],[76.38939683999999,10.13718699],[76.3901442,10.13599971],[76.39047251999999,10.135494269999999],[76.39053335999999,10.13491152],[76.39043436,10.13440518],[76.39008335999999,10.133846279999998],[76.38948072,10.13358978],[76.38877871999999,10.13348583],[76.38726059999999,10.13342859],[76.38622271999999,10.133577359999999],[76.38558948,10.133776619999999],[76.38507827999999,10.13395212],[76.3841934,10.133847269999999],[76.38384239999999,10.13369373],[76.38343812,10.13354019],[76.38323976,10.13313393],[76.38317099999999,10.132526429999999],[76.38272099999999,10.132093439999998],[76.38231671999999,10.13186358],[76.3819884,10.13183685],[76.3815078,10.131834959999999],[76.38097391999999,10.131959879999998],[76.38052356,10.132235549999999],[76.38031008,10.132767719999999],[76.38023376,10.133147249999999],[76.38005052,10.133551619999999],[76.37956992,10.133980739999998],[76.37918868,10.134333629999999],[76.37902847999999,10.13483997],[76.37876892,10.13539599],[76.3787232,10.135547639999999],[76.37846363999999,10.13564781],[76.37808996,10.135495169999999],[76.377411,10.135036439999999],[76.37718204,10.13480667],[76.37642676,10.13467689],[76.37581619999999,10.13477616],[76.37508396,10.13510322],[76.37393952,10.135306349999999],[76.37385563999999,10.136329649999999],[76.37370299999999,10.13698773],[76.37390135999999,10.137621869999998],[76.37416848,10.138078709999998],[76.37414543999999,10.138357169999999],[76.37403852,10.138483979999998],[76.37388623999999,10.13893893],[76.37352768,10.139216399999999],[76.37314608,10.139518709999999],[76.37291712,10.139670359999998],[76.3727418,10.13989734],[76.37273424,10.1403027],[76.37298587999999,10.14058206],[76.37326055999999,10.14068511],[76.37343587999999,10.140938729999998],[76.3733826,10.1411667],[76.37295528,10.14141843],[76.3725204,10.14149187],[76.37214671999999,10.14149097],[76.37153615999999,10.141691219999998],[76.37130719999999,10.141968689999999],[76.37110127999999,10.142475119999999],[76.37119308,10.142804159999999],[76.37132267999999,10.14295671],[76.37132267999999,10.14310935],[76.37117004,10.143235169999999],[76.37100984,10.14346215],[76.37100984,10.143665279999999],[76.37118516,10.14376734],[76.37139144,10.14389514],[76.37138352,10.144097369999999],[76.37130719999999,10.14424893],[76.37097924,10.14451407],[76.37102496,10.14522264],[76.37097168,10.14570423],[76.37078844,10.145981789999999],[76.36990356,10.14602949],[76.36894235999999,10.145772],[76.36806503999999,10.145338019999999],[76.36721039999999,10.144953719999998],[76.36665348,10.144749599999999],[76.36607352,10.14457032],[76.36579884,10.14459417],[76.36569227999999,10.144770659999999],[76.36571495999999,10.14507486],[76.36598964,10.14545628],[76.36653899999999,10.146141989999999],[76.36716467999999,10.146904919999999],[76.36761467999999,10.147793759999999],[76.36849199999999,10.14860817],[76.36914071999999,10.14939594],[76.36930848,10.14985278],[76.36943052,10.15043643],[76.36958315999999,10.150867439999999],[76.36955255999999,10.15109541],[76.36921704,10.15159986],[76.36894235999999,10.151675189999999],[76.36871339999999,10.151674289999999],[76.36848443999999,10.151673299999999],[76.36830911999999,10.15177437],[76.36817916,10.152001349999999],[76.36812588,10.15220358],[76.36774428,10.152607949999998],[76.36759199999999,10.15273377],[76.3675614,10.152935999999999],[76.367691,10.15321635],[76.36775976,10.153747529999999],[76.36755384,10.15443135],[76.36732488,10.154557259999999],[76.36648572,10.154426579999999],[76.36555476,10.15419483],[76.36470048,10.15419195],[76.36280076,10.154285459999999],[76.35964211999999,10.15422156],[76.35594924,10.15440939],[76.35331728,10.15462683],[76.35250871999999,10.154801339999999],[76.35113532,10.155150449999999],[76.35060899999999,10.1553507],[76.35030372,10.15565301],[76.35029616,10.15608402],[76.35031884,10.15664103],[76.35038759999999,10.157250419999999],[76.35035699999999,10.15732575],[76.350258,10.15750314],[76.35005172,10.15750215],[76.34972375999999,10.157575589999999],[76.3493958,10.15782831],[76.34951783999999,10.15856361],[76.34951027999999,10.15869042],[76.34943396,10.158817319999999],[76.34915928,10.158865919999998],[76.34900664,10.15866279],[76.34878524,10.15853499],[76.34857932,10.15863606],[76.34847275999999,10.15891362],[76.34849544,10.15954785],[76.347252,10.15964415],[76.34629043999999,10.159843409999999],[76.34558088,10.160296469999999],[76.34461968,10.160545319999999],[76.34429172,10.16051868],[76.34381112,10.16026308],[76.34343708,10.15990731],[76.34281175999999,10.159246439999999],[76.34216303999999,10.158356699999999],[76.34156039999999,10.157873129999999],[76.34123244,10.15794657],[76.34087387999999,10.15840242],[76.34013372,10.15888023],[76.33939355999999,10.159460099999999],[76.33901232,10.1599398],[76.33822644,10.15998741],[76.3373412,10.1599083],[76.33676159999999,10.159728029999998],[76.33634183999999,10.1590929],[76.33546451999999,10.1581011],[76.33506779999999,10.1575422],[76.33469376,10.15688232],[76.33459475999999,10.15639974],[76.33457964,10.15563969],[76.33475496,10.155285809999999],[76.33476252,10.154906279999999],[76.33441151999999,10.154474279999999],[76.3338852,10.15343289],[76.33322136,10.15262127],[76.33308419999999,10.15267563],[76.3326036,10.15273953],[76.33209996,10.15270713],[76.33106244,10.152186389999999],[76.33051307999999,10.151941319999999],[76.33005516,10.15182396],[76.32968147999999,10.15182684],[76.32807156,10.15208622],[76.32748403999999,10.152180629999998],[76.32749951999999,10.15309143],[76.32746136,10.15405272],[76.32760608,10.15473843],[76.32767484,10.15529634],[76.32767484,10.155903839999999],[76.32779688,10.15625862],[76.32820115999999,10.156387319999999],[76.32826992,10.15656471],[76.32826992,10.156767839999999],[76.32826236,10.15750215],[76.32828504,10.158413849999999],[76.32819359999999,10.159807229999998],[76.32820908,10.160922059999999],[76.32804888,10.162239029999999],[76.32788076,10.16335296],[76.32772055999999,10.164290399999999],[76.32764424,10.16564751]]]},"properties":{"CEN_2001":"3208000200082800","SUB_DIST":"Aluva","TYPE":"Village","STATE":"Kerala","NAME":"Nedumbassery","DISTRICT":"Ernakulam"}},
{"type":"Feature","geometry":{"type":"Polygon","coordinates":[[[76.44872267999999,10.19026188],[76.44882204,10.190142629999999],[76.44918059999999,10.19009403],[76.44968424,10.190172239999999],[76.44980627999999,10.19034954],[76.45051584,10.19052981],[76.45140072,10.19043252],[76.45160664,10.19012931],[76.45216355999999,10.18975167],[76.45267476,10.189576169999999],[76.45313268,10.189097369999999],[76.453209,10.18856529],[76.45346819999999,10.18821141],[76.45346819999999,10.187856629999999],[76.45340736,10.18684296],[76.45338432,10.18633554],[76.45348367999999,10.186209719999999],[76.4538192,10.18613529],[76.45401756,10.1863899],[76.45413959999999,10.18692207],[76.45461264,10.18730358],[76.45496363999999,10.187583929999999],[76.45534524,10.187636399999999],[76.45574952,10.187638289999999],[76.45653539999999,10.18764117],[76.45665744,10.187636399999999],[76.45691663999999,10.187092799999999],[76.45692455999999,10.18700127],[76.45692455999999,10.18678284],[76.45690907999999,10.18638513],[76.45694723999999,10.1861658],[76.45702356,10.18597509],[76.45722948,10.185635609999999],[76.45774068,10.185052859999999],[76.45817556,10.184529329999998],[76.45862591999999,10.18395612],[76.45866407999999,10.18390365],[76.45868675999999,10.183811219999999],[76.45867919999999,10.183729139999999],[76.45864859999999,10.183675769999999],[76.45856472,10.183593779999999],[76.45807656,10.18333431],[76.45742028,10.18293669],[76.45697784,10.18274211],[76.456665,10.18255518],[76.4559936,10.18193724],[76.45585643999999,10.181780819999998],[76.45574952,10.181543309999999],[76.45572648,10.181467979999999],[76.45576464,10.181409839999999],[76.45582583999999,10.18134117],[76.45591728,10.181281049999999],[76.45610051999999,10.181159999999998],[76.45622256,10.18104462],[76.45626827999999,10.180975949999999],[76.45631399999999,10.18091295],[76.45657356,10.180845269999999],[76.45732883999999,10.180598219999998],[76.45750416,10.18050192],[76.45809168,10.17983817],[76.45822127999999,10.17953685],[76.45822919999999,10.179354689999998],[76.45812228,10.179038069999999],[76.45797719999999,10.178871119999998],[76.45748148,10.178307539999999],[76.45729824,10.17807201],[76.45706928,10.177466399999998],[76.45695479999999,10.17690084],[76.45691663999999,10.175887079999999],[76.45686336,10.175201459999998],[76.45690151999999,10.174777019999999],[76.45709988,10.174025519999999],[76.45751208,10.173108059999999],[76.45764168,10.17265698],[76.45815288,10.170331919999999],[76.45544423999999,10.169112239999999],[76.45415507999999,10.16845794],[76.44879144,10.16572662],[76.44277944,10.16201115],[76.4334792,10.15592292],[76.43041991999999,10.15275951],[76.42906955999999,10.15147206],[76.42869551999999,10.150074],[76.42862711999999,10.14966963],[76.42858896,10.14841935],[76.42892447999999,10.147278779999999],[76.4290008,10.14702228],[76.42978667999999,10.145881619999999],[76.43049624,10.14507297],[76.43118276,10.144800179999999],[76.42985544,10.143962819999999],[76.42927548,10.14385986],[76.42874916,10.143478349999999],[76.42814652,10.143044459999999],[76.42754352,10.142535239999999],[76.42711655999999,10.1422548],[76.42658988,10.14217659],[76.42613232,10.14227577],[76.42582703999999,10.14235119],[76.42552176,10.1425266],[76.42521683999999,10.142475119999999],[76.42486584,10.14229683],[76.42476647999999,10.142017379999999],[76.42475135999999,10.14128307],[76.42462932,10.14039513],[76.42453752,10.13930604],[76.42444608,10.139000849999999],[76.42416383999999,10.13887314],[76.42396547999999,10.13874624],[76.42373651999999,10.138542209999999],[76.42366776,10.138213169999998],[76.42367567999999,10.137249989999999],[76.42363752,10.13647743],[76.42259964,10.136472659999999],[76.42110455999999,10.136442149999999],[76.42004399999999,10.13615892],[76.41923507999999,10.135927169999999],[76.41857916,10.135823219999999],[76.41767123999999,10.13569263],[76.41701495999999,10.13551335],[76.41616067999999,10.13548374],[76.41532151999999,10.13555718],[76.41458892,10.13578227],[76.4139024,10.13615892],[76.41316223999999,10.13651082],[76.41240696,10.13693814],[76.41159048,10.13726421],[76.41098783999999,10.13726232],[76.41040788,10.13720895],[76.41010295999999,10.137004829999999],[76.40921772,10.136899979999999],[76.40866079999999,10.13682177],[76.40846244,10.136763539999999],[76.40845488,10.13745114],[76.40852364,10.138489739999999],[76.40845488,10.14003468],[76.40849304,10.141505279999999],[76.40827956,10.143151289999999],[76.40818775999999,10.14451884],[76.40792099999999,10.145935979999999],[76.40785224,10.14786054],[76.4076384,10.149456959999998],[76.40756999999999,10.15115355],[76.40748611999999,10.15252209],[76.40755451999999,10.15335846],[76.40764632,10.15446663],[76.40783676,10.15502454],[76.40780652,10.155961979999999],[76.40771472,10.156822199999999],[76.40782164,10.1568708],[76.40804304,10.15737912],[76.4083404,10.15798761],[76.40929403999999,10.15918254],[76.41009503999999,10.16004654],[76.41024768,10.16012385],[76.41036215999999,10.16014959],[76.41072828,10.16022681],[76.41100295999999,10.1602278],[76.41125496,10.16015337],[76.4115678,10.159647929999998],[76.411728,10.15845777],[76.41165923999999,10.157823539999999],[76.4119188,10.157090219999999],[76.41227735999999,10.156661009999999],[76.41268163999999,10.156283369999999],[76.4130096,10.15603065],[76.41344448,10.155982049999999],[76.41415404,10.15588287],[76.41561888,10.15573689],[76.41619883999999,10.155714029999999],[76.41667944,10.1555901],[76.41693864,10.15548894],[76.41761796,10.15549182],[76.41804492,10.15554429],[76.41872423999999,10.15605351],[76.41940319999999,10.15694334],[76.41997524,10.157844509999999],[76.4205246,10.15845489],[76.42109663999999,10.15904043],[76.42188252,10.15939809],[76.4225082,10.159628849999999],[76.42331712,10.159656479999999],[76.42402632,10.16009136],[76.42500299999999,10.16077896],[76.42562867999999,10.16141508],[76.42633067999999,10.161999719999999],[76.42697903999999,10.16266158],[76.42740635999999,10.162966769999999],[76.42894752,10.163531339999999],[76.43003076,10.163990969999999],[76.43058011999999,10.16422173],[76.43171699999999,10.164529799999999],[76.4321976,10.16438004],[76.43283084,10.164155039999999],[76.43336472,10.16400528],[76.43384567999999,10.1640825],[76.4344026,10.16408538],[76.43467727999999,10.1641617],[76.43479932,10.16451738],[76.43469995999999,10.16479584],[76.43462364,10.16494659],[76.43441772,10.165022819999999],[76.43426507999999,10.165073399999999],[76.43418876,10.165173569999999],[76.43428811999999,10.16530128],[76.43444076,10.16532711],[76.43489831999999,10.16540523],[76.43494403999999,10.165607459999999],[76.43491379999999,10.16573427],[76.43476116,10.16591076],[76.43463912,10.16608806],[76.43460852,10.16618922],[76.43475323999999,10.166721299999999],[76.43482956,10.16713998],[76.43494403999999,10.16810325],[76.43489075999999,10.16896437],[76.43488319999999,10.16942022],[76.43470751999999,10.169546129999999],[76.43444832,10.16962146],[76.43417364,10.16987328],[76.4339904,10.170353879999999],[76.43403611999999,10.171190249999999],[76.4337996,10.171593629999998],[76.43373876,10.172911679999999],[76.43368548,10.17339327],[76.4334792,10.173771899999998],[76.43342591999999,10.17420201],[76.43364731999999,10.17465876],[76.43394468,10.175395049999999],[76.43429567999999,10.17590328],[76.43438712,10.17633438],[76.43435652,10.1773224],[76.43419632,10.177879319999999],[76.43386835999999,10.178282699999999],[76.43333448,10.17883782],[76.43292228,10.179141029999998],[76.43261736,10.179417599999999],[76.43233475999999,10.17969606],[76.43223576,10.18012617],[76.43220516,10.180683179999999],[76.43235023999999,10.181063609999999],[76.43267064,10.18172358],[76.43309004,10.18263816],[76.43338775999999,10.183322879999999],[76.43363939999999,10.18393227],[76.43388384,10.18492128],[76.43400588,10.18560501],[76.43457792,10.18611522],[76.43497464,10.186800029999999],[76.43537135999999,10.187561969999999],[76.43579867999999,10.188449819999999],[76.43596644,10.18910979],[76.43608848,10.18964196],[76.43626416,10.189820249999999],[76.43639376,10.189846079999999],[76.4365158,10.18966869],[76.43682863999999,10.18926522],[76.43711087999999,10.188632969999999],[76.4372178,10.18759536],[76.43757636,10.1871405],[76.43798819999999,10.186533899999999],[76.43811815999999,10.186078049999999],[76.43835431999999,10.18516734],[76.43846124,10.18473723],[76.43874348,10.18435761],[76.43904875999999,10.184105879999999],[76.43988791999999,10.18365291],[76.44034583999999,10.183300019999999],[76.44075011999999,10.18274499],[76.44108564,10.182163229999999],[76.44111624,10.181782709999998],[76.44109356,10.181326859999999],[76.44092544,10.18071936],[76.44072707999999,10.18018629],[76.4407044,10.179552059999999],[76.44081132,10.178817749999999],[76.4411238,10.17816066],[76.44125376,10.177553159999999],[76.44126132,10.17689418],[76.44116195999999,10.17643833],[76.44096359999999,10.17613314],[76.44099419999999,10.17565155],[76.44104784,10.17522144],[76.44127644,10.17509553],[76.44155112,10.175097509999999],[76.44185639999999,10.17527481],[76.44266495999999,10.17532917],[76.44422915999999,10.17546174],[76.44509135999999,10.175642999999999],[76.44615155999999,10.175874749999998],[76.44660191999999,10.17600444],[76.44685356,10.176258059999999],[76.44686904,10.177195589999998],[76.44692988,10.17889308],[76.44691476,10.18059066],[76.44709008,10.180920599999999],[76.44707496,10.182212819999998],[76.44709008,10.18352988],[76.44728088,10.184746769999999],[76.447296,10.18619064],[76.44725783999999,10.187128979999999],[76.44730392,10.18786338],[76.44760128,10.18832112],[76.447998,10.18905732],[76.4486694,10.190149289999999],[76.44872267999999,10.19026188]]]},"properties":{"CEN_2001":"3208000200082900","SUB_DIST":"Aluva","TYPE":"Village","STATE":"Kerala","NAME":"Vadakkumbhagom","DISTRICT":"Ernakulam"}},
{"type":"Feature","geometry":{"type":"Polygon","coordinates":[[[76.31235504,10.1831274],[76.31539164,10.181002589999999],[76.31832132,10.1806974],[76.32305136,10.18406196],[76.32380664,10.18328472],[76.32431783999999,10.182703949999999],[76.32460008,10.182224249999999],[76.3248366,10.18164159],[76.32476027999999,10.181135159999998],[76.32456984,10.18037412],[76.3241652,10.1798658],[76.32356256,10.179407159999998],[76.32301319999999,10.17872145],[76.3226622,10.17813681],[76.32277667999999,10.17747882],[76.32321155999999,10.176694829999999],[76.32329544,10.17575838],[76.32315072,10.175023079999999],[76.32254807999999,10.17448803],[76.32182304,10.173750839999999],[76.32134244,10.173216779999999],[76.32107531999999,10.172380409999999],[76.32085427999999,10.17136476],[76.32063287999999,10.17079353],[76.3203582,10.170438749999999],[76.3204878,10.170109709999998],[76.32125099999999,10.169707319999999],[76.32206712,10.16917893],[76.32300563999999,10.16889093],[76.32391356,10.16859051],[76.32414252,10.16854092],[76.32424943999999,10.168390259999999],[76.32434844,10.16816238],[76.32427967999999,10.167604469999999],[76.32443232,10.16737749],[76.32484452,10.166720399999999],[76.32533267999999,10.16608806],[76.32576755999999,10.165582619999999],[76.32632448,10.165180229999999],[76.3267518,10.165157279999999],[76.327362,10.16538714],[76.32764424,10.16564751],[76.32772055999999,10.164290399999999],[76.32788076,10.16335296],[76.32804888,10.162239029999999],[76.32820908,10.160922059999999],[76.32819359999999,10.159807229999998],[76.32828504,10.158413849999999],[76.32826236,10.15750215],[76.32826992,10.156767839999999],[76.32826992,10.15656471],[76.32820115999999,10.156387319999999],[76.32779688,10.15625862],[76.32767484,10.155903839999999],[76.32767484,10.15529634],[76.32760608,10.15473843],[76.32746136,10.15405272],[76.32749951999999,10.15309143],[76.32748403999999,10.152180629999998],[76.32663731999999,10.152317969999999],[76.32507312,10.15235802],[76.32383723999999,10.15225506],[76.32167039999999,10.15167906],[76.31776439999999,10.15060329],[76.31151587999999,10.14853383],[76.30744175999999,10.14640236],[76.30514532,10.1438694],[76.30199424,10.14042375],[76.30008695999999,10.13893506],[76.29692831999999,10.137707729999999],[76.29409799999999,10.13725665],[76.29166404,10.137969],[76.28910047999999,10.13997843],[76.2795486,10.146202109999999],[76.27767191999999,10.14731217],[76.27896863999999,10.147681259999999],[76.28092199999999,10.148657759999999],[76.2816924,10.14990615],[76.2818526,10.152048149999999],[76.28095259999999,10.15284825],[76.27996836,10.15300845],[76.27961735999999,10.15333461],[76.27966307999999,10.15386867],[76.2797088,10.15450956],[76.28073119999999,10.15470603],[76.28268419999999,10.15499403],[76.28448492,10.15514091],[76.28529347999999,10.1548071],[76.28627016,10.15446852],[76.28705604,10.15470504],[76.28720075999999,10.15523721],[76.28704056,10.156167],[76.28705604,10.15691562],[76.28824619999999,10.158250769999999],[76.28956595999999,10.15915491],[76.28992452,10.1596842],[76.2898788,10.161004049999999],[76.29035184,10.1620665],[76.29167951999999,10.16311266],[76.292694,10.16462898],[76.29319763999999,10.165262219999999],[76.29450983999999,10.16563221],[76.29510492,10.16530128],[76.29611976,10.16499807],[76.2969438,10.16548344],[76.29759972,10.16661267],[76.2980346,10.167604469999999],[76.29791256,10.16864109],[76.2980958,10.169065439999999],[76.29891984,10.169550899999999],[76.30014023999999,10.170812609999999],[76.30243668,10.17102429],[76.30593119999999,10.17103482],[76.30678547999999,10.171520189999999],[76.30767071999999,10.171683269999999],[76.30774704,10.171966589999998],[76.30747235999999,10.17225738],[76.30719767999999,10.172867759999999],[76.30749503999999,10.173610709999998],[76.30739604,10.174183829999999],[76.30701443999999,10.174617809999999],[76.30652628,10.174697909999999],[76.30604568,10.175455079999999],[76.30594631999999,10.17617031],[76.3060302,10.17695331],[76.3055802,10.17724608],[76.30538184,10.177820189999998],[76.30570223999999,10.17802908],[76.30612955999999,10.17859176],[76.30659467999999,10.1787624],[76.30744175999999,10.17856881],[76.31029511999999,10.178305649999999],[76.31075304,10.17840483],[76.31054676,10.17883683],[76.30941023999999,10.180335959999999],[76.31235504,10.1831274]]]},"properties":{"CEN_2001":"3208000300083500","SUB_DIST":"Paravur","TYPE":"Village","STATE":"Kerala","NAME":"Kunnukara","DISTRICT":"Ernakulam"}},
{"type":"Feature","geometry":{"type":"Polygon","coordinates":[[[76.43118276,10.144800179999999],[76.43049624,10.14507297],[76.42978667999999,10.145881619999999],[76.4290008,10.14702228],[76.42892447999999,10.147278779999999],[76.42858896,10.14841935],[76.42862711999999,10.14966963],[76.42869551999999,10.150074],[76.42906955999999,10.15147206],[76.43041991999999,10.15275951],[76.4334792,10.15592292],[76.44277944,10.16201115],[76.44879144,10.16572662],[76.45415507999999,10.16845794],[76.45471956,10.16750619],[76.45552812,10.165797269999999],[76.45721436,10.16209314],[76.45773312,10.16052624],[76.45699296,10.15938666],[76.45823675999999,10.1577492],[76.45927427999999,10.158460649999999],[76.46074668,10.157463089999998],[76.46207435999999,10.1565189],[76.46617115999999,10.15648272],[76.4659044,10.15484526],[76.46733864,10.15333173],[76.47033708,10.152448649999998],[76.4713134,10.15150356],[76.47164172,10.14973929],[76.47072587999999,10.14898302],[76.46980284,10.14696594],[76.4703828,10.142932859999998],[76.47168744,10.14041232],[76.47219072,10.1337309],[76.47264863999999,10.132345169999999],[76.47205355999999,10.131930359999998],[76.47126768,10.13224509],[76.47114563999999,10.134011249999999],[76.47048935999999,10.13451579],[76.46951304,10.13426397],[76.46892552,10.13300325],[76.4671554,10.132183079999999],[76.46447735999999,10.1324358],[76.46291352,10.13451669],[76.45841207999999,10.13691519],[76.4540406,10.138808249999999],[76.45195763999999,10.14019488],[76.45085135999999,10.141772309999999],[76.44997404,10.14246945],[76.45002731999999,10.142931959999999],[76.4496918,10.14381405],[76.44890592,10.14462378],[76.44801348,10.14491844],[76.4430084,10.14610482],[76.44072707999999,10.14650919],[76.43934648,10.146362309999999],[76.43762964,10.14599421],[76.43460096,10.144742039999999],[76.43280779999999,10.144667609999999],[76.43142684,10.14470478],[76.43118276,10.144800179999999]]]},"properties":{"CEN_2001":"3208000100079600","SUB_DIST":"Kunnathunad","TYPE":"Village","STATE":"Kerala","NAME":"Chelamattom (part)","DISTRICT":"Ernakulam"}},
{"type":"Feature","geometry":{"type":"Polygon","coordinates":[[[76.25365452,10.159435259999999],[76.25374595999999,10.15948197],[76.25415024,10.160133389999999],[76.25422655999999,10.16068554],[76.25382228,10.16110134],[76.25260152,10.162450799999998],[76.25151828,10.164263759999999],[76.25096891999999,10.16551971],[76.25119031999999,10.165911659999999],[76.25145708,10.166065199999998],[76.25234232,10.165824899999999],[76.25478348,10.165496849999998],[76.25855268,10.16546058],[76.26217643999999,10.162912409999999],[76.26816575999999,10.155468959999999],[76.27092732,10.152295109999999],[76.27263624,10.15028766],[76.27767191999999,10.14731217],[76.2795486,10.146202109999999],[76.28910047999999,10.13997843],[76.29166404,10.137969],[76.29409799999999,10.13725665],[76.29692831999999,10.137707729999999],[76.30008695999999,10.13893506],[76.30199424,10.14042375],[76.30514532,10.1438694],[76.30744175999999,10.14640236],[76.31151587999999,10.14853383],[76.31776439999999,10.15060329],[76.32167039999999,10.15167906],[76.32383723999999,10.15225506],[76.32507312,10.15235802],[76.32663731999999,10.152317969999999],[76.32748403999999,10.152180629999998],[76.32807156,10.15208622],[76.32848376,10.14386841],[76.32852156,10.14208416],[76.327362,10.14024924],[76.32719424,10.13904],[76.32780444,10.13738922],[76.32904067999999,10.13558481],[76.32973476,10.133047079999999],[76.3299486,10.13064768],[76.33070387999999,10.129565249999999],[76.33073411999999,10.126997009999998],[76.33064268,10.12585833],[76.33014696,10.125652319999999],[76.32746136,10.12569813],[76.32527148,10.125378629999998],[76.32341783999999,10.124197919999999],[76.3218612,10.12415409],[76.32128915999999,10.123877519999999],[76.32112896,10.12210848],[76.31910719999999,10.12232304],[76.31759627999999,10.122396479999999],[76.3170624,10.12300209],[76.31607815999999,10.12313844],[76.31388107999999,10.12312791],[76.31279748,10.12340925],[76.31179055999999,10.1238804],[76.31163036,10.124383949999999],[76.31175995999999,10.12485888],[76.31291196,10.125984149999999],[76.31308763999999,10.126626029999999],[76.31269848,10.127134349999999],[76.31251524,10.127757059999999],[76.31276688,10.12839696],[76.31334684,10.129102739999999],[76.31327807999999,10.129486049999999],[76.3130034,10.12987332],[76.31257644,10.12992768],[76.30886088,10.129299119999999],[76.30841052,10.12952232],[76.30840296,10.130286239999998],[76.3086852,10.131425819999999],[76.30921943999999,10.132418609999998],[76.30952436,10.13372703],[76.30881516,10.1350269],[76.30715952,10.136057849999998],[76.30668648,10.1361618],[76.30615979999999,10.135955789999999],[76.30577856,10.135603889999999],[76.30579368,10.13515092],[76.30588548,10.134791369999999],[76.30584732,10.134170549999999],[76.30515288,10.13368221],[76.30213932,10.13251689],[76.30137647999999,10.132363349999999],[76.30055999999999,10.132926029999998],[76.30004124,10.13279058],[76.29922476,10.13230422],[76.29841619999999,10.13203242],[76.29789744,10.132017119999999],[76.29777539999999,10.13205339],[76.29767604,10.13200281],[76.29643259999999,10.13127615],[76.29447168,10.130454089999999],[76.29335028,10.128974939999999],[76.29325884,10.127728439999998],[76.29359436,10.12647537],[76.29428087999999,10.12549977],[76.29472367999999,10.12456512],[76.2946776,10.12388895],[76.29460128,10.12353327],[76.29381576,10.12297626],[76.29345719999999,10.12259007],[76.29273216,10.121425649999999],[76.29223644,10.12132737],[76.29192359999999,10.12154679],[76.28963472,10.12425993],[76.28824619999999,10.12553217],[76.2875136,10.12593744],[76.28701788,10.125873539999999],[76.2860106,10.124714879999999],[76.28582772,10.12429044],[76.2853698,10.124333369999999],[76.28393555999999,10.124682389999998],[76.28340132,10.123712549999999],[76.28306579999999,10.1233854],[76.28095259999999,10.12399389],[76.27973184,10.124443979999999],[76.27874003999999,10.124412569999999],[76.2774048,10.12386321],[76.27582548,10.122602489999998],[76.27481856,10.12161735],[76.2732774,10.12011624],[76.27247604,10.12003425],[76.27116384,10.12082004],[76.26972959999999,10.121121449999999],[76.26947003999999,10.1224899],[76.26945492,10.123474139999999],[76.26969143999999,10.123769789999999],[76.27010328,10.12396626],[76.27035527999999,10.124224649999999],[76.27031712,10.12459374],[76.27014143999999,10.12488939],[76.27010328,10.12529466],[76.27014143999999,10.125685709999999],[76.27019508,10.12618728],[76.2700194,10.12677669],[76.26980592,10.12701132],[76.26937104,10.12720779],[76.26869964,10.127244959999999],[76.26772296,10.12717728],[76.26741012,10.127348909999998],[76.26714335999999,10.12769505],[76.26702132,10.12811283],[76.2670134,10.128433229999999],[76.26686111999999,10.128727889999999],[76.26578508,10.13000391],[76.26570876,10.13018994],[76.26566303999999,10.13039397],[76.26569364,10.13057037],[76.26582323999999,10.130745869999998],[76.26597588,10.130833619999999],[76.26628115999999,10.130857469999999],[76.26708972,10.1307087],[76.26721176,10.13074209],[76.26730355999999,10.130830739999999],[76.26734171999999,10.13097474],[76.26734171999999,10.131096869999999],[76.26724236,10.131340049999999],[76.26686867999999,10.132101089999999],[76.26639564,10.13275242],[76.2661818,10.13292315],[76.2659532,10.13300613],[76.26578508,10.13314338],[76.26564035999999,10.133362799999999],[76.26530448,10.134206729999999],[76.26525876,10.134333629999999],[76.26516731999999,10.13435838],[76.26496139999999,10.13431644],[76.26474755999999,10.13430213],[76.26458736,10.13440986],[76.264389,10.1346273],[76.26403044,10.134822869999999],[76.26395412,10.13494491],[76.26392351999999,10.13513661],[76.26396168,10.1355381],[76.26405348,10.135793699999999],[76.26418308,10.13594436],[76.26432023999999,10.136091239999999],[76.26433571999999,10.13617989],[76.26428208,10.13653377],[76.26416796,10.13682942],[76.26368699999999,10.1375055],[76.26342023999999,10.137893669999999],[76.26318372,10.13811777],[76.2627564,10.138673789999999],[76.26251232,10.13891409],[76.26239783999999,10.13895702],[76.26216131999999,10.13903334],[76.26206988,10.139103899999999],[76.26199356,10.13919831],[76.26197051999999,10.139343299999998],[76.26200868,10.139615999999998],[76.2621156,10.139891579999999],[76.26210768,10.140024149999999],[76.26204684,10.14011667],[76.26193235999999,10.14017391],[76.26181788,10.14019299],[76.26128399999999,10.140162479999999],[76.26113892,10.140162479999999],[76.26106259999999,10.140241589999999],[76.26103956,10.14030837],[76.26100932,10.140454259999998],[76.26065831999999,10.14125445],[76.26065075999999,10.141404119999999],[76.26066587999999,10.14165018],[76.26078792,10.14284511],[76.26087935999999,10.144151729999999],[76.26088727999999,10.144638089999999],[76.26081096,10.14548679],[76.26120768,10.147784219999998],[76.26098628,10.14799023],[76.26051324,10.148438429999999],[76.26025403999999,10.14979842],[76.2590484,10.1498184],[76.258629,10.149896609999999],[76.25782007999999,10.152050039999999],[76.25655359999999,10.15257069],[76.25588219999999,10.15443711],[76.25399795999999,10.15568163],[76.25365452,10.156257629999999],[76.25368512,10.158111539999998],[76.25365452,10.159435259999999]]]},"properties":{"CEN_2001":"3208000300083600","SUB_DIST":"Paravur","TYPE":"Village","STATE":"Kerala","NAME":"Karumalloor","DISTRICT":"Ernakulam"}},
{"type":"Feature","geometry":{"type":"Polygon","coordinates":[[[76.33322136,10.15262127],[76.3338852,10.15343289],[76.33441151999999,10.154474279999999],[76.33476252,10.154906279999999],[76.33475496,10.155285809999999],[76.33457964,10.15563969],[76.33459475999999,10.15639974],[76.33469376,10.15688232],[76.33506779999999,10.1575422],[76.33546451999999,10.1581011],[76.33634183999999,10.1590929],[76.33676159999999,10.159728029999998],[76.3373412,10.1599083],[76.33822644,10.15998741],[76.33901232,10.1599398],[76.33939355999999,10.159460099999999],[76.34013372,10.15888023],[76.34087387999999,10.15840242],[76.34123244,10.15794657],[76.34156039999999,10.157873129999999],[76.34216303999999,10.158356699999999],[76.34281175999999,10.159246439999999],[76.34343708,10.15990731],[76.34381112,10.16026308],[76.34429172,10.16051868],[76.34461968,10.160545319999999],[76.34558088,10.160296469999999],[76.34629043999999,10.159843409999999],[76.347252,10.15964415],[76.34849544,10.15954785],[76.34847275999999,10.15891362],[76.34857932,10.15863606],[76.34878524,10.15853499],[76.34900664,10.15866279],[76.34915928,10.158865919999998],[76.34943396,10.158817319999999],[76.34951027999999,10.15869042],[76.34951783999999,10.15856361],[76.3493958,10.15782831],[76.34972375999999,10.157575589999999],[76.35005172,10.15750215],[76.350258,10.15750314],[76.35035699999999,10.15732575],[76.35038759999999,10.157250419999999],[76.35031884,10.15664103],[76.35029616,10.15608402],[76.35030372,10.15565301],[76.35060899999999,10.1553507],[76.35113532,10.155150449999999],[76.35250871999999,10.154801339999999],[76.35331728,10.15462683],[76.35594924,10.15440939],[76.35964211999999,10.15422156],[76.36280076,10.154285459999999],[76.36470048,10.15419195],[76.36555476,10.15419483],[76.36648572,10.154426579999999],[76.36732488,10.154557259999999],[76.36755384,10.15443135],[76.36775976,10.153747529999999],[76.367691,10.15321635],[76.3675614,10.152935999999999],[76.36759199999999,10.15273377],[76.36774428,10.152607949999998],[76.36812588,10.15220358],[76.36817916,10.152001349999999],[76.36830911999999,10.15177437],[76.36848443999999,10.151673299999999],[76.36871339999999,10.151674289999999],[76.36894235999999,10.151675189999999],[76.36921704,10.15159986],[76.36955255999999,10.15109541],[76.36958315999999,10.150867439999999],[76.36943052,10.15043643],[76.36930848,10.14985278],[76.36914071999999,10.14939594],[76.36849199999999,10.14860817],[76.36761467999999,10.147793759999999],[76.36716467999999,10.146904919999999],[76.36653899999999,10.146141989999999],[76.36598964,10.14545628],[76.36571495999999,10.14507486],[76.36569227999999,10.144770659999999],[76.36579884,10.14459417],[76.36607352,10.14457032],[76.36665348,10.144749599999999],[76.36721039999999,10.144953719999998],[76.36806503999999,10.145338019999999],[76.36894235999999,10.145772],[76.36990356,10.14602949],[76.37078844,10.145981789999999],[76.37097168,10.14570423],[76.37102496,10.14522264],[76.37097924,10.14451407],[76.37130719999999,10.14424893],[76.37138352,10.144097369999999],[76.37139144,10.14389514],[76.37118516,10.14376734],[76.37100984,10.143665279999999],[76.37100984,10.14346215],[76.37117004,10.143235169999999],[76.37132267999999,10.14310935],[76.37132267999999,10.14295671],[76.37119308,10.142804159999999],[76.37110127999999,10.142475119999999],[76.37130719999999,10.141968689999999],[76.37153615999999,10.141691219999998],[76.37214671999999,10.14149097],[76.3725204,10.14149187],[76.37295528,10.14141843],[76.3733826,10.1411667],[76.37343587999999,10.140938729999998],[76.37326055999999,10.14068511],[76.37298587999999,10.14058206],[76.37273424,10.1403027],[76.3727418,10.13989734],[76.37291712,10.139670359999998],[76.37314608,10.139518709999999],[76.37352768,10.139216399999999],[76.37388623999999,10.13893893],[76.37403852,10.138483979999998],[76.37414543999999,10.138357169999999],[76.37416848,10.138078709999998],[76.37390135999999,10.137621869999998],[76.37370299999999,10.13698773],[76.37385563999999,10.136329649999999],[76.37393952,10.135306349999999],[76.37368787999999,10.13535027],[76.37283323999999,10.13539698],[76.37204736,10.135520909999999],[76.37129207999999,10.135466549999999],[76.37088779999999,10.135439909999999],[76.37048352,10.13521095],[76.37046047999999,10.13477994],[76.37049108,10.13401989],[76.37052168,10.13103108],[76.37062067999999,10.12844655],[76.37047559999999,10.12707234],[76.37047559999999,10.12707423],[76.37032332,10.127137139999999],[76.36928544,10.12677768],[76.36869035999999,10.126456289999998],[76.36841568,10.126143449999999],[76.36796568,10.124900819999999],[76.36790484,10.12424751],[76.36800384,10.12388994],[76.36832423999999,10.123496999999999],[76.36893479999999,10.1231928],[76.36947624,10.123014419999999],[76.36988844,10.12267395],[76.37016312,10.122262919999999],[76.37028516,10.121668829999999],[76.37026211999999,10.121363639999998],[76.37007132,10.121042249999999],[76.37002559999999,10.12100409],[76.36983479999999,10.120826699999999],[76.36933151999999,10.120665509999998],[76.36827851999999,10.12068369],[76.36771404,10.120718969999999],[76.36711104,10.12083723],[76.36634063999999,10.120586399999999],[76.36528763999999,10.120209659999999],[76.36483007999999,10.11990546],[76.36416623999999,10.11935898],[76.36344156,10.11855411],[76.36311323999999,10.118321459999999],[76.362831,10.11817836],[76.36195368,10.118124],[76.36138163999999,10.118054429999999],[76.36098491999999,10.11792942],[76.36051187999999,10.117893239999999],[76.35966479999999,10.11798189],[76.35856643999999,10.118321459999999],[76.35665879999999,10.119017609999998],[76.35539231999999,10.11966228],[76.35021984,10.1250954],[76.34953295999999,10.12545963],[76.34865563999999,10.12548825],[76.34754179999999,10.125599849999999],[76.34323115999999,10.12545774],[76.34228508,10.125485459999998],[76.34154527999999,10.125624689999999],[76.34111795999999,10.12604715],[76.3403778,10.127114279999999],[76.33931724,10.12806801],[76.33874519999999,10.12938786],[76.33827971999999,10.1315727],[76.337982,10.134153359999999],[76.33829483999999,10.13752458],[76.33826459999999,10.13780214],[76.33770768,10.14058206],[76.33763135999999,10.14157107],[76.33769219999999,10.14381603],[76.3378218,10.14464475],[76.33776852,10.146229739999999],[76.33768463999999,10.1478357],[76.3375932,10.148336369999999],[76.33738692,10.148729309999998],[76.33634939999999,10.150005329999999],[76.33508291999999,10.15135767],[76.3340454,10.152239759999999],[76.3336638,10.15244199],[76.33322136,10.15262127]]]},"properties":{"CEN_2001":"3208000240803000","SUB_DIST":"Aluva","TYPE":"Town","STATE":"Kerala","NAME":"Chengamanad","DISTRICT":"Ernakulam"}},
{"type":"Feature","geometry":{"type":"Polygon","coordinates":[[[76.39588151999999,10.15106103],[76.3959654,10.151427239999999],[76.3962174,10.152048149999999],[76.39669044,10.152607949999998],[76.39678187999999,10.15321635],[76.39693451999999,10.153697939999999],[76.3973082,10.154308319999998],[76.39818588,10.1549187],[76.39865891999999,10.155175199999999],[76.39899444,10.155176189999999],[76.39926912,10.155177089999999],[76.39946748,10.155254399999999],[76.39956647999999,10.15545654],[76.40010072,10.15550991],[76.40083295999999,10.155309659999999],[76.40149679999999,10.154957759999999],[76.402008,10.154479049999999],[76.40231328,10.15399935],[76.40279387999999,10.15392492],[76.40325179999999,10.15405272],[76.40395344,10.154208149999999],[76.4046324,10.154336939999999],[76.40524296,10.15461828],[76.40545644,10.155582449999999],[76.40557847999999,10.156443569999999],[76.40592948,10.15699005],[76.40624987999999,10.15744689],[76.40644823999999,10.157574689999999],[76.4068068,10.157602319999999],[76.40726472,10.15750215],[76.40738676,10.15727517],[76.40739432,10.15704729],[76.40744004,10.156819319999999],[76.40760024,10.156768829999999],[76.40771472,10.156822199999999],[76.40780652,10.155961979999999],[76.40783676,10.15502454],[76.40764632,10.15446663],[76.40755451999999,10.15335846],[76.40748611999999,10.15252209],[76.40756999999999,10.15115355],[76.4076384,10.149456959999998],[76.40785224,10.14786054],[76.40792099999999,10.145935979999999],[76.40818775999999,10.14451884],[76.40827956,10.143151289999999],[76.40849304,10.141505279999999],[76.40845488,10.14003468],[76.40852364,10.138489739999999],[76.40845488,10.13745114],[76.40846244,10.136763539999999],[76.40795915999999,10.13661576],[76.40730287999999,10.136360159999999],[76.40687555999999,10.13602923],[76.40634924,10.13574789],[76.40605151999999,10.13531688],[76.40604395999999,10.133365589999999],[76.4059068,10.13181975],[76.40579987999999,10.12946319],[76.4058762,10.1267271],[76.40583047999999,10.126170179999999],[76.40558639999999,10.125357659999999],[76.40551764,10.12426758],[76.40534987999999,10.12335588],[76.40531172,10.12229064],[76.40515907999999,10.120562549999999],[76.4040222,10.121068979999999],[76.39494336,10.12393476],[76.39199063999999,10.1242647],[76.39060968,10.1242647],[76.38888564,10.12378599],[76.38414768,10.12253382],[76.382469,10.122443189999998],[76.38062292,10.12297914],[76.37928011999999,10.123659089999999],[76.37863175999999,10.123873739999999],[76.37770836,10.12402629],[76.37694551999999,10.124044379999999],[76.37631984,10.1239452],[76.37496947999999,10.12340835],[76.37387075999999,10.12291524],[76.37339772,10.122772229999999],[76.37270364,10.12273596],[76.37197859999999,10.12287042],[76.37145984,10.123120349999999],[76.371147,10.123280549999999],[76.37094864,10.12348746],[76.37093352,10.12366584],[76.37104043999999,10.123908029999999],[76.37190263999999,10.12512402],[76.3720092,10.12525938],[76.37200164,10.12548159],[76.37146775999999,10.12617972],[76.37091047999999,10.12679676],[76.37047559999999,10.12707234],[76.37062067999999,10.12844655],[76.37052168,10.13103108],[76.37049108,10.13401989],[76.37046047999999,10.13477994],[76.37048352,10.13521095],[76.37088779999999,10.135439909999999],[76.37129207999999,10.135466549999999],[76.37204736,10.135520909999999],[76.37283323999999,10.13539698],[76.37368787999999,10.13535027],[76.37393952,10.135306349999999],[76.37508396,10.13510322],[76.37581619999999,10.13477616],[76.37642676,10.13467689],[76.37718204,10.13480667],[76.377411,10.135036439999999],[76.37808996,10.135495169999999],[76.37846363999999,10.13564781],[76.3787232,10.135547639999999],[76.37876892,10.13539599],[76.37902847999999,10.13483997],[76.37918868,10.134333629999999],[76.37956992,10.133980739999998],[76.38005052,10.133551619999999],[76.38023376,10.133147249999999],[76.38031008,10.132767719999999],[76.38052356,10.132235549999999],[76.38097391999999,10.131959879999998],[76.3815078,10.131834959999999],[76.3819884,10.13183685],[76.38231671999999,10.13186358],[76.38272099999999,10.132093439999998],[76.38317099999999,10.132526429999999],[76.38323976,10.13313393],[76.38343812,10.13354019],[76.38384239999999,10.13369373],[76.3841934,10.133847269999999],[76.38507827999999,10.13395212],[76.38558948,10.133776619999999],[76.38622271999999,10.133577359999999],[76.38726059999999,10.13342859],[76.38877871999999,10.13348583],[76.38948072,10.13358978],[76.39008335999999,10.133846279999998],[76.39043436,10.13440518],[76.39053335999999,10.13491152],[76.39047251999999,10.135494269999999],[76.3901442,10.13599971],[76.38939683999999,10.13718699],[76.38863364,10.138274189999999],[76.3882218,10.13882922],[76.38788591999999,10.139536889999999],[76.38782508,10.14044859],[76.38806916,10.141261109999999],[76.38874811999999,10.14222618],[76.3888932,10.142581949999999],[76.38901523999999,10.143317249999999],[76.38895403999999,10.144609469999999],[76.38894648,10.145090069999998],[76.38911424,10.14564798],[76.38949584,10.14603039],[76.39009847999999,10.146335579999999],[76.39073171999999,10.14656733],[76.39151004,10.14674661],[76.39211268,10.146951719999999],[76.39294428,10.14728544],[76.39357752,10.14761736],[76.39425648,10.14810084],[76.39477524,10.14868638],[76.39565291999999,10.150158869999999],[76.39584336,10.150894169999999],[76.39588151999999,10.15106103]]]},"properties":{"CEN_2001":"3208000240804000","SUB_DIST":"Aluva","TYPE":"Town","STATE":"Kerala","NAME":"Chowwara","DISTRICT":"Ernakulam"}},
{"type":"Feature","geometry":{"type":"Polygon","coordinates":[[[76.32807156,10.15208622],[76.32968147999999,10.15182684],[76.33005516,10.15182396],[76.33051307999999,10.151941319999999],[76.33106244,10.152186389999999],[76.33209996,10.15270713],[76.3326036,10.15273953],[76.33308419999999,10.15267563],[76.33322136,10.15262127],[76.3336638,10.15244199],[76.3340454,10.152239759999999],[76.33508291999999,10.15135767],[76.33634939999999,10.150005329999999],[76.33738692,10.148729309999998],[76.3375932,10.148336369999999],[76.33768463999999,10.1478357],[76.33776852,10.146229739999999],[76.3378218,10.14464475],[76.33769219999999,10.14381603],[76.33763135999999,10.14157107],[76.33770768,10.14058206],[76.33826459999999,10.13780214],[76.33829483999999,10.13752458],[76.337982,10.134153359999999],[76.33827971999999,10.1315727],[76.33874519999999,10.12938786],[76.33931724,10.12806801],[76.3403778,10.127114279999999],[76.34111795999999,10.12604715],[76.34154527999999,10.125624689999999],[76.34228508,10.125485459999998],[76.34323115999999,10.12545774],[76.34754179999999,10.125599849999999],[76.34865563999999,10.12548825],[76.34953295999999,10.12545963],[76.35021984,10.1250954],[76.35539231999999,10.11966228],[76.35665879999999,10.119017609999998],[76.35856643999999,10.118321459999999],[76.35966479999999,10.11798189],[76.36051187999999,10.117893239999999],[76.36098491999999,10.11792942],[76.36138163999999,10.118054429999999],[76.36195368,10.118124],[76.362831,10.11817836],[76.36311323999999,10.118321459999999],[76.36344156,10.11855411],[76.36416623999999,10.11935898],[76.36483007999999,10.11990546],[76.36528763999999,10.120209659999999],[76.36634063999999,10.120586399999999],[76.36711104,10.12083723],[76.36771404,10.120718969999999],[76.36827851999999,10.12068369],[76.36933151999999,10.120665509999998],[76.36983479999999,10.120826699999999],[76.37002559999999,10.12100409],[76.37062067999999,10.11889935],[76.37017824,10.11596301],[76.36917131999999,10.11226563],[76.36751568,10.107621179999999],[76.36593635999999,10.105057709999999],[76.36378463999999,10.102871879999999],[76.36030595999999,10.10030175],[76.3595658,10.09916307],[76.35948948,10.096890479999999],[76.36055759999999,10.09339236],[76.36247999999999,10.09008594],[76.36438763999999,10.08848385],[76.36458599999999,10.0874691],[76.36146552,10.08762075],[76.35757464,10.089688319999999],[76.35538475999999,10.09147743],[76.35166919999999,10.094491979999999],[76.3488234,10.096373519999998],[76.34519963999999,10.09897992],[76.345497,10.099208789999999],[76.34558088,10.099286999999999],[76.34582531999999,10.099713329999998],[76.34589371999999,10.099828709999999],[76.34606183999999,10.10037231],[76.34614572,10.10059074],[76.34629835999999,10.101636899999999],[76.34635164,10.1022444],[76.34650427999999,10.10355381],[76.3466112,10.103927579999999],[76.34668715999999,10.1041479],[76.34750364,10.10600757],[76.3476714,10.106615069999998],[76.3476714,10.1067696],[76.34768688,10.107376109999999],[76.34754935999999,10.107750869999998],[76.34647367999999,10.109997719999999],[76.3463898,10.1106567],[76.3463898,10.111122089999999],[76.34163672,10.1122389],[76.33869947999999,10.114005059999998],[76.33773792,10.113736139999999],[76.33707444,10.11388968],[76.33698263999999,10.11474801],[76.33703627999999,10.115710289999999],[76.33695995999999,10.11742308],[76.33665468,10.118318579999999],[76.3356096,10.119263669999999],[76.33357991999999,10.11997701],[76.33251935999999,10.12003137],[76.3311006,10.11941334],[76.32933048,10.119264569999999],[76.326912,10.12019823],[76.32501228,10.12055202],[76.32209015999999,10.120958369999999],[76.32090756,10.12188627],[76.32112104,10.12202739],[76.32112896,10.12210848],[76.32128915999999,10.123877519999999],[76.3218612,10.12415409],[76.32341783999999,10.124197919999999],[76.32527148,10.125378629999998],[76.32746136,10.12569813],[76.33014696,10.125652319999999],[76.33064268,10.12585833],[76.33073411999999,10.126997009999998],[76.33070387999999,10.129565249999999],[76.3299486,10.13064768],[76.32973476,10.133047079999999],[76.32904067999999,10.13558481],[76.32780444,10.13738922],[76.32719424,10.13904],[76.327362,10.14024924],[76.32852156,10.14208416],[76.32848376,10.14386841],[76.32807156,10.15208622]]]},"properties":{"CEN_2001":"3208000240805000","SUB_DIST":"Aluva","TYPE":"Town","STATE":"Kerala","NAME":"Aluva","DISTRICT":"Ernakulam"}},
{"type":"Feature","geometry":{"type":"Polygon","coordinates":[[[76.26098628,10.14799023],[76.26120768,10.147784219999998],[76.26081096,10.14548679],[76.26088727999999,10.144638089999999],[76.26087935999999,10.144151729999999],[76.26078792,10.14284511],[76.26066587999999,10.14165018],[76.26065075999999,10.141404119999999],[76.26065831999999,10.14125445],[76.26100932,10.140454259999998],[76.26103956,10.14030837],[76.26106259999999,10.140241589999999],[76.26113892,10.140162479999999],[76.26128399999999,10.140162479999999],[76.26181788,10.14019299],[76.26193235999999,10.14017391],[76.26204684,10.14011667],[76.26210768,10.140024149999999],[76.2621156,10.139891579999999],[76.26200868,10.139615999999998],[76.26197051999999,10.139343299999998],[76.26199356,10.13919831],[76.26206988,10.139103899999999],[76.26216131999999,10.13903334],[76.26239783999999,10.13895702],[76.26251232,10.13891409],[76.2627564,10.138673789999999],[76.26318372,10.13811777],[76.26342023999999,10.137893669999999],[76.26368699999999,10.1375055],[76.26416796,10.13682942],[76.26428208,10.13653377],[76.26433571999999,10.13617989],[76.26432023999999,10.136091239999999],[76.26418308,10.13594436],[76.26405348,10.135793699999999],[76.26396168,10.1355381],[76.26392351999999,10.13513661],[76.26395412,10.13494491],[76.26403044,10.134822869999999],[76.264389,10.1346273],[76.26458736,10.13440986],[76.26474755999999,10.13430213],[76.26496139999999,10.13431644],[76.26516731999999,10.13435838],[76.26525876,10.134333629999999],[76.26530448,10.134206729999999],[76.26564035999999,10.133362799999999],[76.26578508,10.13314338],[76.2659532,10.13300613],[76.2661818,10.13292315],[76.26639564,10.13275242],[76.26686867999999,10.132101089999999],[76.26724236,10.131340049999999],[76.26734171999999,10.131096869999999],[76.26734171999999,10.13097474],[76.26730355999999,10.130830739999999],[76.26721176,10.13074209],[76.26708972,10.1307087],[76.26628115999999,10.130857469999999],[76.26597588,10.130833619999999],[76.26582323999999,10.130745869999998],[76.26569364,10.13057037],[76.26566303999999,10.13039397],[76.26570876,10.13018994],[76.26578508,10.13000391],[76.26686111999999,10.128727889999999],[76.2670134,10.128433229999999],[76.26702132,10.12811283],[76.26714335999999,10.12769505],[76.26741012,10.127348909999998],[76.26772296,10.12717728],[76.26869964,10.127244959999999],[76.26937104,10.12720779],[76.26980592,10.12701132],[76.2700194,10.12677669],[76.27019508,10.12618728],[76.27014143999999,10.125685709999999],[76.27010328,10.12529466],[76.27014143999999,10.12488939],[76.27031712,10.12459374],[76.27035527999999,10.124224649999999],[76.27010328,10.12396626],[76.26969143999999,10.123769789999999],[76.26945492,10.123474139999999],[76.26947003999999,10.1224899],[76.26972959999999,10.121121449999999],[76.26977532,10.12087629],[76.27007304,10.12003038],[76.27030164,10.11948876],[76.27024836,10.118776319999998],[76.26995099999999,10.11801438],[76.268799,10.11631302],[76.26811968,10.115648279999998],[76.26754763999999,10.11547467],[76.26709763999999,10.11545082],[76.26600647999999,10.11531357],[76.26475511999999,10.11513141],[76.26431267999999,10.114602119999999],[76.26412187999999,10.11277485],[76.26482388,10.109860379999999],[76.2677154,10.10375307],[76.26823415999999,10.10289195],[76.26838679999999,10.10105892],[76.26796739999999,10.09857366],[76.26748644,10.09795095],[76.26604463999999,10.097534159999999],[76.26483144,10.09749222],[76.26454163999999,10.097181359999999],[76.26458736,10.09617138],[76.2644196,10.095511409999999],[76.2630768,10.09528164],[76.25856024,10.09416006],[76.25658419999999,10.09394172],[76.25589767999999,10.093764329999999],[76.25564568,10.09361079],[76.25563812,10.09323216],[76.25611871999999,10.09272861],[76.25644668,10.09158804],[76.25654603999999,10.090072619999999],[76.25650032,10.088958779999999],[76.2557526,10.08563229],[76.25546279999999,10.08460332],[76.25496672,10.08380511],[76.25433348,10.08341595],[76.25126664,10.082486159999998],[76.2498018,10.08201888],[76.24880963999999,10.081356029999998],[76.24826064,10.08086589],[76.24789416,10.07962227],[76.24773395999999,10.07751366],[76.24768823999999,10.07668593],[76.24777212,10.07624718],[76.24793231999999,10.07589438],[76.248207,10.07549091],[76.24872576,10.075133339999999],[76.24939716,10.07479098],[76.25033567999999,10.074586859999998],[76.25149524,10.074211109999998],[76.25200643999999,10.07386974],[76.25260152,10.07287407],[76.25365452,10.07157897],[76.25386044,10.071248039999999],[76.25386044,10.07109738],[76.25372327999999,10.07086275],[76.25344068,10.070711099999999],[76.25295252,10.070706329999998],[76.25294496,10.070706329999998],[76.25205215999999,10.07123373],[76.25051891999999,10.072358099999999],[76.24810043999999,10.074643109999998],[76.2472152,10.075325939999999],[76.24617011999999,10.07515332],[76.24304964,10.07482527],[76.24172988,10.074991229999998],[76.24089036,10.075912469999999],[76.2402726,10.078309079999999],[76.23990647999999,10.079127269999999],[76.23897552,10.0800486],[76.23829656,10.08135036],[76.23845675999999,10.08258822],[76.23902124,10.085154569999998],[76.23891431999999,10.08716202],[76.23935712,10.088204399999999],[76.24073016,10.091330549999999],[76.24099727999999,10.09323504],[76.24064627999999,10.09453014],[76.23948671999999,10.095837569999999],[76.23751824,10.096921889999999],[76.23616788,10.09785177],[76.23493956,10.100641229999999],[76.23471816,10.10164734],[76.23521423999999,10.102974929999998],[76.23532872,10.10421369],[76.23492444,10.10541438],[76.23361224,10.108778039999999],[76.23293292,10.11024477],[76.23154439999999,10.11081789],[76.23113255999999,10.11149307],[76.23023219999999,10.111744889999999],[76.22960651999999,10.112255099999999],[76.22965224,10.11264705],[76.22973648,10.11378573],[76.22993484,10.114816679999999],[76.22976672,10.115389799999999],[76.22901144,10.11658005],[76.22763047999999,10.118350979999999],[76.22680679999999,10.11979197],[76.22672256,10.1201391],[76.22667684,10.12032891],[76.22675316,10.12075614],[76.22702027999999,10.12189194],[76.22784431999999,10.122555689999999],[76.22923284,10.123280549999999],[76.23023975999999,10.12440393],[76.23120888,10.125279449999999],[76.23454283999999,10.12850289],[76.23526752,10.12941837],[76.2353514,10.13020137],[76.23635868,10.131181739999999],[76.23608399999999,10.13165001],[76.23612216,10.1319714],[76.23651887999999,10.132391969999999],[76.23648827999999,10.132856369999999],[76.23617544,10.133040419999999],[76.23578628,10.13304618],[76.23448164,10.1331396],[76.2339708,10.13396931],[76.23395531999999,10.13539599],[76.23448956,10.135706939999999],[76.23460404,10.13620473],[76.23437507999999,10.13720706],[76.23385632,10.13785839],[76.23386388,10.13828562],[76.23415367999999,10.138815899999999],[76.23402408,10.13931657],[76.23419184,10.14109704],[76.23484812,10.14208416],[76.23563399999999,10.1424627],[76.23626723999999,10.142523809999998],[76.23718271999999,10.14257907],[76.23789984,10.14327999],[76.23879228,10.143586169999999],[76.23950183999999,10.143965699999999],[76.24079135999999,10.14515595],[76.24234763999999,10.14534378],[76.24443816,10.14570045],[76.24776456,10.14599988],[76.2521058,10.146032369999999],[76.25241072,10.145277989999999],[76.25289923999999,10.145197889999999],[76.25569139999999,10.145257919999999],[76.25717171999999,10.144983329999999],[76.25729376,10.146085739999998],[76.25761415999999,10.146329909999999],[76.25895695999999,10.14655689],[76.26005568,10.146822929999999],[76.26098628,10.14799023]]]},"properties":{"CEN_2001":"3208000340810000","SUB_DIST":"Paravur","TYPE":"Town","STATE":"Kerala","NAME":"Kottuvally","DISTRICT":"Ernakulam"}},
{"type":"Feature","geometry":{"type":"Polygon","coordinates":[[[76.43118276,10.144800179999999],[76.43142684,10.14470478],[76.43280779999999,10.144667609999999],[76.43460096,10.144742039999999],[76.43762964,10.14599421],[76.43934648,10.146362309999999],[76.44072707999999,10.14650919],[76.4430084,10.14610482],[76.44801348,10.14491844],[76.44890592,10.14462378],[76.4496918,10.14381405],[76.45002731999999,10.142931959999999],[76.44997404,10.14246945],[76.44992076,10.14201162],[76.44898223999999,10.13987925],[76.44898223999999,10.139511149999999],[76.4492112,10.138738589999999],[76.45010364,10.138003379999999],[76.45309452,10.136200859999999],[76.45593276,10.134472859999999],[76.45649723999999,10.13392161],[76.45709232,10.133039429999998],[76.45705416,10.131936029999999],[76.45687092,10.13035392],[76.4563752,10.12874031],[76.45562747999999,10.12671657],[76.45477283999999,10.12561416],[76.45406328,10.1245842],[76.45327775999999,10.12270833],[76.4523468,10.121825249999999],[76.45210272,10.1216583],[76.45133987999999,10.121128109999999],[76.44802104,10.11995028],[76.44596111999999,10.11932469],[76.44503015999999,10.119288419999998],[76.44402323999999,10.1194353],[76.43962871999999,10.122095069999999],[76.43820204,10.122719759999999],[76.43737044,10.122795089999999],[76.43739312,10.12408065],[76.43731679999999,10.124663309999999],[76.43703456,10.12489029],[76.43675232,10.125142109999999],[76.43659968,10.12547115],[76.43659212,10.1262312],[76.43640887999999,10.12693977],[76.43609604,10.127648339999999],[76.43553912,10.128404609999999],[76.43472299999999,10.129137029999999],[76.4339598,10.129538519999999],[76.43342591999999,10.13005638],[76.43273148,10.13111784],[76.43237291999999,10.131774929999999],[76.43190779999999,10.13288787],[76.43164824,10.133696519999999],[76.43153376,10.13450814],[76.43129723999999,10.135469429999999],[76.430916,10.135823219999999],[76.4305344,10.13615037],[76.43010708,10.1364021],[76.42474379999999,10.1364822],[76.42363752,10.13647743],[76.42367567999999,10.137249989999999],[76.42366776,10.138213169999998],[76.42373651999999,10.138542209999999],[76.42396547999999,10.13874624],[76.42416383999999,10.13887314],[76.42444608,10.139000849999999],[76.42453752,10.13930604],[76.42462932,10.14039513],[76.42475135999999,10.14128307],[76.42476647999999,10.142017379999999],[76.42486584,10.14229683],[76.42521683999999,10.142475119999999],[76.42552176,10.1425266],[76.42582703999999,10.14235119],[76.42613232,10.14227577],[76.42658988,10.14217659],[76.42711655999999,10.1422548],[76.42754352,10.142535239999999],[76.42814652,10.143044459999999],[76.42874916,10.143478349999999],[76.42927548,10.14385986],[76.42985544,10.143962819999999],[76.43118276,10.144800179999999]]]},"properties":{"CEN_2001":"3208000200083000","SUB_DIST":"Aluva","TYPE":"Village","STATE":"Kerala","NAME":"Kizhakkumbhagom","DISTRICT":"Ernakulam"}},
{"type":"Feature","geometry":{"type":"Polygon","coordinates":[[[76.40846244,10.136763539999999],[76.40866079999999,10.13682177],[76.40921772,10.136899979999999],[76.41010295999999,10.137004829999999],[76.41040788,10.13720895],[76.41098783999999,10.13726232],[76.41159048,10.13726421],[76.41240696,10.13693814],[76.41316223999999,10.13651082],[76.4139024,10.13615892],[76.41458892,10.13578227],[76.41532151999999,10.13555718],[76.41616067999999,10.13548374],[76.41701495999999,10.13551335],[76.41767123999999,10.13569263],[76.41857916,10.135823219999999],[76.41923507999999,10.135927169999999],[76.42004399999999,10.13615892],[76.42110455999999,10.136442149999999],[76.42259964,10.136472659999999],[76.42363752,10.13647743],[76.42474379999999,10.1364822],[76.43010708,10.1364021],[76.4305344,10.13615037],[76.430916,10.135823219999999],[76.43129723999999,10.135469429999999],[76.43153376,10.13450814],[76.43164824,10.133696519999999],[76.43190779999999,10.13288787],[76.43237291999999,10.131774929999999],[76.43273148,10.13111784],[76.43342591999999,10.13005638],[76.4339598,10.129538519999999],[76.43472299999999,10.129137029999999],[76.43553912,10.128404609999999],[76.43609604,10.127648339999999],[76.43640887999999,10.12693977],[76.43659212,10.1262312],[76.43659968,10.12547115],[76.43675232,10.125142109999999],[76.43703456,10.12489029],[76.43731679999999,10.124663309999999],[76.43739312,10.12408065],[76.43737044,10.122795089999999],[76.43618783999999,10.122902909999999],[76.43417364,10.12257198],[76.42998503999999,10.120879169999998],[76.42681884,10.118856419999998],[76.42293552,10.11661245],[76.4195328,10.115433719999999],[76.41538992,10.114733699999999],[76.41399383999999,10.114755659999998],[76.4130708,10.11476997],[76.41191088,10.1151009],[76.4108964,10.11577509],[76.40966016,10.11669444],[76.40813448,10.11856941],[76.40667719999999,10.11989304],[76.40515907999999,10.120562549999999],[76.40531172,10.12229064],[76.40534987999999,10.12335588],[76.40551764,10.12426758],[76.40558639999999,10.125357659999999],[76.40583047999999,10.126170179999999],[76.4058762,10.1267271],[76.40579987999999,10.12946319],[76.4059068,10.13181975],[76.40604395999999,10.133365589999999],[76.40605151999999,10.13531688],[76.40634924,10.13574789],[76.40687555999999,10.13602923],[76.40730287999999,10.136360159999999],[76.40795915999999,10.13661576],[76.40846244,10.136763539999999]]]},"properties":{"CEN_2001":"3208000200083100","SUB_DIST":"Aluva","TYPE":"Village","STATE":"Kerala","NAME":"Thekkumbhagom","DISTRICT":"Ernakulam"}},
{"type":"Feature","geometry":{"type":"Polygon","coordinates":[[[76.32112896,10.12210848],[76.32112104,10.12202739],[76.32090756,10.12188627],[76.31976311999999,10.121123339999999],[76.31889335999999,10.119853979999998],[76.31969436,10.11698721],[76.3202286,10.11548043],[76.32163224,10.11488625],[76.32245628,10.11351681],[76.32415008,10.11370185],[76.3249968,10.1137581],[76.32523332,10.11298851],[76.32636264,10.112826329999999],[76.32656856,10.11267855],[76.32579815999999,10.11105153],[76.32543168,10.11023811],[76.32541656,10.10927583],[76.32575999999999,10.10852145],[76.32598859999999,10.10773278],[76.32621755999999,10.106480609999998],[76.32620243999999,10.105838819999999],[76.3248672,10.103794109999999],[76.3233642,10.10296341],[76.32106019999999,10.10200401],[76.3192062,10.101251609999998],[76.31705484,10.101145769999999],[76.31676467999999,10.100830049999999],[76.31594856,10.10052297],[76.31510148,10.10057256],[76.31426232,10.100908259999999],[76.31356032,10.101169619999999],[76.3123626,10.101262049999999],[76.31131751999999,10.10192202],[76.31065367999999,10.10243223],[76.31032572,10.10188485],[76.31010432,10.10110473],[76.30994412,10.10032272],[76.3095168,10.099938419999999],[76.30979148,10.099719089999999],[76.31010432,10.09921455],[76.30988328,10.098826379999998],[76.3090668,10.09848312],[76.30870068,10.09781172],[76.3082046,10.097428319999999],[76.30685423999999,10.09716606],[76.30632792,10.09717461],[76.3058394,10.09753992],[76.30520616,10.09765242],[76.30505387999999,10.096912349999998],[76.30475616,10.0961676],[76.3037262,10.09568592],[76.30266564,10.095704999999999],[76.30076591999999,10.094024699999999],[76.29945371999999,10.09351251],[76.29938496,10.09347912],[76.30004124,10.092789629999999],[76.30003368,10.092469229999999],[76.29971327999999,10.09215261],[76.29911028,10.09205721],[76.29850764,10.092066749999999],[76.29781356,10.09272096],[76.29560099999999,10.09089567],[76.29411311999999,10.092814469999999],[76.29145056,10.09457775],[76.2898482,10.09474947],[76.28742971999999,10.094408009999999],[76.28566751999999,10.09357929],[76.28446944,10.09269333],[76.28380596,10.08979317],[76.28343192,10.08722214],[76.28559876,10.084034879999999],[76.28659812,10.08177471],[76.28648364,10.080392849999999],[76.28569019999999,10.078496909999998],[76.28439347999999,10.07689671],[76.2832566,10.074051899999999],[76.28215032,10.07287785],[76.2815016,10.072599389999999],[76.28076936,10.07228088],[76.28028875999999,10.07166861],[76.28054795999999,10.070470799999999],[76.28131871999999,10.06840611],[76.280571,10.06350327],[76.28031143999999,10.0629063],[76.2797394,10.06155972],[76.27858739999999,10.06057836],[76.27713012,10.059737219999999],[76.27668768,10.05964371],[76.27620707999999,10.061818109999999],[76.275612,10.06221195],[76.27420799999999,10.06193448],[76.27314743999999,10.061976419999999],[76.27161419999999,10.06260588],[76.26982896,10.063238129999998],[76.2674256,10.06374645],[76.26639564,10.063561409999998],[76.26383964,10.06274322],[76.26215375999999,10.06220817],[76.26143664,10.062247319999999],[76.261032,10.06260678],[76.26108563999999,10.06425765],[76.26107015999999,10.06581303],[76.26084911999999,10.066527359999998],[76.25956715999999,10.067898779999998],[76.25814804,10.069336889999999],[76.25714868,10.0696707],[76.25524895999999,10.06942941],[76.25399795999999,10.069440839999999],[76.25290679999999,10.069709759999999],[76.25234232,10.070007299999999],[76.2521364,10.07031249],[76.25257128,10.070331569999999],[76.25295252,10.070706329999998],[76.25344068,10.070711099999999],[76.25372327999999,10.07086275],[76.25386044,10.07109738],[76.25386044,10.071248039999999],[76.25365452,10.07157897],[76.25260152,10.07287407],[76.25200643999999,10.07386974],[76.25149524,10.074211109999998],[76.25033567999999,10.074586859999998],[76.24939716,10.07479098],[76.24872576,10.075133339999999],[76.248207,10.07549091],[76.24793231999999,10.07589438],[76.24777212,10.07624718],[76.24768823999999,10.07668593],[76.24773395999999,10.07751366],[76.24789416,10.07962227],[76.24826064,10.08086589],[76.24880963999999,10.081356029999998],[76.2498018,10.08201888],[76.25126664,10.082486159999998],[76.25433348,10.08341595],[76.25496672,10.08380511],[76.25546279999999,10.08460332],[76.2557526,10.08563229],[76.25650032,10.088958779999999],[76.25654603999999,10.090072619999999],[76.25644668,10.09158804],[76.25611871999999,10.09272861],[76.25563812,10.09323216],[76.25564568,10.09361079],[76.25589767999999,10.093764329999999],[76.25658419999999,10.09394172],[76.25856024,10.09416006],[76.2630768,10.09528164],[76.2644196,10.095511409999999],[76.26458736,10.09617138],[76.26454163999999,10.097181359999999],[76.26483144,10.09749222],[76.26604463999999,10.097534159999999],[76.26748644,10.09795095],[76.26796739999999,10.09857366],[76.26838679999999,10.10105892],[76.26823415999999,10.10289195],[76.2677154,10.10375307],[76.26482388,10.109860379999999],[76.26412187999999,10.11277485],[76.26431267999999,10.114602119999999],[76.26475511999999,10.11513141],[76.26600647999999,10.11531357],[76.26709763999999,10.11545082],[76.26754763999999,10.11547467],[76.26811968,10.115648279999998],[76.268799,10.11631302],[76.26995099999999,10.11801438],[76.27024836,10.118776319999998],[76.27030164,10.11948876],[76.27007304,10.12003038],[76.26977532,10.12087629],[76.26972959999999,10.121121449999999],[76.27116384,10.12082004],[76.27247604,10.12003425],[76.2732774,10.12011624],[76.27481856,10.12161735],[76.27582548,10.122602489999998],[76.2774048,10.12386321],[76.27874003999999,10.124412569999999],[76.27973184,10.124443979999999],[76.28095259999999,10.12399389],[76.28306579999999,10.1233854],[76.28340132,10.123712549999999],[76.28393555999999,10.124682389999998],[76.2853698,10.124333369999999],[76.28582772,10.12429044],[76.2860106,10.124714879999999],[76.28701788,10.125873539999999],[76.2875136,10.12593744],[76.28824619999999,10.12553217],[76.28963472,10.12425993],[76.29192359999999,10.12154679],[76.29223644,10.12132737],[76.29273216,10.121425649999999],[76.29345719999999,10.12259007],[76.29381576,10.12297626],[76.29460128,10.12353327],[76.2946776,10.12388895],[76.29472367999999,10.12456512],[76.29428087999999,10.12549977],[76.29359436,10.12647537],[76.29325884,10.127728439999998],[76.29335028,10.128974939999999],[76.29447168,10.130454089999999],[76.29643259999999,10.13127615],[76.29767604,10.13200281],[76.29777539999999,10.13205339],[76.29789744,10.132017119999999],[76.29841619999999,10.13203242],[76.29922476,10.13230422],[76.30004124,10.13279058],[76.30055999999999,10.132926029999998],[76.30137647999999,10.132363349999999],[76.30213932,10.13251689],[76.30515288,10.13368221],[76.30584732,10.134170549999999],[76.30588548,10.134791369999999],[76.30579368,10.13515092],[76.30577856,10.135603889999999],[76.30615979999999,10.135955789999999],[76.30668648,10.1361618],[76.30715952,10.136057849999998],[76.30881516,10.1350269],[76.30952436,10.13372703],[76.30921943999999,10.132418609999998],[76.3086852,10.131425819999999],[76.30840296,10.130286239999998],[76.30841052,10.12952232],[76.30886088,10.129299119999999],[76.31257644,10.12992768],[76.3130034,10.12987332],[76.31327807999999,10.129486049999999],[76.31334684,10.129102739999999],[76.31276688,10.12839696],[76.31251524,10.127757059999999],[76.31269848,10.127134349999999],[76.31308763999999,10.126626029999999],[76.31291196,10.125984149999999],[76.31175995999999,10.12485888],[76.31163036,10.124383949999999],[76.31179055999999,10.1238804],[76.31279748,10.12340925],[76.31388107999999,10.12312791],[76.31607815999999,10.12313844],[76.3170624,10.12300209],[76.31759627999999,10.122396479999999],[76.31910719999999,10.12232304],[76.32112896,10.12210848]]]},"properties":{"CEN_2001":"3208000340811000","SUB_DIST":"Paravur","TYPE":"Town","STATE":"Kerala","NAME":"Varappuzha","DISTRICT":"Ernakulam"}},
{"type":"Feature","geometry":{"type":"Polygon","coordinates":[[[76.37002559999999,10.12100409],[76.37007132,10.121042249999999],[76.37026211999999,10.121363639999998],[76.37028516,10.121668829999999],[76.37016312,10.122262919999999],[76.36988844,10.12267395],[76.36947624,10.123014419999999],[76.36893479999999,10.1231928],[76.36832423999999,10.123496999999999],[76.36800384,10.12388994],[76.36790484,10.12424751],[76.36796568,10.124900819999999],[76.36841568,10.126143449999999],[76.36869035999999,10.126456289999998],[76.36928544,10.12677768],[76.37032332,10.127137139999999],[76.37047559999999,10.12707423],[76.37047559999999,10.12707234],[76.37091047999999,10.12679676],[76.37146775999999,10.12617972],[76.37200164,10.12548159],[76.3720092,10.12525938],[76.37190263999999,10.12512402],[76.37104043999999,10.123908029999999],[76.37093352,10.12366584],[76.37094864,10.12348746],[76.371147,10.123280549999999],[76.37145984,10.123120349999999],[76.37197859999999,10.12287042],[76.37270364,10.12273596],[76.37339772,10.122772229999999],[76.37387075999999,10.12291524],[76.37496947999999,10.12340835],[76.37631984,10.1239452],[76.37694551999999,10.124044379999999],[76.37770836,10.12402629],[76.37863175999999,10.123873739999999],[76.37928011999999,10.123659089999999],[76.38062292,10.12297914],[76.382469,10.122443189999998],[76.38414768,10.12253382],[76.38888564,10.12378599],[76.39060968,10.1242647],[76.39199063999999,10.1242647],[76.39494336,10.12393476],[76.4040222,10.121068979999999],[76.40515907999999,10.120562549999999],[76.40667719999999,10.11989304],[76.40813448,10.11856941],[76.40966016,10.11669444],[76.4108964,10.11577509],[76.41191088,10.1151009],[76.4130708,10.11476997],[76.41399383999999,10.114755659999998],[76.41337571999999,10.113463439999999],[76.4115066,10.11002823],[76.41007236,10.10832597],[76.40967563999999,10.106939339999998],[76.40816507999999,10.10466954],[76.40797427999999,10.10391327],[76.40816507999999,10.103302979999999],[76.40862263999999,10.10183337],[76.40946179999999,10.10031894],[76.40998092,10.098050129999999],[76.40985096,10.097292869999999],[76.40834796,10.096726409999999],[76.40645615999999,10.096726409999999],[76.40515151999999,10.097230949999998],[76.40443404,10.09716795],[76.40553276,10.09401606],[76.40650944,10.09142973],[76.40708939999999,10.09016892],[76.40807328,10.08903411],[76.40852364,10.08789921],[76.40806572,10.08657459],[76.40623475999999,10.08392814],[76.4044722,10.08179955],[76.40236655999999,10.07926272],[76.39836876,10.07245539],[76.39843751999999,10.071067769999999],[76.39882668,10.069681139999998],[76.39966584,10.0681047],[76.39979543999999,10.06570908],[76.39920036,10.06331256],[76.39932239999999,10.060223579999999],[76.39893323999999,10.0594044],[76.39716347999999,10.05808068],[76.39514172,10.057008779999999],[76.39304363999999,10.053479159999998],[76.39127352,10.050327269999999],[76.39035804,10.050138449999999],[76.38853463999999,10.05057999],[76.38656616,10.046608919999999],[76.384926,10.043457029999999],[76.38381179999999,10.04295258],[76.38335423999999,10.042322129999999],[76.38321672,10.03942206],[76.38249959999999,10.03891752],[76.38139332,10.039359059999999],[76.38124859999999,10.038491279999999],[76.37763204,10.03710465],[76.3761366,10.03637412],[76.37516027999999,10.036788929999998],[76.37456519999999,10.03828428],[76.37388623999999,10.04214762],[76.37224572,10.0433817],[76.37178816,10.0444689],[76.37145228,10.046096819999999],[76.37014008,10.0465155],[76.3692246,10.047741929999999],[76.3679808,10.04802417],[76.3664778,10.0476999],[76.364334,10.046094929999999],[76.36290731999999,10.04522796],[76.36173264,10.04551029],[76.36120595999999,10.046395259999999],[76.3601454,10.04823207],[76.35948192,10.050539939999998],[76.3595964,10.053111059999999],[76.35900887999999,10.05379299],[76.35646043999999,10.054696049999999],[76.35462948,10.054780919999999],[76.35403439999999,10.0555992],[76.35389724,10.05729201],[76.35578147999999,10.059305219999999],[76.35577391999999,10.06045632],[76.35472091999999,10.06175232],[76.35373704,10.062167129999999],[76.35256199999999,10.062517139999999],[76.35209651999999,10.06387524],[76.35182184,10.066042889999999],[76.35210407999999,10.067831009999999],[76.35743712,10.073781989999999],[76.36217508,10.0824156],[76.36505903999999,10.08668808],[76.36505111999999,10.087446239999998],[76.36458599999999,10.0874691],[76.36438763999999,10.08848385],[76.36247999999999,10.09008594],[76.36055759999999,10.09339236],[76.35948948,10.096890479999999],[76.3595658,10.09916307],[76.36030595999999,10.10030175],[76.36378463999999,10.102871879999999],[76.36593635999999,10.105057709999999],[76.36751568,10.107621179999999],[76.36917131999999,10.11226563],[76.37017824,10.11596301],[76.37062067999999,10.11889935],[76.37002559999999,10.12100409]]]},"properties":{"CEN_2001":"3208000240807000","SUB_DIST":"Aluva","TYPE":"Town","STATE":"Kerala","NAME":"Edathala","DISTRICT":"Ernakulam"}},
{"type":"Feature","geometry":{"type":"Polygon","coordinates":[[[76.43737044,10.122795089999999],[76.43820204,10.122719759999999],[76.43962871999999,10.122095069999999],[76.44402323999999,10.1194353],[76.44503015999999,10.119288419999998],[76.44596111999999,10.11932469],[76.44802104,10.11995028],[76.45133987999999,10.121128109999999],[76.45210272,10.1216583],[76.45220963999999,10.12137507],[76.45237739999999,10.12108329],[76.45267476,10.12073994],[76.45282739999999,10.120636979999999],[76.45318596,10.120585409999999],[76.4533692,10.12060638],[76.45377348,10.120717979999998],[76.45433039999999,10.12086774],[76.4546814,10.120751369999999],[76.4548416,10.120717979999998],[76.45488732,10.12073805],[76.45494095999999,10.12079142],[76.4550324,10.12083912],[76.45510872,10.12083534],[76.45527648,10.1207304],[76.45545179999999,10.120484339999999],[76.45561991999999,10.120235399999999],[76.45613112,10.119838679999999],[76.45632155999999,10.11972906],[76.4567946,10.11929706],[76.4569854,10.11919977],[76.45721436,10.119159719999999],[76.45758803999999,10.119152069999998],[76.45774068,10.11917592],[76.4578782,10.119236939999999],[76.45803083999999,10.119374279999999],[76.45809168,10.11950298],[76.45810716,10.119640319999998],[76.45810716,10.11979674],[76.45818312,10.119937859999999],[76.45838148,10.12013622],[76.45853412,10.12021641],[76.45872492,10.12024404],[76.45898448,10.12030128],[76.45907591999999,10.12038138],[76.45915224,10.120530149999999],[76.4593812,10.120776209999999],[76.45972427999999,10.12084488],[76.46009832,10.1209698],[76.46019731999999,10.12098213],[76.4602812,10.120942079999999],[76.46038055999999,10.120853429999999],[76.46043384,10.120775219999999],[76.46041871999999,10.120642649999999],[76.46042628,10.12040613],[76.46045688,10.12034988],[76.46051016,10.120290749999999],[76.46064012,10.120238279999999],[76.4606934,10.12022019],[76.4608536,10.119939839999999],[76.4609526,10.1198664],[76.46122727999999,10.11979008],[76.46135724,10.11973572],[76.46142563999999,10.119672809999999],[76.4615556,10.119453389999999],[76.46173848,10.11897657],[76.46186843999999,10.11870864],[76.46195988,10.11861225],[76.46206679999999,10.11854556],[76.46218092,10.118508299999998],[76.46226516,10.11849975],[76.46242536,10.11858174],[76.46254739999999,10.118642849999999],[76.46262372,10.118650409999999],[76.46274575999999,10.118650409999999],[76.46292108,10.118594159999999],[76.46313491999999,10.1184921],[76.46331024,10.11832623],[76.46345532,10.11806397],[76.46354676,10.11793896],[76.46360795999999,10.117885589999998],[76.46378328,10.11783024],[76.46383655999999,10.11783024],[76.46396652,10.117859849999999],[76.46399676,10.117807379999999],[76.46405795999999,10.117569959999999],[76.46403491999999,10.117402109999999],[76.4639586,10.11709881],[76.46390532,10.11701016],[76.46390532,10.116946259999999],[76.46392836,10.11688515],[76.46405039999999,10.11680127],[76.46415696,10.116627659999999],[76.46420304,10.116404549999999],[76.46425631999999,10.11615561],[76.4643402,10.115980109999999],[76.46443955999999,10.115819909999999],[76.46451551999999,10.1157246],[76.46467607999999,10.11559482],[76.46472935999999,10.115522369999999],[76.46477508,10.11539268],[76.46477508,10.11528774],[76.46479812,10.115242019999998],[76.46482836,10.11520386],[76.4650116,10.115083709999999],[76.46505732,10.11504366],[76.46526324,10.114500959999999],[76.4653014,10.114385579999999],[76.46540832,10.11429504],[76.46573627999999,10.114031789999999],[76.46588136,10.11393837],[76.46597279999999,10.11388878],[76.46601851999999,10.11387924],[76.46608728,10.11388401],[76.46615604,10.1138868],[76.46626296,10.11386394],[76.46634684,10.11382767],[76.46664419999999,10.11358359],[76.46703335999999,10.11326121],[76.46704847999999,10.11323835],[76.46704847999999,10.11321828],[76.46704847999999,10.113191639999998],[76.46703335999999,10.11316113],[76.46701032,10.11314007],[76.46695704,10.113113429999999],[76.46691888,10.11307905],[76.4668962,10.113040889999999],[76.4668962,10.112984639999999],[76.46691132,10.11294171],[76.46692644,10.112908319999999],[76.46698008,10.112880689999999],[76.46705639999999,10.112852069999999],[76.46748335999999,10.11275865],[76.46752943999999,10.11273102],[76.46754456,10.112709059999998],[76.46755212,10.11265371],[76.46755212,10.11262797],[76.46738436,10.1124306],[76.46555339999999,10.1103516],[76.46378328,10.10833641],[76.46365368,10.107263609999999],[76.46397408,10.104491249999999],[76.46364575999999,10.102852799999999],[76.46096808,10.103924789999999],[76.45920552,10.103169419999999],[76.45822919999999,10.10304261],[76.45777127999999,10.10417751],[76.45581071999999,10.104807869999998],[76.4553528,10.10436723],[76.45385736,10.10436723],[76.45150763999999,10.10499759],[76.44844044,10.104683849999999],[76.4455644,10.10386467],[76.44347388,10.103928569999999],[76.44152052,10.103660549999999],[76.44014748,10.103598629999999],[76.43838491999999,10.10410308],[76.43733983999999,10.10385135],[76.43603519999999,10.10391525],[76.43420424,10.103978159999999],[76.43205252,10.10404206],[76.43029032,10.103979149999999],[76.42878732,10.10328579],[76.42748268,10.10290815],[76.42642968,10.10108088],[76.4253846,10.10000988],[76.42466748,10.10000988],[76.42473588,10.10108088],[76.42539216,10.10253141],[76.42519379999999,10.103223779999999],[76.42408752,10.10309796],[76.42356876,10.10391804],[76.42076112,10.10423277],[76.41854099999999,10.10410785],[76.4169768,10.104170759999999],[76.41527543999999,10.10448738],[76.41410076,10.10442447],[76.41253655999999,10.10385702],[76.4105148,10.103795009999999],[76.40829468,10.103417369999999],[76.40816507999999,10.103302979999999],[76.40797427999999,10.10391327],[76.40816507999999,10.10466954],[76.40967563999999,10.106939339999998],[76.41007236,10.10832597],[76.4115066,10.11002823],[76.41337571999999,10.113463439999999],[76.41399383999999,10.114755659999998],[76.41538992,10.114733699999999],[76.4195328,10.115433719999999],[76.42293552,10.11661245],[76.42681884,10.118856419999998],[76.42998503999999,10.120879169999998],[76.43417364,10.12257198],[76.43618783999999,10.122902909999999],[76.43737044,10.122795089999999]]]},"properties":{"CEN_2001":"3208000100080600","SUB_DIST":"Kunnathunad","TYPE":"Village","STATE":"Kerala","NAME":"Marampilly","DISTRICT":"Ernakulam"}},
{"type":"Feature","geometry":{"type":"Polygon","coordinates":[[[76.32090756,10.12188627],[76.32209015999999,10.120958369999999],[76.32501228,10.12055202],[76.326912,10.12019823],[76.32933048,10.119264569999999],[76.3311006,10.11941334],[76.33251935999999,10.12003137],[76.33357991999999,10.11997701],[76.3356096,10.119263669999999],[76.33665468,10.118318579999999],[76.33695995999999,10.11742308],[76.33703627999999,10.115710289999999],[76.33698263999999,10.11474801],[76.33707444,10.11388968],[76.33773792,10.113736139999999],[76.33869947999999,10.114005059999998],[76.34163672,10.1122389],[76.3463898,10.111122089999999],[76.3463898,10.1106567],[76.34647367999999,10.109997719999999],[76.34754935999999,10.107750869999998],[76.34768688,10.107376109999999],[76.3476714,10.1067696],[76.3476714,10.106615069999998],[76.34750364,10.10600757],[76.34668715999999,10.1041479],[76.3466112,10.103927579999999],[76.34650427999999,10.10355381],[76.34635164,10.1022444],[76.34629835999999,10.101636899999999],[76.34614572,10.10059074],[76.34606183999999,10.10037231],[76.34589371999999,10.099828709999999],[76.34582531999999,10.099713329999998],[76.34558088,10.099286999999999],[76.345497,10.099208789999999],[76.34519963999999,10.09897992],[76.34497823999999,10.09880928],[76.34439864,10.098292319999999],[76.34395583999999,10.097878499999998],[76.34362032,10.0972557],[76.34348279999999,10.095966359999998],[76.343544,10.09577367],[76.34368907999999,10.09539036],[76.34378808,10.09517859],[76.34408579999999,10.09467027],[76.34420784,10.09442043],[76.34438315999999,10.094083829999999],[76.34442888,10.09395981],[76.34453579999999,10.09360413],[76.34452823999999,10.09348011],[76.3445052,10.093277969999999],[76.34426868,10.09298988],[76.34392559999999,10.09270188],[76.34302523999999,10.09223847],[76.34287259999999,10.09216116],[76.34235384,10.091978999999998],[76.34227752,10.09193994],[76.34178143999999,10.0918341],[76.34161368,10.0918341],[76.34127059999999,10.09189224],[76.34108735999999,10.092006719999999],[76.34094984,10.092218399999998],[76.34081268,10.09244826],[76.34062188,10.09275534],[76.340538,10.09288026],[76.34048471999999,10.0929861],[76.34032452,10.093168259999999],[76.34017944,10.0933218],[76.33996596,10.093465799999999],[76.33979783999999,10.0935621],[76.33930212,10.09369566],[76.33916459999999,10.093733819999999],[76.33905012,10.093733819999999],[76.33861524,10.093733819999999],[76.33835604,10.09371375],[76.33789811999999,10.093627889999999],[76.33779912,10.09361835],[76.33724219999999,10.09337805],[76.33712016,10.09329129],[76.33641816,10.09254168],[76.33580004,10.09158516],[76.33552535999999,10.09099008],[76.33502963999999,10.08983709],[76.33498392,10.08975123],[76.33476252,10.089338309999999],[76.33450332,10.088992079999999],[76.33393092,10.088693639999999],[76.33323684,10.08692451],[76.33301544,10.08616734],[76.33278648,10.08555795],[76.33273319999999,10.08495045],[76.33287036,10.084164659999999],[76.3332444,10.08266355],[76.33326708,10.08255771],[76.33329768,10.08250236],[76.33339704,10.082362139999999],[76.33360296,10.082250629999999],[76.33416743999999,10.082117069999999],[76.33486187999999,10.08180522],[76.3351974,10.081660229999999],[76.33537308,10.081498139999999],[76.33539576,10.081463849999999],[76.33552535999999,10.081146239999999],[76.3355484,10.08080478],[76.33548719999999,10.0804815],[76.33532699999999,10.080229769999999],[76.33485395999999,10.0800009],[76.33434312,10.07983683],[76.33280952,10.079550719999999],[76.33275588,10.07953362],[76.33246607999999,10.07942769],[76.33220688,10.07921025],[76.33198548,10.0788975],[76.33178712,10.078289009999999],[76.33173384,10.07742789],[76.33181015999999,10.077187499999999],[76.3319016,10.076931],[76.33278648,10.075859099999999],[76.33307663999999,10.07533359],[76.33314503999999,10.074999779999999],[76.33306872,10.074702239999999],[76.33303056,10.074596399999999],[76.33289339999999,10.07447337],[76.33187099999999,10.07390304],[76.33069596,10.07334423],[76.33007819999999,10.0729809],[76.32914724,10.07258418],[76.32895644,10.072488779999999],[76.32864396,10.072332359999999],[76.32830052,10.071974789999999],[76.32801828,10.07133678],[76.32746892,10.07020854],[76.32720936,10.06932636],[76.32702648,10.06829073],[76.32692712,10.06799508],[76.32673632,10.06768224],[76.32591264,10.066933619999999],[76.32537083999999,10.06657128],[76.32511127999999,10.066500629999998],[76.32501228,10.066474889999999],[76.32157896,10.06586838],[76.32135,10.06694415],[76.32131183999999,10.070095049999999],[76.32100691999999,10.07177067],[76.31963352,10.074132899999999],[76.31964864,10.07673363],[76.31922924,10.076835599999999],[76.3181838,10.07651997],[76.31740583999999,10.07646183],[76.31670383999999,10.0770588],[76.31542979999999,10.076936759999999],[76.31587223999999,10.07802774],[76.31560512,10.078987139999999],[76.31449884,10.078099289999999],[76.31115731999999,10.075674059999999],[76.30946352,10.07603739],[76.30658711999999,10.0767069],[76.3047792,10.07587908],[76.30256664,10.076346359999999],[76.30040736,10.07719515],[76.2991182,10.07888697],[76.29782112,10.083109859999999],[76.29653916,10.08838179],[76.2957306,10.09073349],[76.29560099999999,10.09089567],[76.29781356,10.09272096],[76.29850764,10.092066749999999],[76.29911028,10.09205721],[76.29971327999999,10.09215261],[76.30003368,10.092469229999999],[76.30004124,10.092789629999999],[76.29938496,10.09347912],[76.29945371999999,10.09351251],[76.30076591999999,10.094024699999999],[76.30266564,10.095704999999999],[76.3037262,10.09568592],[76.30475616,10.0961676],[76.30505387999999,10.096912349999998],[76.30520616,10.09765242],[76.3058394,10.09753992],[76.30632792,10.09717461],[76.30685423999999,10.09716606],[76.3082046,10.097428319999999],[76.30870068,10.09781172],[76.3090668,10.09848312],[76.30988328,10.098826379999998],[76.31010432,10.09921455],[76.30979148,10.099719089999999],[76.3095168,10.099938419999999],[76.30994412,10.10032272],[76.31010432,10.10110473],[76.31032572,10.10188485],[76.31065367999999,10.10243223],[76.31131751999999,10.10192202],[76.3123626,10.101262049999999],[76.31356032,10.101169619999999],[76.31426232,10.100908259999999],[76.31510148,10.10057256],[76.31594856,10.10052297],[76.31676467999999,10.100830049999999],[76.31705484,10.101145769999999],[76.3192062,10.101251609999998],[76.32106019999999,10.10200401],[76.3233642,10.10296341],[76.3248672,10.103794109999999],[76.32620243999999,10.105838819999999],[76.32621755999999,10.106480609999998],[76.32598859999999,10.10773278],[76.32575999999999,10.10852145],[76.32541656,10.10927583],[76.32543168,10.11023811],[76.32579815999999,10.11105153],[76.32656856,10.11267855],[76.32636264,10.112826329999999],[76.32523332,10.11298851],[76.3249968,10.1137581],[76.32415008,10.11370185],[76.32245628,10.11351681],[76.32163224,10.11488625],[76.3202286,10.11548043],[76.31969436,10.11698721],[76.31889335999999,10.119853979999998],[76.31976311999999,10.121123339999999],[76.32090756,10.12188627]]]},"properties":{"CEN_2001":"3208000340813000","SUB_DIST":"Paravur","TYPE":"Town","STATE":"Kerala","NAME":"Kadungalloor","DISTRICT":"Ernakulam"}},
{"type":"Feature","geometry":{"type":"Polygon","coordinates":[[[76.44347388,10.103928569999999],[76.4455644,10.10386467],[76.44844044,10.104683849999999],[76.45150763999999,10.10499759],[76.45385736,10.10436723],[76.4553528,10.10436723],[76.45581071999999,10.104807869999998],[76.45777127999999,10.10417751],[76.45822919999999,10.10304261],[76.45920552,10.103169419999999],[76.46096808,10.103924789999999],[76.46364575999999,10.102852799999999],[76.46397408,10.104491249999999],[76.46365368,10.107263609999999],[76.46378328,10.10833641],[76.46555339999999,10.1103516],[76.46738436,10.1124306],[76.46755212,10.11262797],[76.46755968,10.11247731],[76.4675676,10.112439149999998],[76.46760576,10.11238101],[76.46767416,10.112339969999999],[76.46781168,10.11227229],[76.46797188,10.11215403],[76.46819291999999,10.11199761],[76.46834555999999,10.111930829999999],[76.46882615999999,10.11178206],[76.46905512,10.11167334],[76.46927652,10.111554179999999],[76.46941367999999,10.111413959999998],[76.46958936,10.111260419999999],[76.46968079999999,10.11121659],[76.46978772,10.11118698],[76.47007751999999,10.111129739999999],[76.47011567999999,10.11108492],[76.47015384,10.11100671],[76.47017652,10.11096954],[76.4702226,10.11094569],[76.4703522,10.11090276],[76.47050483999999,10.11087324],[76.4705736,10.11087324],[76.47062688,10.110882779999999],[76.47081768,10.11095235],[76.47100848,10.1110077],[76.47108444,10.111017239999999],[76.4711226,10.111017239999999],[76.47116075999999,10.11099717],[76.47122196,10.11095235],[76.47126012,10.110903749999999],[76.47132887999999,10.11081978],[76.47138971999999,10.11076164],[76.47143544,10.11073779],[76.47148116,10.11073779],[76.47154236,10.110751109999999],[76.47167196,10.11083508],[76.47175584,10.11089232],[76.47180947999999,10.11092184],[76.4718858,10.110906629999999],[76.47192396,10.11089043],[76.47196968,10.11083697],[76.47203051999999,10.11056994],[76.47205355999999,10.11044403],[76.47206111999999,10.11038211],[76.47206111999999,10.110366809999999],[76.47209172,10.11032577],[76.47216804,10.11029724],[76.47223679999999,10.110232349999999],[76.47232068,10.11005973],[76.47238908,10.109985389999999],[76.47249599999999,10.10992527],[76.4725572,10.10992716],[76.47261048,10.1099529],[76.47267923999999,10.10998062],[76.47280128,10.110095999999999],[76.47293844,10.110147479999998],[76.47299964,10.110152249999999],[76.47306048,10.11014082],[76.47309863999999,10.110102659999999],[76.47311411999999,10.11003588],[76.47315228,10.109828969999999],[76.4731674,10.1097927],[76.47322068,10.10974023],[76.47330491999999,10.109697299999999],[76.47337332,10.109692529999998],[76.47342696,10.10970594],[76.47346512,10.109754539999999],[76.47357167999999,10.109854709999999],[76.4736786,10.10989188],[76.47374735999999,10.1099052],[76.47382368,10.1099052],[76.47388452,10.10986425],[76.47390756,10.10984706],[76.47396839999999,10.10978982],[76.47402204,10.10960766],[76.47410592,10.109339729999999],[76.4741286,10.109239559999999],[76.47406776,10.109105099999999],[76.4740296,10.108968749999999],[76.47404472,10.10892204],[76.47405228,10.10890674],[76.47406776,10.10886858],[76.47411348,10.10883717],[76.47412104,10.108832399999999],[76.47418979999999,10.10882187],[76.47442631999999,10.10883906],[76.4744796,10.10883906],[76.47455592,10.108830419999999],[76.47460919999999,10.10881521],[76.47467796,10.1087847],[76.47479243999999,10.10873034],[76.47485363999999,10.10870649],[76.47488388,10.10869308],[76.47491448,10.10869308],[76.47498324,10.108725569999999],[76.47532668,10.109133719999999],[76.47566219999999,10.109210939999999],[76.47573095999999,10.109208149999999],[76.47580728,10.10919186],[76.47586056,10.109150909999999],[76.47595992,10.108915289999999],[76.47600564,10.108882889999999],[76.47609707999999,10.108884779999999],[76.47631055999999,10.108886759999999],[76.47638687999999,10.108886759999999],[76.47642504,10.108861919999999],[76.47644808,10.108824749999998],[76.47644808,10.1087685],[76.47642504,10.108530989999998],[76.47642504,10.10841084],[76.4764632,10.108290689999999],[76.47651683999999,10.10820105],[76.4766234,10.108126619999998],[76.47672276,10.10808567],[76.47685236,10.108077029999999],[76.47692868,10.108078919999999],[76.47696683999999,10.10809044],[76.47705072,10.108185749999999],[76.47709644,10.108203929999998],[76.47715763999999,10.108215359999999],[76.47731784,10.10824677],[76.47736356,10.10825253],[76.47742475999999,10.10822679],[76.47757704,10.10809134],[76.47766127999999,10.1079216],[76.47769152,10.107866249999999],[76.47774516,10.10783961],[76.47779088,10.10783772],[76.47786719999999,10.107853919999998],[76.47798924,10.10789874],[76.47802739999999,10.1079054],[76.47809615999999,10.10789676],[76.47811884,10.107887309999999],[76.47816456,10.107858689999999],[76.47818004,10.107833849999999],[76.4781876,10.10782431],[76.47819516,10.107776609999998],[76.47819516,10.10757069],[76.4782182,10.107490499999999],[76.47823332,10.107453329999998],[76.47834024,10.10738943],[76.47836292,10.10736558],[76.47838596,10.10734272],[76.47840864,10.107292139999998],[76.47840864,10.10724831],[76.47840108,10.107214919999999],[76.47833268,10.107131939999999],[76.47825635999999,10.10704329],[76.47817248,10.106890649999999],[76.478157,10.10674287],[76.47818004,10.10663037],[76.47822576,10.10655405],[76.47846983999999,10.10639475],[76.47878268,10.106193509999999],[76.47890471999999,10.10609055],[76.47893531999999,10.10604195],[76.47893531999999,10.10598372],[76.47891227999999,10.105916039999999],[76.47882084,10.105756739999999],[76.47876756,10.105511669999999],[76.47876756,10.10544489],[76.47880572,10.105402949999998],[76.47894287999999,10.105328519999999],[76.47903432,10.10532186],[76.47910307999999,10.105333289999999],[76.47942348,10.10549358],[76.47959915999999,10.1055222],[76.47996527999999,10.10555073],[76.48003403999999,10.105539299999998],[76.48007976,10.105509779999998],[76.48007976,10.1054745],[76.48004916,10.105355249999999],[76.48004916,10.105305659999999],[76.48010244,10.10526273],[76.48024751999999,10.10521314],[76.48033896,10.105217909999999],[76.48039259999999,10.105249409999999],[76.48068995999999,10.10544876],[76.48079688,10.10547252],[76.48085015999999,10.10547639],[76.48088831999999,10.105463969999999],[76.4809722,10.10536101],[76.4810028,10.105253189999999],[76.4809722,10.10517696],[76.48085771999999,10.104980489999999],[76.48078932,10.104837389999998],[76.48074324,10.104731549999999],[76.48074324,10.10465721],[76.480812,10.10431476],[76.4809416,10.10410209],[76.48108667999999,10.10399058],[76.48126991999999,10.103866559999998],[76.48131563999999,10.103819849999999],[76.48131563999999,10.10375406],[76.48120872,10.103515649999999],[76.48110215999999,10.10321712],[76.48106399999999,10.10315421],[76.48106399999999,10.10309886],[76.48112483999999,10.10296062],[76.48108667999999,10.10272887],[76.48113239999999,10.10258199],[76.4811936,10.10240838],[76.48124688,10.10228922],[76.48136136,10.102172849999999],[76.4814528,10.10212614],[76.48154459999999,10.10212425],[76.48165116,10.10215665],[76.48190315999999,10.10233881],[76.48207092,10.10237886],[76.48233047999999,10.102327379999998],[76.48268112,10.102170959999999],[76.48271928,10.10215476],[76.48286436,10.10202786],[76.48296372,10.101876299999999],[76.48297884,10.10172942],[76.48318476,10.10167695],[76.48323839999999,10.10162358],[76.48326863999999,10.1015406],[76.48326863999999,10.101445199999999],[76.48319232,10.10126781],[76.48306271999999,10.10108565],[76.48303967999999,10.10103318],[76.48303967999999,10.10095308],[76.483116,10.10089017],[76.48336044,10.10072799],[76.4835282,10.10054592],[76.48369595999999,10.10027502],[76.48369595999999,10.100228309999999],[76.48364267999999,10.100070989999999],[76.48360452,10.099960289999999],[76.4836272,10.09975626],[76.48361208,10.099501649999999],[76.4836272,10.09941579],[76.48368083999999,10.099322279999999],[76.48383348,10.09914021],[76.48384103999999,10.098960839999998],[76.48384859999999,10.09868526],[76.48383348,10.09861947],[76.48356636,10.098427769999999],[76.48351272,10.09837629],[76.48345943999999,10.09817406],[76.48339068,10.09798335],[76.48339068,10.09793088],[76.48341371999999,10.097862209999999],[76.48347455999999,10.097826029999998],[76.48361208,10.09781172],[76.483818,10.09771821],[76.48419204,10.097565659999999],[76.48430615999999,10.097482679999999],[76.48452755999999,10.09730907],[76.48464204,10.09722141],[76.4848098,10.09720233],[76.48513776,10.09724805],[76.48520651999999,10.097236619999999],[76.48526016,10.097189909999999],[76.48532856,10.097127899999998],[76.48543547999999,10.09705833],[76.48548876,10.09702782],[76.48554996,10.09700775],[76.48561871999999,10.097017289999998],[76.48571772,10.097051579999999],[76.48575588,10.097051579999999],[76.48595424,10.09700298],[76.48601543999999,10.096974359999999],[76.48606871999999,10.096915229999999],[76.48614504,10.0968714],[76.48635096,10.09676646],[76.48635852,10.09674927],[76.48633584,10.09670643],[76.48625951999999,10.096585289999998],[76.48624403999999,10.096536599999999],[76.48624403999999,10.096508069999999],[76.48628219999999,10.096353539999999],[76.48633584,10.09625724],[76.48641216,10.0962009],[76.48673256,10.096031159999999],[76.48706052,10.095844229999999],[76.48721316,10.09571454],[76.48728192,10.09554579],[76.48732007999999,10.09544949],[76.48735031999999,10.095409349999999],[76.48740396,10.09539225],[76.48745724,10.09539225],[76.48764804,10.095483779999999],[76.48773191999999,10.095486659999999],[76.48782336,10.09546947],[76.48804476,10.095350309999999],[76.4881362,10.095294959999999],[76.48818983999999,10.0952883],[76.48827372,10.095299729999999],[76.48833456,10.09530261],[76.48841843999999,10.09525779],[76.48844147999999,10.095245369999999],[76.48850268,10.09517292],[76.48854048,10.095079409999999],[76.48853292,10.09499355],[76.48846452,10.094923979999999],[76.48842635999999,10.094839109999999],[76.48844147999999,10.094511059999999],[76.48841087999999,10.094430959999999],[76.48823555999999,10.09423737],[76.48805232,10.09409616],[76.48785396,10.09402371],[76.48777763999999,10.093950269999999],[76.48770888,10.093867289999999],[76.48754867999999,10.09366893],[76.48753355999999,10.09358694],[76.48759476,10.09337805],[76.48757171999999,10.093298939999999],[76.4874954,10.09318923],[76.48740396,10.09279728],[76.48735031999999,10.092760109999999],[76.48730459999999,10.09267326],[76.48729704,10.0925856],[76.48734275999999,10.09247688],[76.48732763999999,10.092438719999999],[76.48728192,10.092411989999999],[76.48719804,10.09239201],[76.48713683999999,10.09237671],[76.48709867999999,10.092325229999998],[76.48713683999999,10.092245129999998],[76.48725888,10.09218312],[76.48732763999999,10.09218312],[76.48741908,10.09224315],[76.4874954,10.09229283],[76.48755659999999,10.092305159999999],[76.487625,10.09228518],[76.48776251999999,10.092039119999999],[76.48790724,10.092012389999999],[76.48796843999999,10.091977109999998],[76.48800659999999,10.09193895],[76.48801415999999,10.091875049999999],[76.48801415999999,10.091842649999998],[76.48796843999999,10.09176156],[76.48796087999999,10.091679569999998],[76.48798355999999,10.091499299999999],[76.48795331999999,10.09136871],[76.48798355999999,10.091300039999998],[76.48801415999999,10.0912428],[76.48811352,10.091171249999999],[76.48817435999999,10.091171249999999],[76.48822799999999,10.09118268],[76.48828128,10.09117989],[76.48831944,10.09113597],[76.48839575999999,10.091069189999999],[76.48844903999999,10.09104633],[76.48872372,10.091013929999999],[76.48883063999999,10.090978649999998],[76.48890696,10.090924289999998],[76.48894512,10.090856519999999],[76.4889984,10.090769759999999],[76.48903655999999,10.09065339],[76.4885484,10.090467449999998],[76.48792272,10.090255769999999],[76.487175,10.088777519999999],[76.48664867999999,10.08562662],[76.4864424,10.07951355],[76.48715195999999,10.075290659999999],[76.48929611999999,10.073273669999999],[76.49210339999999,10.07094096],[76.49327088,10.06993296],[76.49490347999999,10.06741143],[76.4958114,10.065267539999999],[76.49528507999999,10.06476399],[76.49385084,10.06476498],[76.49313371999999,10.065395339999998],[76.49221788,10.065584159999998],[76.49052443999999,10.065017699999999],[76.48993691999999,10.06533333],[76.4892198,10.065836879999999],[76.48830396,10.06552215],[76.48752599999999,10.06678296],[76.48569504,10.06772904],[76.48451999999999,10.06810668],[76.48367291999999,10.067666039999999],[76.48302455999999,10.067603129999998],[76.48184952,10.0684233],[76.4810028,10.06848621],[76.47982775999999,10.06899075],[76.4777376,10.07107065],[76.47630299999999,10.071386369999999],[76.47532668,10.07258418],[76.47435,10.07239536],[76.47330491999999,10.072835909999998],[76.47161111999999,10.07460117],[76.4708328,10.07485389],[76.46945939999999,10.0739088],[76.46945939999999,10.073214539999999],[76.46997816,10.071891809999999],[76.4697798,10.07107254],[76.46886432,10.070820809999999],[76.46807844,10.07126235],[76.46691132,10.07308962],[76.46612544,10.07296371],[76.46540832,10.07315253],[76.46534711999999,10.07428833],[76.46469119999999,10.074540149999999],[76.46390532,10.073972699999999],[76.46253983999999,10.073217419999999],[76.46129604,10.07346915],[76.46090688,10.074729959999999],[76.46018975999999,10.07567505],[76.45888511999999,10.075235399999999],[76.45823675999999,10.07592777],[76.45712291999999,10.075990679999999],[76.45444488,10.075802759999998],[76.4533386,10.07719038],[76.45210272,10.07687475],[76.45131683999999,10.07567694],[76.4501418,10.07555202],[76.44916547999999,10.07687475],[76.45053852,10.08053019],[76.45127112,10.08307269],[76.45198823999999,10.084247549999999],[76.45140072,10.084753079999999],[76.44872267999999,10.084753079999999],[76.44774636,10.085510249999999],[76.44715884,10.08544734],[76.44545747999999,10.084816889999999],[76.44340512,10.08428094],[76.44219192,10.083808889999998],[76.44173436,10.084377329999999],[76.44245903999999,10.085700059999999],[76.44258864,10.087022789999999],[76.44244391999999,10.08780768],[76.44325248,10.0892916],[76.44338244,10.0902996],[76.44263472,10.0904913],[76.44104784,10.09040067],[76.43829348,10.090442699999999],[76.4387514,10.0915146],[76.43751515999999,10.09296414],[76.43764512,10.09409904],[76.43738556,10.09523295],[76.43908692,10.0967445],[76.44026952,10.099203119999999],[76.44125376,10.10229111],[76.44288635999999,10.10348793],[76.44347388,10.103928569999999]]]},"properties":{"CEN_2001":"3208000100080500","SUB_DIST":"Kunnathunad","TYPE":"Village","STATE":"Kerala","NAME":"Vengola","DISTRICT":"Ernakulam"}},
{"type":"Feature","geometry":{"type":"Polygon","coordinates":[[[76.40816507999999,10.103302979999999],[76.40829468,10.103417369999999],[76.4105148,10.103795009999999],[76.41253655999999,10.10385702],[76.41410076,10.10442447],[76.41527543999999,10.10448738],[76.4169768,10.104170759999999],[76.41854099999999,10.10410785],[76.42076112,10.10423277],[76.42356876,10.10391804],[76.42408752,10.10309796],[76.42519379999999,10.103223779999999],[76.42539216,10.10253141],[76.42473588,10.10108088],[76.42466748,10.10000988],[76.4253846,10.10000988],[76.42642968,10.10108088],[76.42748268,10.10290815],[76.42878732,10.10328579],[76.43029032,10.103979149999999],[76.43205252,10.10404206],[76.43420424,10.103978159999999],[76.43603519999999,10.10391525],[76.43733983999999,10.10385135],[76.43838491999999,10.10410308],[76.44014748,10.103598629999999],[76.44152052,10.103660549999999],[76.44347388,10.103928569999999],[76.44288635999999,10.10348793],[76.44125376,10.10229111],[76.44026952,10.099203119999999],[76.43908692,10.0967445],[76.43738556,10.09523295],[76.43764512,10.09409904],[76.43751515999999,10.09296414],[76.4387514,10.0915146],[76.43829348,10.090442699999999],[76.43659212,10.089497609999999],[76.43436444,10.0872297],[76.43357856,10.085592239999999],[76.43363939999999,10.082441339999999],[76.433571,10.07935335],[76.43310552,10.077210449999999],[76.43310552,10.07506656],[76.4328384,10.073492009999999],[76.43231207999999,10.07153793],[76.43185416,10.07109738],[76.43086991999999,10.07052993],[76.42923732,10.06870266],[76.42799387999999,10.06851384],[76.42630007999999,10.06832601],[76.42427076,10.067443829999998],[76.42289736,10.06624701],[76.42211904,10.066184009999999],[76.42075356,10.067633639999999],[76.41866304,10.069147079999999],[76.41807551999999,10.07015517],[76.41808307999999,10.071163169999998],[76.4171676,10.07198334],[76.41461951999999,10.071921329999999],[76.41410076,10.07236197],[76.4136504,10.07393742],[76.41247571999999,10.074946409999999],[76.41045396,10.07633304],[76.40908811999999,10.07664777],[76.40784468,10.078098299999999],[76.40647883999999,10.07935902],[76.40517419999999,10.080179189999999],[76.4044722,10.08179955],[76.40623475999999,10.08392814],[76.40806572,10.08657459],[76.40852364,10.08789921],[76.40807328,10.08903411],[76.40708939999999,10.09016892],[76.40650944,10.09142973],[76.40553276,10.09401606],[76.40443404,10.09716795],[76.40515151999999,10.097230949999998],[76.40645615999999,10.096726409999999],[76.40834796,10.096726409999999],[76.40985096,10.097292869999999],[76.40998092,10.098050129999999],[76.40946179999999,10.10031894],[76.40862263999999,10.10183337],[76.40816507999999,10.103302979999999]]]},"properties":{"CEN_2001":"3208000100080700","SUB_DIST":"Kunnathunad","TYPE":"Village","STATE":"Kerala","NAME":"Vazhakulam","DISTRICT":"Ernakulam"}},
{"type":"Feature","geometry":{"type":"Polygon","coordinates":[[[76.34519963999999,10.09897992],[76.3488234,10.096373519999998],[76.35166919999999,10.094491979999999],[76.35538475999999,10.09147743],[76.35757464,10.089688319999999],[76.36146552,10.08762075],[76.36458599999999,10.0874691],[76.36505111999999,10.087446239999998],[76.36505903999999,10.08668808],[76.36217508,10.0824156],[76.35743712,10.073781989999999],[76.35210407999999,10.067831009999999],[76.35214223999999,10.0680714],[76.35187547999999,10.06854723],[76.34978496,10.06856631],[76.34860992,10.069119449999999],[76.34729772,10.070959049999999],[76.34597004,10.07415198],[76.34511576,10.07585235],[76.343544,10.076610599999999],[76.34243771999999,10.07628345],[76.34081268,10.07474139],[76.3395156,10.07326413],[76.33853927999999,10.073272679999999],[76.33742507999999,10.073350889999999],[76.33698263999999,10.07132526],[76.33653263999999,10.070042579999999],[76.3351668,10.06910802],[76.33328256,10.067365619999999],[76.33191672,10.06697178],[76.33107,10.06616781],[76.32970415999999,10.06503012],[76.32788076,10.065452579999999],[76.32563004,10.06646634],[76.32511127999999,10.066500629999998],[76.32537083999999,10.06657128],[76.32591264,10.066933619999999],[76.32673632,10.06768224],[76.32692712,10.06799508],[76.32702648,10.06829073],[76.32720936,10.06932636],[76.32746892,10.07020854],[76.32801828,10.07133678],[76.32830052,10.071974789999999],[76.32864396,10.072332359999999],[76.32895644,10.072488779999999],[76.32914724,10.07258418],[76.33007819999999,10.0729809],[76.33069596,10.07334423],[76.33187099999999,10.07390304],[76.33289339999999,10.07447337],[76.33303056,10.074596399999999],[76.33306872,10.074702239999999],[76.33314503999999,10.074999779999999],[76.33307663999999,10.07533359],[76.33278648,10.075859099999999],[76.3319016,10.076931],[76.33181015999999,10.077187499999999],[76.33173384,10.07742789],[76.33178712,10.078289009999999],[76.33198548,10.0788975],[76.33220688,10.07921025],[76.33246607999999,10.07942769],[76.33275588,10.07953362],[76.33280952,10.079550719999999],[76.33434312,10.07983683],[76.33485395999999,10.0800009],[76.33532699999999,10.080229769999999],[76.33548719999999,10.0804815],[76.3355484,10.08080478],[76.33552535999999,10.081146239999999],[76.33539576,10.081463849999999],[76.33537308,10.081498139999999],[76.3351974,10.081660229999999],[76.33486187999999,10.08180522],[76.33416743999999,10.082117069999999],[76.33360296,10.082250629999999],[76.33339704,10.082362139999999],[76.33329768,10.08250236],[76.33326708,10.08255771],[76.3332444,10.08266355],[76.33287036,10.084164659999999],[76.33273319999999,10.08495045],[76.33278648,10.08555795],[76.33301544,10.08616734],[76.33323684,10.08692451],[76.33393092,10.088693639999999],[76.33450332,10.088992079999999],[76.33476252,10.089338309999999],[76.33498392,10.08975123],[76.33502963999999,10.08983709],[76.33552535999999,10.09099008],[76.33580004,10.09158516],[76.33641816,10.09254168],[76.33712016,10.09329129],[76.33724219999999,10.09337805],[76.33779912,10.09361835],[76.33789811999999,10.093627889999999],[76.33835604,10.09371375],[76.33861524,10.093733819999999],[76.33905012,10.093733819999999],[76.33916459999999,10.093733819999999],[76.33930212,10.09369566],[76.33979783999999,10.0935621],[76.33996596,10.093465799999999],[76.34017944,10.0933218],[76.34032452,10.093168259999999],[76.34048471999999,10.0929861],[76.340538,10.09288026],[76.34062188,10.09275534],[76.34081268,10.09244826],[76.34094984,10.092218399999998],[76.34108735999999,10.092006719999999],[76.34127059999999,10.09189224],[76.34161368,10.0918341],[76.34178143999999,10.0918341],[76.34227752,10.09193994],[76.34235384,10.091978999999998],[76.34287259999999,10.09216116],[76.34302523999999,10.09223847],[76.34392559999999,10.09270188],[76.34426868,10.09298988],[76.3445052,10.093277969999999],[76.34452823999999,10.09348011],[76.34453579999999,10.09360413],[76.34442888,10.09395981],[76.34438315999999,10.094083829999999],[76.34420784,10.09442043],[76.34408579999999,10.09467027],[76.34378808,10.09517859],[76.34368907999999,10.09539036],[76.343544,10.09577367],[76.34348279999999,10.095966359999998],[76.34362032,10.0972557],[76.34395583999999,10.097878499999998],[76.34439864,10.098292319999999],[76.34497823999999,10.09880928],[76.34519963999999,10.09897992]]]},"properties":{"CEN_2001":"3208000240806000","SUB_DIST":"Aluva","TYPE":"Town","STATE":"Kerala","NAME":"Choornikkara","DISTRICT":"Ernakulam"}},
{"type":"Feature","geometry":{"type":"Polygon","coordinates":[[[76.2815016,10.072599389999999],[76.28215032,10.07287785],[76.2832566,10.074051899999999],[76.28439347999999,10.07689671],[76.28569019999999,10.078496909999998],[76.28648364,10.080392849999999],[76.28659812,10.08177471],[76.28559876,10.084034879999999],[76.28343192,10.08722214],[76.28380596,10.08979317],[76.28446944,10.09269333],[76.28566751999999,10.09357929],[76.28742971999999,10.094408009999999],[76.2898482,10.09474947],[76.29145056,10.09457775],[76.29411311999999,10.092814469999999],[76.29560099999999,10.09089567],[76.2957306,10.09073349],[76.29653916,10.08838179],[76.29782112,10.083109859999999],[76.2991182,10.07888697],[76.30040736,10.07719515],[76.30256664,10.076346359999999],[76.3047792,10.07587908],[76.30658711999999,10.0767069],[76.30946352,10.07603739],[76.31115731999999,10.075674059999999],[76.31449884,10.078099289999999],[76.31560512,10.078987139999999],[76.31587223999999,10.07802774],[76.31542979999999,10.076936759999999],[76.31670383999999,10.0770588],[76.31740583999999,10.07646183],[76.3181838,10.07651997],[76.31922924,10.076835599999999],[76.31964864,10.07673363],[76.31963352,10.074132899999999],[76.32100691999999,10.07177067],[76.32131183999999,10.070095049999999],[76.32135,10.06694415],[76.32157896,10.06586838],[76.32095328,10.06575777],[76.318947,10.06411077],[76.31720748,10.061730359999999],[76.3157808,10.060900649999999],[76.31414783999999,10.061433809999999],[76.31026451999999,10.06341363],[76.30908192,10.063425059999998],[76.3060302,10.0619631],[76.30503084,10.061325089999999],[76.30478676,10.06048485],[76.30573283999999,10.05885693],[76.30693056,10.057550399999998],[76.3069914,10.056966749999999],[76.30637363999999,10.0558062],[76.30632036,10.05405804],[76.30683119999999,10.052644769999999],[76.30805196,10.05182361],[76.30902108,10.05175017],[76.30930332,10.05168249],[76.30949412,10.05138873],[76.30949412,10.051000559999999],[76.30918883999999,10.0503225],[76.30812827999999,10.049490899999999],[76.30617527999999,10.047113459999998],[76.30484003999999,10.04540823],[76.30351272,10.04370399],[76.30300908,10.04341698],[76.30262748,10.04342076],[76.30188768,10.043428409999999],[76.3011702,10.04382324],[76.30040736,10.044931409999998],[76.29909516,10.047393809999999],[76.29857639999999,10.04834934],[76.29769152,10.051433549999999],[76.29649343999999,10.05354981],[76.29463944,10.05538086],[76.29347231999999,10.05746364],[76.29302987999999,10.05850503],[76.29311376,10.0602846],[76.29412823999999,10.06228449],[76.29459372,10.06363962],[76.29473879999999,10.06490133],[76.29401412,10.06665705],[76.292946,10.0677357],[76.29187788,10.06797222],[76.28919228,10.06815906],[76.28750604,10.068498629999999],[76.28672015999999,10.06905555],[76.28597244,10.06980804],[76.28486615999999,10.070983889999999],[76.28324112,10.07161524],[76.2823638,10.07207586],[76.2815016,10.072599389999999]]]},"properties":{"CEN_2001":"3208000340812000","SUB_DIST":"Paravur","TYPE":"Town","STATE":"Kerala","NAME":"Eloor","DISTRICT":"Ernakulam"}},
{"type":"Feature","geometry":{"type":"Polygon","coordinates":[[[76.43185416,10.07109738],[76.43231207999999,10.07153793],[76.4328384,10.073492009999999],[76.43310552,10.07506656],[76.43310552,10.077210449999999],[76.433571,10.07935335],[76.43363939999999,10.082441339999999],[76.43357856,10.085592239999999],[76.43436444,10.0872297],[76.43659212,10.089497609999999],[76.43829348,10.090442699999999],[76.44104784,10.09040067],[76.44263472,10.0904913],[76.44338244,10.0902996],[76.44325248,10.0892916],[76.44244391999999,10.08780768],[76.44258864,10.087022789999999],[76.44245903999999,10.085700059999999],[76.44173436,10.084377329999999],[76.44219192,10.083808889999998],[76.44340512,10.08428094],[76.44545747999999,10.084816889999999],[76.44715884,10.08544734],[76.44774636,10.085510249999999],[76.44872267999999,10.084753079999999],[76.45140072,10.084753079999999],[76.45198823999999,10.084247549999999],[76.45127112,10.08307269],[76.45053852,10.08053019],[76.44916547999999,10.07687475],[76.4501418,10.07555202],[76.45131683999999,10.07567694],[76.45210272,10.07687475],[76.4533386,10.07719038],[76.45444488,10.075802759999998],[76.45712291999999,10.075990679999999],[76.45823675999999,10.07592777],[76.45888511999999,10.075235399999999],[76.46018975999999,10.07567505],[76.46090688,10.074729959999999],[76.46129604,10.07346915],[76.46253983999999,10.073217419999999],[76.46390532,10.073972699999999],[76.46469119999999,10.074540149999999],[76.46534711999999,10.07428833],[76.46540832,10.07315253],[76.46612544,10.07296371],[76.46691132,10.07308962],[76.46807844,10.07126235],[76.46886432,10.070820809999999],[76.4697798,10.07107254],[76.46997816,10.071891809999999],[76.46945939999999,10.073214539999999],[76.46945939999999,10.0739088],[76.4708328,10.07485389],[76.47161111999999,10.07460117],[76.47330491999999,10.072835909999998],[76.47435,10.07239536],[76.47532668,10.07258418],[76.47630299999999,10.071386369999999],[76.4777376,10.07107065],[76.47982775999999,10.06899075],[76.4810028,10.06848621],[76.48184952,10.0684233],[76.48302455999999,10.067603129999998],[76.48367291999999,10.067666039999999],[76.48451999999999,10.06810668],[76.48569504,10.06772904],[76.48752599999999,10.06678296],[76.48830396,10.06552215],[76.4892198,10.065836879999999],[76.48993691999999,10.06533333],[76.49052443999999,10.065017699999999],[76.49221788,10.065584159999998],[76.49313371999999,10.065395339999998],[76.49385084,10.06476498],[76.49528507999999,10.06476399],[76.4958114,10.065267539999999],[76.49646012,10.06408692],[76.49495712,10.063267739999999],[76.49338535999999,10.061187749999998],[76.49246987999999,10.05891993],[76.49115768,10.056902849999998],[76.48906715999999,10.05551721],[76.48834212,10.053564029999999],[76.48729704,10.05198858],[76.48638156,10.049593949999998],[76.48500059999999,10.04726313],[76.48451243999999,10.04709915],[76.48369595999999,10.046821589999999],[76.48187256,10.047200219999999],[76.48056036,10.04764176],[76.47958367999999,10.047201119999999],[76.47925572,10.0448694],[76.47833268,10.043482769999999],[76.47689808,10.043419859999998],[76.47487631999999,10.04247477],[76.47226703999999,10.04304312],[76.47187788,10.04411511],[76.4723358,10.045311929999999],[76.47194664,10.04594229],[76.46881103999999,10.04638383],[76.46509547999999,10.048275989999999],[76.46379083999999,10.04852772],[76.46195988,10.04777244],[76.45915224,10.04632281],[76.4578476,10.046954159999999],[76.45433039999999,10.050925229999999],[76.45302575999999,10.05212304],[76.45022567999999,10.05344676],[76.44918059999999,10.054834379999999],[76.4476164,10.05659865],[76.44500748,10.05767055],[76.44409956,10.059120179999999],[76.44312287999999,10.05994035],[76.44194784,10.060758629999999],[76.44078071999999,10.06290243],[76.43856059999999,10.06441497],[76.43712599999999,10.06498341],[76.4354934,10.06441596],[76.4343414,10.06406406],[76.43425751999999,10.06403832],[76.43425751999999,10.0647936],[76.43491379999999,10.065802589999999],[76.43484504,10.06706331],[76.43419632,10.068449939999999],[76.43244168,10.069710749999999],[76.43237291999999,10.07078175],[76.43185416,10.07109738]]]},"properties":{"CEN_2001":"3208000100080800","SUB_DIST":"Kunnathunad","TYPE":"Village","STATE":"Kerala","NAME":"Arakapady","DISTRICT":"Ernakulam"}},
{"type":"Feature","geometry":{"type":"Polygon","coordinates":[[[76.4044722,10.08179955],[76.40517419999999,10.080179189999999],[76.40647883999999,10.07935902],[76.40784468,10.078098299999999],[76.40908811999999,10.07664777],[76.41045396,10.07633304],[76.41247571999999,10.074946409999999],[76.4136504,10.07393742],[76.41410076,10.07236197],[76.41461951999999,10.071921329999999],[76.4171676,10.07198334],[76.41808307999999,10.071163169999998],[76.41807551999999,10.07015517],[76.41866304,10.069147079999999],[76.42075356,10.067633639999999],[76.42211904,10.066184009999999],[76.42289736,10.06624701],[76.42427076,10.067443829999998],[76.42630007999999,10.06832601],[76.42799387999999,10.06851384],[76.42923732,10.06870266],[76.43086991999999,10.07052993],[76.43185416,10.07109738],[76.43237291999999,10.07078175],[76.43244168,10.069710749999999],[76.43419632,10.068449939999999],[76.43484504,10.06706331],[76.43491379999999,10.065802589999999],[76.43425751999999,10.0647936],[76.43425751999999,10.06403832],[76.4343414,10.06406406],[76.43431872,10.0640106],[76.43438712,10.063110329999999],[76.43421936,10.06206795],[76.43206008,10.06017687],[76.43016827999999,10.06005096],[76.4262468,10.06005195],[76.42552932,10.059548399999999],[76.42422468,10.05885414],[76.42395791999999,10.05671025],[76.42323288,10.055070899999999],[76.42316448,10.054187729999999],[76.42420956,10.053998909999999],[76.42492668,10.05355737],[76.42512504,10.052106839999999],[76.4255754,10.05128667],[76.4270784,10.04889015],[76.42733004,10.046493539999998],[76.42667376,10.04472828],[76.42713167999999,10.04365638],[76.42791,10.04233167],[76.42692575999999,10.04081823],[76.42509444,10.03968432],[76.42463688,10.03861233],[76.42561355999999,10.03791807],[76.4255448,10.03653144],[76.42430891999999,10.03526973],[76.42397303999999,10.03432365],[76.4244918,10.031864129999999],[76.42365264,10.03117941],[76.42363752,10.031185169999999],[76.42353059999999,10.031209019999999],[76.42334736,10.031212799999999],[76.42314144,10.031183279999999],[76.42310327999999,10.03122333],[76.42304999999999,10.031264279999998],[76.42295064,10.0312767],[76.42284407999999,10.03128147],[76.42254636,10.03122135],[76.42192068,10.03117563],[76.42184436,10.03117563],[76.42179863999999,10.03116609],[76.42171476,10.03112217],[76.4213868,10.031129819999999],[76.42124172,10.03109265],[76.42111967999999,10.03106403],[76.42092131999999,10.030974389999999],[76.42083744,10.030940999999999],[76.42079928,10.03092579],[76.42073807999999,10.03093434],[76.42066967999999,10.03096008],[76.42063152,10.030974389999999],[76.42057788,10.03098492],[76.42051704,10.030971509999999],[76.42045583999999,10.030942889999999],[76.4203338,10.03087809],[76.42029563999999,10.03087143],[76.42008971999999,10.030887629999999],[76.41962423999999,10.030915259999999],[76.41949464,10.03090572],[76.41944136,10.03087332],[76.41928116,10.03071591],[76.41922751999999,10.03069116],[76.41910548,10.03065966],[76.4190828,10.03065966],[76.41900648,10.03066542],[76.41896831999999,10.03064058],[76.41892259999999,10.03054716],[76.41889956,10.03052997],[76.41886896,10.03052997],[76.4188308,10.03055094],[76.41874691999999,10.03061106],[76.41871631999999,10.030615829999999],[76.4186706,10.03060629],[76.41860184,10.030566239999999],[76.41852551999999,10.030540499999999],[76.41848771999999,10.030536629999999],[76.4184114,10.03054617],[76.41832715999999,10.030565249999999],[76.41823572,10.030597649999999],[76.41818244,10.03062915],[76.41815184,10.030672079999999],[76.41806795999999,10.03089618],[76.4179686,10.03109643],[76.41793836,10.03112127],[76.41793043999999,10.03112694],[76.41790019999999,10.03114701],[76.417839,10.031148],[76.41775512,10.031106959999999],[76.41773208,10.031106959999999],[76.41771695999999,10.031129819999999],[76.41764819999999,10.03131009],[76.41762551999999,10.03135491],[76.41759492,10.03138443],[76.4175492,10.031396849999998],[76.41751104,10.031395949999999],[76.41747287999999,10.031373989999999],[76.417389,10.03124808],[76.41736596,10.03122522],[76.41733536,10.03121856],[76.4172972,10.03122423],[76.41727451999999,10.03125285],[76.41723635999999,10.03130532],[76.41721331999999,10.03133484],[76.41717516,10.0313559],[76.41704555999999,10.031376869999999],[76.41699983999999,10.03139118],[76.41688536,10.031584769999998],[76.41684719999999,10.03163436],[76.41680903999999,10.031669639999999],[76.41674028,10.03170303],[76.41667188,10.031719229999998],[76.41650376,10.031749739999999],[76.41643536,10.03176495],[76.41639719999999,10.031782139999999],[76.41638963999999,10.03181931],[76.41638171999999,10.032051059999999],[76.41636659999999,10.032102539999999],[76.41631332,10.032130259999999],[76.41622152,10.03212162],[76.41609192,10.03208067],[76.41596231999999,10.0320921],[76.41580212,10.0321722],[76.41569519999999,10.03225419],[76.41560376,10.03238586],[76.41555804,10.032402059999999],[76.41549683999999,10.032402059999999],[76.41539748,10.0323315],[76.41535932,10.032317189999999],[76.4152146,10.03238298],[76.41511523999999,10.03244589],[76.41506951999999,10.03251456],[76.41503892,10.032800669999999],[76.41481032,10.033015229999998],[76.41477216,10.03308102],[76.41477216,10.03314969],[76.41483299999999,10.033317539999999],[76.41482544,10.033367129999998],[76.41476424,10.033399619999999],[76.41452016,10.033424369999999],[76.41442871999999,10.03346154],[76.41437544,10.03349781],[76.41433728,10.0335474],[76.41427608,10.03378491],[76.41425339999999,10.03386024],[76.41422279999999,10.03388787],[76.41376487999999,10.03408245],[76.41369612,10.03408722],[76.4136504,10.03408434],[76.41361223999999,10.03405194],[76.41355139999999,10.033856369999999],[76.41346752,10.033687619999998],[76.41342936,10.03365801],[76.41339119999999,10.033637039999999],[76.41332999999999,10.033642799999999],[76.41317735999999,10.03368852],[76.41316223999999,10.033698059999999],[76.41307836,10.03371147],[76.41298692,10.03370094],[76.41293327999999,10.03367898],[76.41289511999999,10.03364946],[76.41288,10.03362273],[76.41288,10.03357701],[76.41288,10.03349304],[76.41288755999999,10.03344156],[76.41288,10.03340916],[76.41285696,10.03338432],[76.4126586,10.03325652],[76.41259776,10.033239329999999],[76.41254411999999,10.033239329999999],[76.41246023999999,10.03325652],[76.41236124,10.033310879999998],[76.41229247999999,10.033313759999999],[76.41217044,10.033337609999998],[76.41204083999999,10.033394849999999],[76.41196452,10.03344345],[76.41188063999999,10.033451999999999],[76.41165923999999,10.033344269999999],[76.41159804,10.03330233],[76.41151416,10.033287029999999],[76.41143783999999,10.033287029999999],[76.41126252,10.03332618],[76.41120131999999,10.033341389999999],[76.41117863999999,10.03335282],[76.41114804,10.033400519999999],[76.41114048,10.03346064],[76.41114048,10.03352067],[76.41110988,10.033535969999999],[76.41106416,10.03352355],[76.41087336,10.03343103],[76.4107056,10.0333557],[76.41045396,10.033316639999999],[76.41011051999999,10.03329756],[76.40991971999999,10.03318695],[76.4097444,10.03307823],[76.40956872,10.03302954],[76.40926343999999,10.03292082],[76.40892036,10.03267674],[76.40867628,10.03239342],[76.40859239999999,10.032340049999998],[76.40814204,10.032134039999999],[76.40792855999999,10.032046289999998],[76.40749367999999,10.03198716],[76.40703576,10.031887979999999],[76.40686043999999,10.031826059999998],[76.40669267999999,10.031809769999999],[76.4063262,10.03173921],[76.40593704,10.031621939999999],[76.40583803999999,10.03160286],[76.40554032,10.031615279999999],[76.40541827999999,10.031591429999999],[76.40534987999999,10.031561819999999],[76.40532684,10.031512229999999],[76.4053344,10.03143879],[76.40531172,10.031346359999999],[76.4052354,10.031185169999999],[76.40521992,10.031104079999999],[76.40525052,10.031000129999999],[76.40525052,10.030940999999999],[76.4052354,10.030891409999999],[76.40514359999999,10.030831379999999],[76.40490708,10.03065966],[76.40475479999999,10.03050423],[76.40435808,10.03055283],[76.40412912,10.03057767],[76.40356428,10.030561469999999],[76.40344223999999,10.0305729],[76.40325179999999,10.030615829999999],[76.40321363999999,10.030670189999999],[76.40317547999999,10.03119372],[76.40307612,10.03125474],[76.40303039999999,10.031343479999999],[76.40302283999999,10.03143501],[76.4031294,10.031865119999999],[76.40319815999999,10.03235436],[76.40316756,10.032533639999999],[76.40307612,10.032771149999999],[76.4029008,10.033102979999999],[76.4028396,10.033129709999999],[76.40271756,10.033068689999999],[76.40259551999999,10.032936119999999],[76.40241228,10.032752969999999],[76.40222184,10.032609959999998],[76.40212247999999,10.03254507],[76.40198532,10.03251744],[76.40185536,10.03252032],[76.40156556,10.032534629999999],[76.40128331999999,10.03251456],[76.40071884,10.032476399999998],[76.40036784,10.032537419999999],[76.39974971999999,10.032645239999999],[76.39929971999999,10.03262238],[76.3991928,10.03259754],[76.39907076,10.03235724],[76.39899444,10.032185519999999],[76.39887239999999,10.032045389999999],[76.39852896,10.031751629999999],[76.39819344,10.031376869999999],[76.39804835999999,10.03117086],[76.39800264,10.03104306],[76.39782731999999,10.030396499999998],[76.39784243999999,10.030346909999999],[76.39774308,10.03036401],[76.39746084,10.03020759],[76.39734636,10.03019526],[76.39724736,10.030213349999999],[76.39704144,10.030346909999999],[76.39684308,10.030454639999999],[76.39639272,10.03061007],[76.39629371999999,10.03060629],[76.39590455999999,10.030381199999999],[76.39579008,10.030328729999999],[76.39561476,10.030328729999999],[76.39482887999999,10.03052898],[76.39448544,10.03057101],[76.39382952,10.03052898],[76.39358508,10.03054617],[76.39344036,10.030620599999999],[76.39319628,10.03102974],[76.39299792,10.03128147],[76.39277652,10.031396849999998],[76.39158635999999,10.03160574],[76.39140311999999,10.03160574],[76.39048763999999,10.03117086],[76.389084,10.03073598],[76.38893136,10.03071114],[76.38874055999999,10.03077027],[76.38848892,10.0310373],[76.38815303999999,10.031587559999998],[76.3877412,10.03193568],[76.38746651999999,10.032019649999999],[76.38720696,10.0320282],[76.38691716,10.03192047],[76.38626088,10.03117563],[76.38570396,10.03063293],[76.38557435999999,10.030590989999999],[76.385025,10.0303974],[76.38484967999999,10.03026195],[76.38442235999999,10.02995208],[76.38403319999999,10.02952197],[76.38338483999999,10.02898404],[76.38311772,10.028864879999999],[76.38279732,10.028786669999999],[76.3825914,10.028786669999999],[76.38226308,10.02880188],[76.38155352,10.029029849999999],[76.38114924,10.029054599999998],[76.38094332,10.02894021],[76.38084395999999,10.028819069999999],[76.3795548,10.030380209999999],[76.37999724,10.031941439999999],[76.38012683999999,10.03238586],[76.380417,10.03457547],[76.38155352,10.03694634],[76.38117983999999,10.0380402],[76.38124859999999,10.038491279999999],[76.38139332,10.039359059999999],[76.38249959999999,10.03891752],[76.38321672,10.03942206],[76.38335423999999,10.042322129999999],[76.38381179999999,10.04295258],[76.384926,10.043457029999999],[76.38656616,10.046608919999999],[76.38853463999999,10.05057999],[76.39035804,10.050138449999999],[76.39127352,10.050327269999999],[76.39304363999999,10.053479159999998],[76.39514172,10.057008779999999],[76.39716347999999,10.05808068],[76.39893323999999,10.0594044],[76.39932239999999,10.060223579999999],[76.39920036,10.06331256],[76.39979543999999,10.06570908],[76.39966584,10.0681047],[76.39882668,10.069681139999998],[76.39843751999999,10.071067769999999],[76.39836876,10.07245539],[76.40236655999999,10.07926272],[76.4044722,10.08179955]]]},"properties":{"CEN_2001":"3208000100081200","SUB_DIST":"Kunnathunad","TYPE":"Village","STATE":"Kerala","NAME":"Kizhakkambalam","DISTRICT":"Ernakulam"}},
{"type":"Feature","geometry":{"type":"Polygon","coordinates":[[[76.32157896,10.06586838],[76.32501228,10.066474889999999],[76.32511127999999,10.066500629999998],[76.32563004,10.06646634],[76.32788076,10.065452579999999],[76.32970415999999,10.06503012],[76.33107,10.06616781],[76.33191672,10.06697178],[76.33328256,10.067365619999999],[76.3351668,10.06910802],[76.33653263999999,10.070042579999999],[76.33698263999999,10.07132526],[76.33742507999999,10.073350889999999],[76.33853927999999,10.073272679999999],[76.3395156,10.07326413],[76.34081268,10.07474139],[76.34243771999999,10.07628345],[76.343544,10.076610599999999],[76.34511576,10.07585235],[76.34597004,10.07415198],[76.34729772,10.070959049999999],[76.34860992,10.069119449999999],[76.34978496,10.06856631],[76.35187547999999,10.06854723],[76.35214223999999,10.0680714],[76.35210407999999,10.067831009999999],[76.35182184,10.066042889999999],[76.35209651999999,10.06387524],[76.35256199999999,10.062517139999999],[76.35373704,10.062167129999999],[76.35472091999999,10.06175232],[76.35577391999999,10.06045632],[76.35578147999999,10.059305219999999],[76.35389724,10.05729201],[76.35403439999999,10.0555992],[76.35462948,10.054780919999999],[76.35646043999999,10.054696049999999],[76.35900887999999,10.05379299],[76.3595964,10.053111059999999],[76.35948192,10.050539939999998],[76.3601454,10.04823207],[76.36120595999999,10.046395259999999],[76.36173264,10.04551029],[76.35920723999999,10.041912089999999],[76.35858155999999,10.037043539999999],[76.35742956,10.032723449999999],[76.35711672,10.03103451],[76.35653676,10.02963546],[76.35589596,10.02686499],[76.35388932,10.02437973],[76.3532334,10.024317719999999],[76.35172284,10.02629475],[76.35066984,10.02786066],[76.35040271999999,10.029082319999999],[76.34941848,10.030106519999999],[76.34653488,10.03270626],[76.34429928,10.035500489999999],[76.34304791999999,10.03686714],[76.34134691999999,10.037356379999999],[76.33853927999999,10.037788379999999],[76.33651716,10.0385523],[76.33527371999999,10.03842828],[76.33203119999999,10.03534416],[76.33203875999999,10.03392315],[76.33348092,10.03275873],[76.33354931999999,10.03221702],[76.33153548,10.030407929999999],[76.33002456,10.0314369],[76.32904823999999,10.03144644],[76.32801072,10.03071114],[76.32604979999999,10.030459409999999],[76.32429515999999,10.029933],[76.32084671999999,10.02752874],[76.3181838,10.0254555],[76.31545247999999,10.02460005],[76.31381988,10.02359961],[76.31153855999999,10.02348612],[76.30982963999999,10.023502319999999],[76.30918883999999,10.02350808],[76.30728155999999,10.025827379999999],[76.30635059999999,10.02942279],[76.30529795999999,10.03085424],[76.30438248,10.03160664],[76.30377947999999,10.03438755],[76.30120079999999,10.03982733],[76.30145279999999,10.041110009999999],[76.30210115999999,10.04225544],[76.30262748,10.04342076],[76.30300908,10.04341698],[76.30351272,10.04370399],[76.30484003999999,10.04540823],[76.30617527999999,10.047113459999998],[76.30812827999999,10.049490899999999],[76.30918883999999,10.0503225],[76.30949412,10.051000559999999],[76.30949412,10.05138873],[76.30930332,10.05168249],[76.30902108,10.05175017],[76.30805196,10.05182361],[76.30683119999999,10.052644769999999],[76.30632036,10.05405804],[76.30637363999999,10.0558062],[76.3069914,10.056966749999999],[76.30693056,10.057550399999998],[76.30573283999999,10.05885693],[76.30478676,10.06048485],[76.30503084,10.061325089999999],[76.3060302,10.0619631],[76.30908192,10.063425059999998],[76.31026451999999,10.06341363],[76.31414783999999,10.061433809999999],[76.3157808,10.060900649999999],[76.31720748,10.061730359999999],[76.318947,10.06411077],[76.32095328,10.06575777],[76.32157896,10.06586838]]]},"properties":{"CEN_2001":"3208000540817000","SUB_DIST":"Kanayannur","TYPE":"Town","STATE":"Kerala","NAME":"Kalamassery","DISTRICT":"Ernakulam"}},
{"type":"Feature","geometry":{"type":"Polygon","coordinates":[[[76.28031143999999,10.0629063],[76.280571,10.06350327],[76.28131871999999,10.06840611],[76.28054795999999,10.070470799999999],[76.28028875999999,10.07166861],[76.28076936,10.07228088],[76.2815016,10.072599389999999],[76.2823638,10.07207586],[76.28324112,10.07161524],[76.28486615999999,10.070983889999999],[76.28597244,10.06980804],[76.28672015999999,10.06905555],[76.28750604,10.068498629999999],[76.28919228,10.06815906],[76.29187788,10.06797222],[76.292946,10.0677357],[76.29401412,10.06665705],[76.29473879999999,10.06490133],[76.29459372,10.06363962],[76.29412823999999,10.06228449],[76.29311376,10.0602846],[76.29302987999999,10.05850503],[76.29347231999999,10.05746364],[76.29463944,10.05538086],[76.29649343999999,10.05354981],[76.29769152,10.051433549999999],[76.29857639999999,10.04834934],[76.29909516,10.047393809999999],[76.29692075999999,10.04693886],[76.29574572,10.04640867],[76.29549408,10.045666709999999],[76.2943878,10.045067759999998],[76.29302231999999,10.04365917],[76.29283152,10.042510049999999],[76.29277787999999,10.040276519999999],[76.29174035999999,10.039406759999999],[76.28855148,10.03781223],[76.28731524,10.03667166],[76.28839128,10.034014679999999],[76.28965776,10.031152769999998],[76.290039,10.028946869999999],[76.28892515999999,10.027274129999999],[76.28531652,10.024586639999999],[76.28346252,10.02214242],[76.28008283999999,10.02295116],[76.278015,10.023714989999998],[76.27682483999999,10.02502152],[76.27481856,10.02555846],[76.27319351999999,10.02628611],[76.27199544,10.02849867],[76.27103423999999,10.032264719999999],[76.27081283999999,10.0322847],[76.27121747999999,10.03313826],[76.27095792,10.035471959999999],[76.27012631999999,10.03884795],[76.26905063999999,10.04190156],[76.26903516,10.04449275],[76.2702102,10.046360969999999],[76.27145399999999,10.04712678],[76.27226255999999,10.047766679999999],[76.27457412,10.04716206],[76.278015,10.04615883],[76.27901471999999,10.046278979999999],[76.2803802,10.04769234],[76.28124996,10.04878521],[76.28136443999999,10.05066207],[76.28073119999999,10.05176925],[76.27991472,10.05320169],[76.27984631999999,10.0543032],[76.28039568,10.056694949999999],[76.28099076,10.06128792],[76.28031143999999,10.0629063]]]},"properties":{"CEN_2001":"3208000540816000","SUB_DIST":"Kanayannur","TYPE":"Town","STATE":"Kerala","NAME":"Cheranallur","DISTRICT":"Ernakulam"}},
{"type":"Feature","geometry":{"type":"Polygon","coordinates":[[[76.23468,10.06897446],[76.23587807999999,10.069473239999999],[76.23907487999999,10.07137485],[76.24050912,10.07225703],[76.24159236,10.07204823],[76.24398024,10.07086086],[76.24485,10.069224389999999],[76.2459336,10.069013609999999],[76.24949652,10.070194229999998],[76.2521364,10.07031249],[76.25234232,10.070007299999999],[76.25290679999999,10.069709759999999],[76.25399795999999,10.069440839999999],[76.25524895999999,10.06942941],[76.25714868,10.0696707],[76.25814804,10.069336889999999],[76.25956715999999,10.067898779999998],[76.26084911999999,10.066527359999998],[76.26107015999999,10.06581303],[76.26108563999999,10.06425765],[76.261032,10.06260678],[76.26143664,10.062247319999999],[76.26215375999999,10.06220817],[76.26383964,10.06274322],[76.26639564,10.063561409999998],[76.2674256,10.06374645],[76.26982896,10.063238129999998],[76.27161419999999,10.06260588],[76.27314743999999,10.061976419999999],[76.27420799999999,10.06193448],[76.275612,10.06221195],[76.27620707999999,10.061818109999999],[76.27668768,10.05964371],[76.27713012,10.059737219999999],[76.27858739999999,10.06057836],[76.2797394,10.06155972],[76.28031143999999,10.0629063],[76.28099076,10.06128792],[76.28039568,10.056694949999999],[76.27984631999999,10.0543032],[76.27991472,10.05320169],[76.28073119999999,10.05176925],[76.28136443999999,10.05066207],[76.28124996,10.04878521],[76.2803802,10.04769234],[76.27901471999999,10.046278979999999],[76.278015,10.04615883],[76.27457412,10.04716206],[76.27226255999999,10.047766679999999],[76.27145399999999,10.04712678],[76.2702102,10.046360969999999],[76.26903516,10.04449275],[76.26905063999999,10.04190156],[76.27012631999999,10.03884795],[76.27095792,10.035471959999999],[76.27121747999999,10.03313826],[76.27081283999999,10.0322847],[76.27022568,10.03233717],[76.26604463999999,10.031403509999999],[76.26354984,10.031428349999999],[76.26322943999999,10.032856019999999],[76.26309984,10.034152019999999],[76.26184092,10.035524339999998],[76.26076524,10.03715325],[76.26025403999999,10.03923126],[76.25981915999999,10.039624199999999],[76.25831615999999,10.03950783],[76.25719439999999,10.03938867],[76.25663748,10.03848741],[76.25595095999999,10.03675176],[76.25589767999999,10.03661541],[76.25496672,10.036041299999999],[76.25396735999999,10.03592106],[76.25228111999999,10.03645512],[76.25053403999999,10.035822869999999],[76.24810799999999,10.03468041],[76.24320227999999,10.03489686],[76.24323288,10.035420389999999],[76.24340819999999,10.03651236],[76.24384307999999,10.03918554],[76.24395756,10.0406952],[76.24460592,10.043369279999999],[76.24515527999999,10.047305069999998],[76.24531547999999,10.04812524],[76.24565136,10.04977224],[76.24563588,10.051031069999999],[76.24550628,10.052265149999998],[76.24449143999999,10.053153],[76.24415592,10.054642679999999],[76.24322495999999,10.05731964],[76.24243152,10.058930369999999],[76.2419664,10.05980679],[76.24121076,10.06024167],[76.24024956,10.060624079999998],[76.2394104,10.061003699999999],[76.23808272,10.06142238],[76.2374574,10.06150338],[76.23472607999999,10.06886097],[76.23468,10.06897446]]]},"properties":{"CEN_2001":"3208000540815000","SUB_DIST":"Kanayannur","TYPE":"Town","STATE":"Kerala","NAME":"Kadamakkudy","DISTRICT":"Ernakulam"}},
{"type":"Feature","geometry":{"type":"Polygon","coordinates":[[[76.4343414,10.06406406],[76.4354934,10.06441596],[76.43712599999999,10.06498341],[76.43856059999999,10.06441497],[76.44078071999999,10.06290243],[76.44194784,10.060758629999999],[76.44312287999999,10.05994035],[76.44409956,10.059120179999999],[76.44500748,10.05767055],[76.4476164,10.05659865],[76.44918059999999,10.054834379999999],[76.45022567999999,10.05344676],[76.45302575999999,10.05212304],[76.45433039999999,10.050925229999999],[76.4578476,10.046954159999999],[76.45915224,10.04632281],[76.46195988,10.04777244],[76.46379083999999,10.04852772],[76.46509547999999,10.048275989999999],[76.46881103999999,10.04638383],[76.47194664,10.04594229],[76.4723358,10.045311929999999],[76.47187788,10.04411511],[76.47226703999999,10.04304312],[76.47148116,10.041404759999999],[76.47141275999999,10.039513589999999],[76.47023016,10.03737168],[76.47009263999999,10.034473409999999],[76.47046668,10.02728844],[76.46951304,10.021458599999999],[76.46983343999999,10.021348979999999],[76.46999364,10.021264109999999],[76.46997816,10.021182029999999],[76.46997816,10.020966569999999],[76.46996304,10.02074526],[76.46998608,10.02062511],[76.47010055999999,10.02023316],[76.47025284,10.019868839999999],[76.47024528,10.01969433],[76.47035976,10.019319569999999],[76.47045912,10.018915199999999],[76.47058116,10.01868435],[76.47073379999999,10.018569959999999],[76.47087096,10.01844981],[76.47087852,10.01833821],[76.4712144,10.01792718],[76.47126012,10.01783178],[76.47126012,10.017573389999999],[76.47149664,10.01737593],[76.47234336,10.0168848],[76.47276312,10.01663874],[76.47302232,10.016416529999999],[76.47328187999999,10.016173349999999],[76.47327431999999,10.01591298],[76.47319044,10.01566413],[76.47317496,10.015546769999998],[76.473198,10.015418069999999],[76.47326676,10.01525976],[76.47330491999999,10.015151939999999],[76.47332003999999,10.015085249999998],[76.47327431999999,10.014874469999999],[76.47328943999999,10.014733349999998],[76.47338088,10.014613109999999],[76.4734572,10.014414749999998],[76.4734878,10.01409912],[76.47354899999999,10.013883569999999],[76.47364044,10.01369952],[76.47374735999999,10.01357082],[76.47382368,10.01354031],[76.47402204,10.013546969999998],[76.47412104,10.01348874],[76.47427368,10.013310449999999],[76.47438815999999,10.013145479999999],[76.47451776,10.01299761],[76.4747316,10.012802129999999],[76.47472368,10.012599],[76.47472368,10.01243016],[76.474701,10.01216889],[76.47463979999999,10.012096439999999],[76.47463223999999,10.01200869],[76.47468552,10.011831299999999],[76.474701,10.01176263],[76.47462467999999,10.01165679],[76.47462467999999,10.01157471],[76.47487631999999,10.0114632],[76.47503651999999,10.01138112],[76.47522731999999,10.011342959999999],[76.4753418,10.011342959999999],[76.47538752,10.010994929999999],[76.47549443999999,10.01082132],[76.47570035999999,10.010560049999999],[76.47570035999999,10.01030445],[76.47573095999999,10.01010708],[76.47573095999999,10.00995156],[76.47573095999999,10.00987911],[76.47581484,10.0097046],[76.4760132,10.009382219999999],[76.47599016,10.009159109999999],[76.47643296,10.008642239999999],[76.47661584,10.00841715],[76.47666948,10.008292229999999],[76.47667704,10.00825308],[76.4745102,10.006766279999999],[76.47325884,10.006766279999999],[76.47219863999999,10.00610253],[76.47075647999999,10.00526049],[76.46976468,10.00628469],[76.46601851999999,10.006949429999999],[76.46308884,10.01189421],[76.46240232,10.012315769999999],[76.46065524,10.011290579999999],[76.45628339999999,10.012316669999999],[76.45566563999999,10.01243781],[76.45565807999999,10.01195622],[76.45590972,10.01014713],[76.45522319999999,10.010268179999999],[76.45497119999999,10.0111122],[76.45453631999999,10.01171493],[76.45416263999999,10.01171493],[76.45315536,10.01008701],[76.45240799999999,10.00839897],[76.45153031999999,10.007976509999999],[76.45040892,10.007676089999999],[76.44978323999999,10.007134469999999],[76.446846,10.00755594],[76.44478608,10.0077381],[76.44178764,10.008643139999998],[76.44017016,10.01153664],[76.43949119999999,10.01358702],[76.43911752,10.01437092],[76.43874348,10.01443194],[76.43861387999999,10.013045309999999],[76.43836223999999,10.01183895],[76.43755331999999,10.012501709999999],[76.43749247999999,10.01334663],[76.43724048,10.01419065],[76.43643191999999,10.01388933],[76.43599703999999,10.01370906],[76.43555459999999,10.014250769999999],[76.43537135999999,10.014250769999999],[76.43368548,10.0138302],[76.43256371999999,10.014311789999999],[76.43119032,10.01563929],[76.43013012,10.015819559999999],[76.42919916,10.01634408],[76.42922976,10.01634975],[76.42864223999999,10.017169919999999],[76.42498787999999,10.0181799],[76.42335528,10.01887416],[76.4235612,10.02202704],[76.42324079999999,10.024423559999999],[76.42252332,10.02631473],[76.42279044,10.02953241],[76.42324835999999,10.03085613],[76.42365264,10.03117941],[76.4244918,10.031864129999999],[76.42397303999999,10.03432365],[76.42430891999999,10.03526973],[76.4255448,10.03653144],[76.42561355999999,10.03791807],[76.42463688,10.03861233],[76.42509444,10.03968432],[76.42692575999999,10.04081823],[76.42791,10.04233167],[76.42713167999999,10.04365638],[76.42667376,10.04472828],[76.42733004,10.046493539999998],[76.4270784,10.04889015],[76.4255754,10.05128667],[76.42512504,10.052106839999999],[76.42492668,10.05355737],[76.42420956,10.053998909999999],[76.42316448,10.054187729999999],[76.42323288,10.055070899999999],[76.42395791999999,10.05671025],[76.42422468,10.05885414],[76.42552932,10.059548399999999],[76.4262468,10.06005195],[76.43016827999999,10.06005096],[76.43206008,10.06017687],[76.43421936,10.06206795],[76.43438712,10.063110329999999],[76.43431872,10.0640106],[76.4343414,10.06406406]]]},"properties":{"CEN_2001":"3208000100081100","SUB_DIST":"Kunnathunad","TYPE":"Village","STATE":"Kerala","NAME":"Pattimattom","DISTRICT":"Ernakulam"}},
{"type":"Feature","geometry":{"type":"Polygon","coordinates":[[[76.36173264,10.04551029],[76.36290731999999,10.04522796],[76.364334,10.046094929999999],[76.3664778,10.0476999],[76.3679808,10.04802417],[76.3692246,10.047741929999999],[76.37014008,10.0465155],[76.37145228,10.046096819999999],[76.37178816,10.0444689],[76.37224572,10.0433817],[76.37388623999999,10.04214762],[76.37456519999999,10.03828428],[76.37516027999999,10.036788929999998],[76.3761366,10.03637412],[76.37763204,10.03710465],[76.38124859999999,10.038491279999999],[76.38117983999999,10.0380402],[76.38155352,10.03694634],[76.380417,10.03457547],[76.38012683999999,10.03238586],[76.37999724,10.031941439999999],[76.37812056,10.03178691],[76.37779223999999,10.03178979],[76.37622839999999,10.03200723],[76.37596884,10.031806979999999],[76.37525928,10.03039173],[76.3744734,10.03060242],[76.37400828,10.031892749999999],[76.37374872,10.03176018],[76.37329872,10.03108689],[76.37199408,10.03028679],[76.37100984,10.031107859999999],[76.36976639999999,10.0328121],[76.36885056,10.032345809999999],[76.36760711999999,10.033643699999999],[76.3671492,10.0329714],[76.36624128,10.03297995],[76.36565411999999,10.031970059999999],[76.36200731999999,10.03173255],[76.3606872,10.033233659999999],[76.35984803999999,10.031618159999999],[76.35913848,10.03114989],[76.35711672,10.03103451],[76.35742956,10.032723449999999],[76.35858155999999,10.037043539999999],[76.35920723999999,10.041912089999999],[76.36173264,10.04551029]]]},"properties":{"CEN_2001":"3208000500084700","SUB_DIST":"Kanayannur","TYPE":"Village","STATE":"Kerala","NAME":"Thrikkakara North (Part)","DISTRICT":"Ernakulam"}},
{"type":"Feature","geometry":{"type":"Polygon","coordinates":[[[76.29909516,10.047393809999999],[76.30040736,10.044931409999998],[76.3011702,10.04382324],[76.30188768,10.043428409999999],[76.30262748,10.04342076],[76.30210115999999,10.04225544],[76.30145279999999,10.041110009999999],[76.30120079999999,10.03982733],[76.30377947999999,10.03438755],[76.30438248,10.03160664],[76.30529795999999,10.03085424],[76.30635059999999,10.02942279],[76.30728155999999,10.025827379999999],[76.30918883999999,10.02350808],[76.30982963999999,10.023502319999999],[76.30990596,10.023399359999999],[76.31097408,10.019598929999999],[76.31235504,10.017353069999999],[76.31465148,10.015842419999998],[76.31610875999999,10.0117683],[76.318596,10.010662109999998],[76.31972495999999,10.00747017],[76.32051084,10.00644687],[76.32175428,10.0059624],[76.32312768,10.005678179999999],[76.32372276,10.003438979999999],[76.32529452,10.002882959999999],[76.32666791999999,10.00300599],[76.32824724,10.000690469999999],[76.32949067999999,9.999663389999998],[76.33040616,9.999045359999998],[76.33120715999999,9.99619488],[76.33258812,9.99388125],[76.33430496,9.99129294],[76.33477008,9.989528669999999],[76.3340454,9.989670779999999],[76.33248155999999,9.98941419],[76.33195488,9.990232469999999],[76.33078019999999,9.99118998],[76.32947555999999,9.990930599999999],[76.32811728,9.989048969999999],[76.32786564,9.98708823],[76.32748403999999,9.98546697],[76.32579023999999,9.98460297],[76.3257294,9.98358822],[76.32612612,9.9825687],[76.32711035999999,9.981545489999998],[76.32901763999999,9.979293779999999],[76.33176408,9.978320159999999],[76.33222199999999,9.977503769999998],[76.33118447999999,9.976700789999999],[76.32772811999999,9.97666641],[76.32531755999999,9.976485239999999],[76.32512675999999,9.975403799999999],[76.3252794,9.970664039999999],[76.32359315999999,9.969122879999999],[76.32353988,9.96655086],[76.32270036,9.9660177],[76.32106775999999,9.96589665],[76.32028944,9.96495723],[76.32023616,9.96312996],[76.32076248,9.961567919999998],[76.32279971999999,9.95972157],[76.32469187999999,9.959231339999999],[76.32723996,9.95934204],[76.32939924,9.95851044],[76.33024596,9.957690269999999],[76.33018476,9.95735169],[76.32855972,9.95662305],[76.32849888,9.95540526],[76.32878111999999,9.9545517],[76.32763668,9.954562229999999],[76.3261794,9.954936989999998],[76.32495863999999,9.95446584],[76.3233336,9.95417883],[76.31851212,9.95277024],[76.31689464,9.95207211],[76.31476595999999,9.95209218],[76.31514756,9.95066262],[76.31509392,9.94975659],[76.31111159999999,9.947526929999999],[76.30650324,9.944459909999999],[76.30521408,9.941168789999999],[76.30478676,9.93884085],[76.30517592,9.937282589999999],[76.30493148,9.93585969],[76.30368804,9.93470571],[76.30294031999999,9.93400002],[76.30364232,9.931403159999999],[76.30615979999999,9.92788218],[76.30735788,9.9258633],[76.30668648,9.92392632],[76.30586244,9.921860729999999],[76.30576307999999,9.92160225],[76.30398575999999,9.921480209999999],[76.30399331999999,9.922529249999998],[76.30384824,9.92319012],[76.30326072,9.923400899999999],[76.3019334,9.923456159999999],[76.30106364,9.92344383],[76.30075835999999,9.92379285],[76.30059059999999,9.924854309999999],[76.30004124,9.92718027],[76.29817967999999,9.930816629999999],[76.29588324,9.93597795],[76.2935256,9.941055299999999],[76.29141996,9.945125549999998],[76.29022979999999,9.947778659999999],[76.28845211999999,9.95104404],[76.28746032,9.95283504],[76.2857514,9.956213009999999],[76.2832566,9.96083352],[76.28115095999999,9.96453378],[76.27974696,9.967534109999999],[76.27767191999999,9.971262],[76.2760926,9.97512345],[76.27449023999999,9.97892667],[76.27340699999999,9.981092429999999],[76.27290336,9.98230167],[76.27178952,9.98260884],[76.26955428,9.981609299999999],[76.26837168,9.985247639999999],[76.26702132,9.99154377],[76.26554856,9.99758052],[76.26472487999999,10.00030896],[76.26420576,10.0031643],[76.26412979999999,10.00549701],[76.2635574,10.00744533],[76.26198563999999,10.00998594],[76.25889575999999,10.01480769],[76.25831615999999,10.01818089],[76.25717171999999,10.022077529999999],[76.25632463999999,10.027202579999999],[76.25585952,10.03251933],[76.2558516,10.03459167],[76.25621808,10.03594878],[76.25595095999999,10.03675176],[76.25663748,10.03848741],[76.25719439999999,10.03938867],[76.25831615999999,10.03950783],[76.25981915999999,10.039624199999999],[76.26025403999999,10.03923126],[76.26076524,10.03715325],[76.26184092,10.035524339999998],[76.26309984,10.034152019999999],[76.26322943999999,10.032856019999999],[76.26354984,10.031428349999999],[76.26604463999999,10.031403509999999],[76.27022568,10.03233717],[76.27081283999999,10.0322847],[76.27103423999999,10.032264719999999],[76.27199544,10.02849867],[76.27319351999999,10.02628611],[76.27481856,10.02555846],[76.27682483999999,10.02502152],[76.278015,10.023714989999998],[76.28008283999999,10.02295116],[76.28346252,10.02214242],[76.28531652,10.024586639999999],[76.28892515999999,10.027274129999999],[76.290039,10.028946869999999],[76.28965776,10.031152769999998],[76.28839128,10.034014679999999],[76.28731524,10.03667166],[76.28855148,10.03781223],[76.29174035999999,10.039406759999999],[76.29277787999999,10.040276519999999],[76.29283152,10.042510049999999],[76.29302231999999,10.04365917],[76.2943878,10.045067759999998],[76.29549408,10.045666709999999],[76.29574572,10.04640867],[76.29692075999999,10.04693886],[76.29909516,10.047393809999999]]]},"properties":{"CEN_2001":"3208000540819000","SUB_DIST":"Kanayannur","TYPE":"Town","STATE":"Kerala","NAME":"Kochi (M Corp.+OG) (Part)","DISTRICT":"Ernakulam"}},
{"type":"Feature","geometry":{"type":"Polygon","coordinates":[[[76.35711672,10.03103451],[76.35913848,10.03114989],[76.35984803999999,10.031618159999999],[76.3606872,10.033233659999999],[76.36200731999999,10.03173255],[76.36565411999999,10.031970059999999],[76.36624128,10.03297995],[76.3671492,10.0329714],[76.36760711999999,10.033643699999999],[76.36885056,10.032345809999999],[76.36976639999999,10.0328121],[76.37100984,10.031107859999999],[76.37199408,10.03028679],[76.37329872,10.03108689],[76.37374872,10.03176018],[76.37400828,10.031892749999999],[76.3744734,10.03060242],[76.37525928,10.03039173],[76.37596884,10.031806979999999],[76.37622839999999,10.03200723],[76.37779223999999,10.03178979],[76.37812056,10.03178691],[76.37999724,10.031941439999999],[76.3795548,10.030380209999999],[76.38084395999999,10.028819069999999],[76.38072192,10.02866553],[76.38056927999999,10.02832029],[76.38046272,10.02766419],[76.38060743999999,10.026741959999999],[76.38059987999999,10.026281339999999],[76.38038639999999,10.0257759],[76.37992091999999,10.02476025],[76.37970743999999,10.024152749999999],[76.37953175999999,10.023230519999998],[76.37931827999999,10.021999319999999],[76.37918076,10.02128598],[76.37918076,10.02036573],[76.37922684,10.01984787],[76.37931827999999,10.01932911],[76.37954724,10.01893329],[76.37956992,10.01874636],[76.37953175999999,10.01852226],[76.37934888,10.018197989999999],[76.3793334,10.017995849999998],[76.37915808,10.01734164],[76.37904359999999,10.017088919999999],[76.37883767999999,10.016895329999999],[76.37827284,10.01658537],[76.37786856,10.01631069],[76.37735735999999,10.01578518],[76.37621292,10.014303239999998],[76.37564087999999,10.01361843],[76.37473295999999,10.01299761],[76.373352,10.011987719999999],[76.37284079999999,10.011397319999999],[76.37278751999999,10.011152249999999],[76.37276448,10.01086425],[76.37284079999999,10.010539979999999],[76.37304671999999,10.01025864],[76.37348951999999,10.00992771],[76.37406156,10.009674089999999],[76.37432867999999,10.00944324],[76.37451947999999,10.00912572],[76.37457275999999,10.008802439999998],[76.37451947999999,10.008370439999998],[76.37439744,10.008082349999999],[76.37435928,10.008049049999999],[76.37422932,10.007945099999999],[76.37387831999999,10.00782207],[76.37319936,10.007679959999999],[76.37214671999999,10.00739862],[76.37110883999999,10.006979939999999],[76.37023907999999,10.006568909999999],[76.36975092,10.00631718],[76.36939235999999,10.00588509],[76.36912523999999,10.00553796],[76.36894235999999,10.0050201],[76.36893479999999,10.004976269999998],[76.36904892,10.004609069999999],[76.36905684,10.004305859999999],[76.36894235999999,10.00393866],[76.36849199999999,10.00329021],[76.36788179999999,10.002605399999998],[76.36747752,10.00205037],[76.36740119999999,10.001719439999999],[76.36735548,10.00140192],[76.36765283999999,10.00032237],[76.36784363999999,9.99995418],[76.36800384,9.99927612],[76.36793508,9.9974241],[76.36784363999999,9.996753689999998],[76.36748508,9.99595548],[76.36724856,9.995413769999999],[76.36689,9.994895009999999],[76.36633307999999,9.9941769],[76.36611923999999,9.9940023],[76.36603536,9.993956579999999],[76.36593635999999,9.993949919999999],[76.36578372,9.993956579999999],[76.36559292,9.99401571],[76.3654176,9.99409959],[76.36499784,9.99458505],[76.36473072,9.994872059999999],[76.36441787999999,9.995081939999999],[76.3641432,9.99518679],[76.36383828,9.9952011],[76.36354811999999,9.99515916],[76.36289219999999,9.99482535],[76.36189284,9.99429228],[76.36149612,9.99399753],[76.36119083999999,9.993465449999999],[76.36107636,9.99298863],[76.36102308,9.99270153],[76.36112963999999,9.99202158],[76.36116779999999,9.991773629999999],[76.36116023999999,9.991473209999999],[76.36093127999999,9.99118611],[76.36043556,9.990884789999999],[76.36011515999999,9.990392669999999],[76.36003884,9.990042659999999],[76.35897827999999,9.98994735],[76.35714732,9.99030303],[76.35537719999999,9.99140166],[76.35440052,9.991344419999999],[76.35303504,9.99067878],[76.34983824,9.990912419999999],[76.34892276,9.9902439],[76.34762568,9.989105219999999],[76.34686284,9.986268959999999],[76.34506212,9.98100567],[76.34370419999999,9.97936056],[76.34304035999999,9.979096409999999],[76.3418808,9.97863291],[76.33894355999999,9.978457409999999],[76.33802808,9.978939089999999],[76.33795176,9.980360999999998],[76.33798992,9.984761279999999],[76.3377228,9.98652267],[76.33627308,9.98883819],[76.33477008,9.989528669999999],[76.33430496,9.99129294],[76.33258812,9.99388125],[76.33120715999999,9.99619488],[76.33040616,9.999045359999998],[76.32949067999999,9.999663389999998],[76.32824724,10.000690469999999],[76.32666791999999,10.00300599],[76.32529452,10.002882959999999],[76.32372276,10.003438979999999],[76.32312768,10.005678179999999],[76.32175428,10.0059624],[76.32051084,10.00644687],[76.31972495999999,10.00747017],[76.318596,10.010662109999998],[76.31610875999999,10.0117683],[76.31465148,10.015842419999998],[76.31235504,10.017353069999999],[76.31097408,10.019598929999999],[76.30990596,10.023399359999999],[76.30982963999999,10.023502319999999],[76.31153855999999,10.02348612],[76.31381988,10.02359961],[76.31545247999999,10.02460005],[76.3181838,10.0254555],[76.32084671999999,10.02752874],[76.32429515999999,10.029933],[76.32604979999999,10.030459409999999],[76.32801072,10.03071114],[76.32904823999999,10.03144644],[76.33002456,10.0314369],[76.33153548,10.030407929999999],[76.33354931999999,10.03221702],[76.33348092,10.03275873],[76.33203875999999,10.03392315],[76.33203119999999,10.03534416],[76.33527371999999,10.03842828],[76.33651716,10.0385523],[76.33853927999999,10.037788379999999],[76.34134691999999,10.037356379999999],[76.34304791999999,10.03686714],[76.34429928,10.035500489999999],[76.34653488,10.03270626],[76.34941848,10.030106519999999],[76.35040271999999,10.029082319999999],[76.35066984,10.02786066],[76.35172284,10.02629475],[76.3532334,10.024317719999999],[76.35388932,10.02437973],[76.35589596,10.02686499],[76.35653676,10.02963546],[76.35711672,10.03103451]]]},"properties":{"CEN_2001":"3208000540818000","SUB_DIST":"Kanayannur","TYPE":"Town","STATE":"Kerala","NAME":"Vazhakkala","DISTRICT":"Ernakulam"}},
{"type":"Feature","geometry":{"type":"Polygon","coordinates":[[[76.24320227999999,10.03489686],[76.24810799999999,10.03468041],[76.25053403999999,10.035822869999999],[76.25228111999999,10.03645512],[76.25396735999999,10.03592106],[76.25496672,10.036041299999999],[76.25589767999999,10.03661541],[76.25595095999999,10.03675176],[76.25621808,10.03594878],[76.2558516,10.03459167],[76.25585952,10.03251933],[76.25632463999999,10.027202579999999],[76.25717171999999,10.022077529999999],[76.25831615999999,10.01818089],[76.25889575999999,10.01480769],[76.26198563999999,10.00998594],[76.2635574,10.00744533],[76.26412979999999,10.00549701],[76.26420576,10.0031643],[76.26472487999999,10.00030896],[76.26554856,9.99758052],[76.26702132,9.99154377],[76.26837168,9.985247639999999],[76.26955428,9.981609299999999],[76.26805128,9.98093889],[76.2650604,9.97959708],[76.260132,9.977292089999999],[76.25891879999999,9.97665786],[76.25845332,9.97640991],[76.25830067999999,9.97658442],[76.25843064,9.9769545],[76.25962836,9.978530849999999],[76.26124584,9.980957069999999],[76.26132215999999,9.98167041],[76.26120768,9.982273139999998],[76.26078036,9.982709909999999],[76.26072708,9.983310659999999],[76.260582,9.98388576],[76.26037608,9.98431875],[76.25975795999999,9.98464491],[76.25913227999999,9.98437122],[76.25760659999999,9.983715029999999],[76.2562332,9.98282718],[76.25519568,9.98176095],[76.25406636,9.98064045],[76.25359332,9.9802494],[76.25309759999999,9.980286569999999],[76.25209032,9.98107911],[76.24978632,9.98406792],[76.24680336,9.98765946],[76.24500264,9.98982333],[76.24210355999999,9.99472617],[76.24205028,9.99542142],[76.2426378,9.99598977],[76.24309536,9.997220969999999],[76.24316411999999,9.99860481],[76.24267596,9.999776879999999],[76.24262232,10.00089459],[76.24220292,10.003583879999999],[76.24185947999999,10.004573789999998],[76.240944,10.00644588],[76.24085219999999,10.00660608],[76.23976895999999,10.008435239999999],[76.23932651999999,10.00939275],[76.2387696,10.01092338],[76.23856368,10.013116859999998],[76.23885347999999,10.01601603],[76.23914328,10.01936052],[76.23959364,10.02016827],[76.24025712,10.02238938],[76.24069992,10.025597609999998],[76.24086012,10.028163869999998],[76.24109664,10.02923199],[76.24198908,10.030644449999999],[76.24272923999999,10.03141215],[76.24288188,10.032078779999999],[76.24283616,10.0321245],[76.24307268,10.03293225],[76.24320227999999,10.03489686]]]},"properties":{"CEN_2001":"3208000540814000","SUB_DIST":"Kanayannur","TYPE":"Town","STATE":"Kerala","NAME":"Mulavukad","DISTRICT":"Ernakulam"}},
{"type":"Feature","geometry":{"type":"Polygon","coordinates":[[[76.38084395999999,10.028819069999999],[76.38094332,10.02894021],[76.38114924,10.029054599999998],[76.38155352,10.029029849999999],[76.38226308,10.02880188],[76.3825914,10.028786669999999],[76.38279732,10.028786669999999],[76.38311772,10.028864879999999],[76.38338483999999,10.02898404],[76.38403319999999,10.02952197],[76.38442235999999,10.02995208],[76.38484967999999,10.03026195],[76.385025,10.0303974],[76.38557435999999,10.030590989999999],[76.38570396,10.03063293],[76.38626088,10.03117563],[76.38691716,10.03192047],[76.38720696,10.0320282],[76.38746651999999,10.032019649999999],[76.3877412,10.03193568],[76.38815303999999,10.031587559999998],[76.38848892,10.0310373],[76.38874055999999,10.03077027],[76.38893136,10.03071114],[76.389084,10.03073598],[76.39048763999999,10.03117086],[76.39140311999999,10.03160574],[76.39158635999999,10.03160574],[76.39277652,10.031396849999998],[76.39299792,10.03128147],[76.39319628,10.03102974],[76.39344036,10.030620599999999],[76.39358508,10.03054617],[76.39382952,10.03052898],[76.39448544,10.03057101],[76.39482887999999,10.03052898],[76.39561476,10.030328729999999],[76.39579008,10.030328729999999],[76.39590455999999,10.030381199999999],[76.39629371999999,10.03060629],[76.39639272,10.03061007],[76.39684308,10.030454639999999],[76.39704144,10.030346909999999],[76.39724736,10.030213349999999],[76.39734636,10.03019526],[76.39746084,10.03020759],[76.39774308,10.03036401],[76.39784243999999,10.030346909999999],[76.39782731999999,10.030396499999998],[76.39800264,10.03104306],[76.39804835999999,10.03117086],[76.39819344,10.031376869999999],[76.39852896,10.031751629999999],[76.39887239999999,10.032045389999999],[76.39899444,10.032185519999999],[76.39907076,10.03235724],[76.3991928,10.03259754],[76.39929971999999,10.03262238],[76.39974971999999,10.032645239999999],[76.40036784,10.032537419999999],[76.40071884,10.032476399999998],[76.40128331999999,10.03251456],[76.40156556,10.032534629999999],[76.40185536,10.03252032],[76.40198532,10.03251744],[76.40212247999999,10.03254507],[76.40222184,10.032609959999998],[76.40241228,10.032752969999999],[76.40259551999999,10.032936119999999],[76.40271756,10.033068689999999],[76.4028396,10.033129709999999],[76.4029008,10.033102979999999],[76.40307612,10.032771149999999],[76.40316756,10.032533639999999],[76.40319815999999,10.03235436],[76.4031294,10.031865119999999],[76.40302283999999,10.03143501],[76.40303039999999,10.031343479999999],[76.40307612,10.03125474],[76.40317547999999,10.03119372],[76.40321363999999,10.030670189999999],[76.40325179999999,10.030615829999999],[76.40344223999999,10.0305729],[76.40356428,10.030561469999999],[76.40412912,10.03057767],[76.40435808,10.03055283],[76.40475479999999,10.03050423],[76.40490708,10.03065966],[76.40514359999999,10.030831379999999],[76.4052354,10.030891409999999],[76.40525052,10.030940999999999],[76.40525052,10.031000129999999],[76.40521992,10.031104079999999],[76.4052354,10.031185169999999],[76.40531172,10.031346359999999],[76.4053344,10.03143879],[76.40532684,10.031512229999999],[76.40534987999999,10.031561819999999],[76.40541827999999,10.031591429999999],[76.40554032,10.031615279999999],[76.40583803999999,10.03160286],[76.40593704,10.031621939999999],[76.4063262,10.03173921],[76.40669267999999,10.031809769999999],[76.40686043999999,10.031826059999998],[76.40703576,10.031887979999999],[76.40749367999999,10.03198716],[76.40792855999999,10.032046289999998],[76.40814204,10.032134039999999],[76.40859239999999,10.032340049999998],[76.40867628,10.03239342],[76.40892036,10.03267674],[76.40926343999999,10.03292082],[76.40956872,10.03302954],[76.4097444,10.03307823],[76.40991971999999,10.03318695],[76.41011051999999,10.03329756],[76.41045396,10.033316639999999],[76.4107056,10.0333557],[76.41087336,10.03343103],[76.41106416,10.03352355],[76.41110988,10.033535969999999],[76.41114048,10.03352067],[76.41114048,10.03346064],[76.41114804,10.033400519999999],[76.41117863999999,10.03335282],[76.41120131999999,10.033341389999999],[76.41126252,10.03332618],[76.41143783999999,10.033287029999999],[76.41151416,10.033287029999999],[76.41159804,10.03330233],[76.41165923999999,10.033344269999999],[76.41188063999999,10.033451999999999],[76.41196452,10.03344345],[76.41204083999999,10.033394849999999],[76.41217044,10.033337609999998],[76.41229247999999,10.033313759999999],[76.41236124,10.033310879999998],[76.41246023999999,10.03325652],[76.41254411999999,10.033239329999999],[76.41259776,10.033239329999999],[76.4126586,10.03325652],[76.41285696,10.03338432],[76.41288,10.03340916],[76.41288755999999,10.03344156],[76.41288,10.03349304],[76.41288,10.03357701],[76.41288,10.03362273],[76.41289511999999,10.03364946],[76.41293327999999,10.03367898],[76.41298692,10.03370094],[76.41307836,10.03371147],[76.41316223999999,10.033698059999999],[76.41317735999999,10.03368852],[76.41332999999999,10.033642799999999],[76.41339119999999,10.033637039999999],[76.41342936,10.03365801],[76.41346752,10.033687619999998],[76.41355139999999,10.033856369999999],[76.41361223999999,10.03405194],[76.4136504,10.03408434],[76.41369612,10.03408722],[76.41376487999999,10.03408245],[76.41422279999999,10.03388787],[76.41425339999999,10.03386024],[76.41427608,10.03378491],[76.41433728,10.0335474],[76.41437544,10.03349781],[76.41442871999999,10.03346154],[76.41452016,10.033424369999999],[76.41476424,10.033399619999999],[76.41482544,10.033367129999998],[76.41483299999999,10.033317539999999],[76.41477216,10.03314969],[76.41477216,10.03308102],[76.41481032,10.033015229999998],[76.41503892,10.032800669999999],[76.41506951999999,10.03251456],[76.41511523999999,10.03244589],[76.4152146,10.03238298],[76.41535932,10.032317189999999],[76.41539748,10.0323315],[76.41549683999999,10.032402059999999],[76.41555804,10.032402059999999],[76.41560376,10.03238586],[76.41569519999999,10.03225419],[76.41580212,10.0321722],[76.41596231999999,10.0320921],[76.41609192,10.03208067],[76.41622152,10.03212162],[76.41631332,10.032130259999999],[76.41636659999999,10.032102539999999],[76.41638171999999,10.032051059999999],[76.41638963999999,10.03181931],[76.41639719999999,10.031782139999999],[76.41643536,10.03176495],[76.41650376,10.031749739999999],[76.41667188,10.031719229999998],[76.41674028,10.03170303],[76.41680903999999,10.031669639999999],[76.41684719999999,10.03163436],[76.41688536,10.031584769999998],[76.41699983999999,10.03139118],[76.41704555999999,10.031376869999999],[76.41717516,10.0313559],[76.41721331999999,10.03133484],[76.41723635999999,10.03130532],[76.41727451999999,10.03125285],[76.4172972,10.03122423],[76.41733536,10.03121856],[76.41736596,10.03122522],[76.417389,10.03124808],[76.41747287999999,10.031373989999999],[76.41751104,10.031395949999999],[76.4175492,10.031396849999998],[76.41759492,10.03138443],[76.41762551999999,10.03135491],[76.41764819999999,10.03131009],[76.41771695999999,10.031129819999999],[76.41773208,10.031106959999999],[76.41775512,10.031106959999999],[76.417839,10.031148],[76.41790019999999,10.03114701],[76.41793043999999,10.03112694],[76.41793836,10.03112127],[76.4179686,10.03109643],[76.41806795999999,10.03089618],[76.41815184,10.030672079999999],[76.41818244,10.03062915],[76.41823572,10.030597649999999],[76.41832715999999,10.030565249999999],[76.4184114,10.03054617],[76.41848771999999,10.030536629999999],[76.41852551999999,10.030540499999999],[76.41860184,10.030566239999999],[76.4186706,10.03060629],[76.41871631999999,10.030615829999999],[76.41874691999999,10.03061106],[76.4188308,10.03055094],[76.41886896,10.03052997],[76.41889956,10.03052997],[76.41892259999999,10.03054716],[76.41896831999999,10.03064058],[76.41900648,10.03066542],[76.4190828,10.03065966],[76.41910548,10.03065966],[76.41922751999999,10.03069116],[76.41928116,10.03071591],[76.41944136,10.03087332],[76.41949464,10.03090572],[76.41962423999999,10.030915259999999],[76.42008971999999,10.030887629999999],[76.42029563999999,10.03087143],[76.4203338,10.03087809],[76.42045583999999,10.030942889999999],[76.42051704,10.030971509999999],[76.42057788,10.03098492],[76.42063152,10.030974389999999],[76.42066967999999,10.03096008],[76.42073807999999,10.03093434],[76.42079928,10.03092579],[76.42083744,10.030940999999999],[76.42092131999999,10.030974389999999],[76.42111967999999,10.03106403],[76.42124172,10.03109265],[76.4213868,10.031129819999999],[76.42171476,10.03112217],[76.42179863999999,10.03116609],[76.42184436,10.03117563],[76.42192068,10.03117563],[76.42254636,10.03122135],[76.42284407999999,10.03128147],[76.42295064,10.0312767],[76.42304999999999,10.031264279999998],[76.42310327999999,10.03122333],[76.42314144,10.031183279999999],[76.42334736,10.031212799999999],[76.42353059999999,10.031209019999999],[76.42363752,10.031185169999999],[76.42365264,10.03117941],[76.42324835999999,10.03085613],[76.42279044,10.02953241],[76.42252332,10.02631473],[76.42324079999999,10.024423559999999],[76.4235612,10.02202704],[76.42335528,10.01887416],[76.42498787999999,10.0181799],[76.42864223999999,10.017169919999999],[76.42922976,10.01634975],[76.42919916,10.01634408],[76.42738331999999,10.01594637],[76.426857,10.01537892],[76.42607111999999,10.01367756],[76.42476647999999,10.01342583],[76.42280591999999,10.01191428],[76.42064664,10.01128383],[76.42012788,10.010590559999999],[76.42024991999999,10.00857546],[76.42019664,10.005360569999999],[76.4201736,10.004225759999999],[76.41912852,10.002714119999998],[76.4172972,10.00164321],[76.4154054,10.00183203],[76.41494748,10.00094985],[76.41500868,9.999941849999999],[76.41487871999999,9.99912258],[76.41291815999999,9.99761103],[76.41180431999999,9.996034589999999],[76.409973,9.9951534],[76.40801244,9.9930744],[76.40631108,9.99212931],[76.40612028,9.993012389999999],[76.40586108,9.99383067],[76.40429687999999,9.99383067],[76.40240471999999,9.994524929999999],[76.40116128,9.993894569999998],[76.39972703999999,9.9943371],[76.39822403999999,9.99471474],[76.39640028,9.995220179999999],[76.39437851999999,9.995976449999999],[76.39274592,9.995977439999999],[76.39019784,9.996355079999999],[76.38843528,9.997112249999999],[76.38629148,9.998373059999999],[76.3851852,10.00039005],[76.38446807999999,10.00316331],[76.38310224,10.00461294],[76.37977584,10.006063469999999],[76.37795244,10.00612737],[76.37677776,10.00707246],[76.37593068,10.00763991],[76.37435928,10.008049049999999],[76.37439744,10.008082349999999],[76.37451947999999,10.008370439999998],[76.37457275999999,10.008802439999998],[76.37451947999999,10.00912572],[76.37432867999999,10.00944324],[76.37406156,10.009674089999999],[76.37348951999999,10.00992771],[76.37304671999999,10.01025864],[76.37284079999999,10.010539979999999],[76.37276448,10.01086425],[76.37278751999999,10.011152249999999],[76.37284079999999,10.011397319999999],[76.373352,10.011987719999999],[76.37473295999999,10.01299761],[76.37564087999999,10.01361843],[76.37621292,10.014303239999998],[76.37735735999999,10.01578518],[76.37786856,10.01631069],[76.37827284,10.01658537],[76.37883767999999,10.016895329999999],[76.37904359999999,10.017088919999999],[76.37915808,10.01734164],[76.3793334,10.017995849999998],[76.37934888,10.018197989999999],[76.37953175999999,10.01852226],[76.37956992,10.01874636],[76.37954724,10.01893329],[76.37931827999999,10.01932911],[76.37922684,10.01984787],[76.37918076,10.02036573],[76.37918076,10.02128598],[76.37931827999999,10.021999319999999],[76.37953175999999,10.023230519999998],[76.37970743999999,10.024152749999999],[76.37992091999999,10.02476025],[76.38038639999999,10.0257759],[76.38059987999999,10.026281339999999],[76.38060743999999,10.026741959999999],[76.38046272,10.02766419],[76.38056927999999,10.02832029],[76.38072192,10.02866553],[76.38084395999999,10.028819069999999]]]},"properties":{"CEN_2001":"3208000100081300","SUB_DIST":"Kunnathunad","TYPE":"Village","STATE":"Kerala","NAME":"Kunnathunad","DISTRICT":"Ernakulam"}}
]}
